split,regime,task,seed,episodes,success_rate,causal_mechanism_recall,spurious_dependence_rate,tail_failure_rate,damage_rate,selection_cost,calibration_error,ablation,interpretation
combined_stress,iid_mechanisms,contact_grasp_policy,0,84,0.678571,0.644250,0.117889,0.067654,0.038726,0.221136,0.066622,full_causal_selector,all components
combined_stress,iid_mechanisms,contact_grasp_policy,1,84,0.773810,0.645018,0.118477,0.065211,0.037079,0.220560,0.067012,full_causal_selector,all components
combined_stress,iid_mechanisms,contact_grasp_policy,2,84,0.666667,0.645786,0.119065,0.068839,0.039844,0.222007,0.067401,full_causal_selector,all components
combined_stress,iid_mechanisms,contact_grasp_policy,3,84,0.809524,0.646554,0.119653,0.064968,0.037159,0.220954,0.067790,full_causal_selector,all components
combined_stress,iid_mechanisms,contact_grasp_policy,4,84,0.785714,0.647322,0.120241,0.066096,0.038108,0.213564,0.068180,full_causal_selector,all components
combined_stress,iid_mechanisms,contact_grasp_policy,5,84,0.690476,0.648090,0.120829,0.069368,0.040614,0.214893,0.068569,full_causal_selector,all components
combined_stress,iid_mechanisms,contact_grasp_policy,6,84,0.761905,0.648858,0.121417,0.059635,0.039006,0.214555,0.068959,full_causal_selector,all components
combined_stress,iid_mechanisms,peg_search_policy,0,84,0.738095,0.621158,0.114742,0.061211,0.037847,0.215918,0.068539,full_causal_selector,all components
combined_stress,iid_mechanisms,peg_search_policy,1,84,0.690476,0.621902,0.115312,0.063041,0.039301,0.216758,0.068916,full_causal_selector,all components
combined_stress,iid_mechanisms,peg_search_policy,2,84,0.642857,0.622646,0.115882,0.064871,0.040755,0.217599,0.069293,full_causal_selector,all components
combined_stress,iid_mechanisms,peg_search_policy,3,84,0.726190,0.623390,0.116452,0.062772,0.039354,0.217129,0.069670,full_causal_selector,all components
combined_stress,iid_mechanisms,peg_search_policy,4,84,0.678571,0.624134,0.117022,0.064601,0.040808,0.217970,0.070047,full_causal_selector,all components
combined_stress,iid_mechanisms,peg_search_policy,5,84,0.726190,0.624878,0.117592,0.063574,0.040186,0.217857,0.070425,full_causal_selector,all components
combined_stress,iid_mechanisms,peg_search_policy,6,84,0.702381,0.625622,0.118162,0.064689,0.041121,0.218459,0.070802,full_causal_selector,all components
combined_stress,iid_mechanisms,deformable_pull_policy,0,84,0.678571,0.663735,0.115907,0.062861,0.043285,0.216673,0.070970,full_causal_selector,all components
combined_stress,iid_mechanisms,deformable_pull_policy,1,84,0.619048,0.664519,0.116507,0.065070,0.045021,0.217652,0.071368,full_causal_selector,all components
combined_stress,iid_mechanisms,deformable_pull_policy,2,84,0.607143,0.665303,0.117107,0.065850,0.045719,0.218156,0.071765,full_causal_selector,all components
combined_stress,iid_mechanisms,deformable_pull_policy,3,84,0.654762,0.650079,0.117707,0.064844,0.045119,0.218063,0.064159,full_causal_selector,all components
combined_stress,iid_mechanisms,deformable_pull_policy,4,84,0.726190,0.650863,0.118307,0.063124,0.044000,0.217733,0.064557,full_causal_selector,all components
combined_stress,iid_mechanisms,deformable_pull_policy,5,84,0.654762,0.651647,0.118907,0.065690,0.045996,0.218831,0.064954,full_causal_selector,all components
combined_stress,iid_mechanisms,deformable_pull_policy,6,84,0.654762,0.652431,0.119507,0.066113,0.038430,0.219215,0.065352,full_causal_selector,all components
combined_stress,iid_mechanisms,mobile_place_policy,0,84,0.726190,0.645431,0.122885,0.064190,0.042265,0.218222,0.071689,full_causal_selector,all components
combined_stress,iid_mechanisms,mobile_place_policy,1,84,0.642857,0.646191,0.111461,0.066319,0.044039,0.219428,0.063879,full_causal_selector,all components
combined_stress,iid_mechanisms,mobile_place_policy,2,84,0.714286,0.646951,0.112043,0.064586,0.042907,0.219085,0.064264,full_causal_selector,all components
combined_stress,iid_mechanisms,mobile_place_policy,3,84,0.690476,0.647711,0.112625,0.065710,0.043851,0.219695,0.064649,full_causal_selector,all components
combined_stress,iid_mechanisms,mobile_place_policy,4,84,0.630952,0.632463,0.113207,0.067906,0.045574,0.220663,0.065035,full_causal_selector,all components
combined_stress,iid_mechanisms,mobile_place_policy,5,84,0.654762,0.633223,0.113789,0.067601,0.045479,0.220797,0.065420,full_causal_selector,all components
combined_stress,iid_mechanisms,mobile_place_policy,6,84,0.750000,0.633983,0.114371,0.065154,0.043828,0.220216,0.065805,full_causal_selector,all components
combined_stress,iid_mechanisms,force_limited_twist_policy,0,84,0.785714,0.645951,0.111479,0.065287,0.042665,0.213433,0.070511,full_causal_selector,all components
combined_stress,iid_mechanisms,force_limited_twist_policy,1,84,0.678571,0.646767,0.112103,0.068942,0.045457,0.214904,0.070925,full_causal_selector,all components
combined_stress,iid_mechanisms,force_limited_twist_policy,2,84,0.690476,0.647583,0.112727,0.061021,0.037169,0.215185,0.071339,full_causal_selector,all components
combined_stress,iid_mechanisms,force_limited_twist_policy,3,84,0.726190,0.648399,0.113351,0.060390,0.036847,0.215228,0.071753,full_causal_selector,all components
combined_stress,iid_mechanisms,force_limited_twist_policy,4,84,0.702381,0.649215,0.113975,0.061545,0.037822,0.215866,0.064163,full_causal_selector,all components
combined_stress,iid_mechanisms,force_limited_twist_policy,5,84,0.726190,0.650031,0.114599,0.061271,0.037759,0.216028,0.064577,full_causal_selector,all components
combined_stress,iid_mechanisms,force_limited_twist_policy,6,84,0.678571,0.650847,0.115223,0.063140,0.039254,0.216904,0.064991,full_causal_selector,all components
combined_stress,color_mechanism_confound,contact_grasp_policy,0,84,0.809524,0.637237,0.126729,0.069454,0.036308,0.221277,0.073068,full_causal_selector,all components
combined_stress,color_mechanism_confound,contact_grasp_policy,1,84,0.619048,0.638085,0.127377,0.075626,0.040935,0.223598,0.073498,full_causal_selector,all components
combined_stress,color_mechanism_confound,contact_grasp_policy,2,84,0.726190,0.638933,0.128025,0.072870,0.039073,0.222942,0.073928,full_causal_selector,all components
combined_stress,color_mechanism_confound,contact_grasp_policy,3,84,0.761905,0.639781,0.128673,0.072257,0.038769,0.223001,0.074359,full_causal_selector,all components
combined_stress,color_mechanism_confound,contact_grasp_policy,4,84,0.726190,0.640629,0.129321,0.073786,0.040022,0.223774,0.066785,full_causal_selector,all components
combined_stress,color_mechanism_confound,contact_grasp_policy,5,84,0.666667,0.641477,0.129969,0.076030,0.041793,0.216781,0.067215,full_causal_selector,all components
combined_stress,color_mechanism_confound,contact_grasp_policy,6,84,0.690476,0.642325,0.130617,0.075774,0.041748,0.216959,0.067646,full_causal_selector,all components
combined_stress,color_mechanism_confound,peg_search_policy,0,84,0.630952,0.618721,0.127015,0.072665,0.043178,0.220728,0.069323,full_causal_selector,all components
combined_stress,color_mechanism_confound,peg_search_policy,1,84,0.738095,0.619545,0.127645,0.069896,0.041303,0.220061,0.069741,full_causal_selector,all components
combined_stress,color_mechanism_confound,peg_search_policy,2,84,0.726190,0.620369,0.128275,0.070698,0.042024,0.220584,0.070159,full_causal_selector,all components
combined_stress,color_mechanism_confound,peg_search_policy,3,84,0.797619,0.621193,0.128905,0.069000,0.040927,0.220273,0.070578,full_causal_selector,all components
combined_stress,color_mechanism_confound,peg_search_policy,4,84,0.619048,0.622017,0.129535,0.074802,0.045281,0.222463,0.070996,full_causal_selector,all components
combined_stress,color_mechanism_confound,peg_search_policy,5,84,0.714286,0.622841,0.130165,0.072390,0.043665,0.221915,0.071414,full_causal_selector,all components
combined_stress,color_mechanism_confound,peg_search_policy,6,84,0.750000,0.623665,0.130795,0.071764,0.043348,0.221962,0.071832,full_causal_selector,all components
combined_stress,color_mechanism_confound,deformable_pull_policy,0,84,0.714286,0.656474,0.124561,0.067382,0.042805,0.217642,0.069285,full_causal_selector,all components
combined_stress,color_mechanism_confound,deformable_pull_policy,1,84,0.690476,0.657338,0.125221,0.068563,0.043807,0.218305,0.069723,full_causal_selector,all components
combined_stress,color_mechanism_confound,deformable_pull_policy,2,84,0.654762,0.658202,0.125881,0.070101,0.045069,0.219086,0.070162,full_causal_selector,all components
combined_stress,color_mechanism_confound,deformable_pull_policy,3,84,0.559524,0.643058,0.126541,0.073425,0.047628,0.220462,0.070600,full_causal_selector,all components
combined_stress,color_mechanism_confound,deformable_pull_policy,4,84,0.666667,0.643922,0.127201,0.070678,0.045775,0.219815,0.071039,full_causal_selector,all components
combined_stress,color_mechanism_confound,deformable_pull_policy,5,84,0.666667,0.644786,0.127861,0.071145,0.046259,0.220239,0.071477,full_causal_selector,all components
combined_stress,color_mechanism_confound,deformable_pull_policy,6,84,0.702381,0.645650,0.128521,0.070540,0.037959,0.220306,0.071916,full_causal_selector,all components
combined_stress,color_mechanism_confound,mobile_place_policy,0,84,0.607143,0.627218,0.123325,0.075348,0.047518,0.223267,0.072400,full_causal_selector,all components
combined_stress,color_mechanism_confound,mobile_place_policy,1,84,0.678571,0.628058,0.123967,0.073659,0.038427,0.222965,0.072827,full_causal_selector,all components
combined_stress,color_mechanism_confound,mobile_place_policy,2,84,0.654762,0.628898,0.124609,0.074827,0.039416,0.223615,0.073253,full_causal_selector,all components
combined_stress,color_mechanism_confound,mobile_place_policy,3,84,0.714286,0.629738,0.125251,0.073495,0.038588,0.223432,0.073679,full_causal_selector,all components
combined_stress,color_mechanism_confound,mobile_place_policy,4,84,0.619048,0.630578,0.125893,0.076806,0.041134,0.224796,0.074105,full_causal_selector,all components
combined_stress,color_mechanism_confound,mobile_place_policy,5,84,0.702381,0.631418,0.126535,0.074759,0.039787,0.216371,0.074532,full_causal_selector,all components
combined_stress,color_mechanism_confound,mobile_place_policy,6,84,0.630952,0.632258,0.127177,0.077356,0.041813,0.217497,0.066954,full_causal_selector,all components
combined_stress,color_mechanism_confound,force_limited_twist_policy,0,84,0.714286,0.642754,0.123181,0.067248,0.038309,0.217506,0.070906,full_causal_selector,all components
combined_stress,color_mechanism_confound,force_limited_twist_policy,1,84,0.773810,0.643650,0.123865,0.065947,0.037512,0.217350,0.071361,full_causal_selector,all components
combined_stress,color_mechanism_confound,force_limited_twist_policy,2,84,0.773810,0.644546,0.124549,0.066431,0.038013,0.217790,0.071816,full_causal_selector,all components
combined_stress,color_mechanism_confound,force_limited_twist_policy,3,84,0.726190,0.645442,0.125233,0.068344,0.039552,0.218707,0.072271,full_causal_selector,all components
combined_stress,color_mechanism_confound,force_limited_twist_policy,4,84,0.726190,0.646338,0.125917,0.068829,0.040053,0.219147,0.072726,full_causal_selector,all components
combined_stress,color_mechanism_confound,force_limited_twist_policy,5,84,0.714286,0.647234,0.126601,0.069670,0.040814,0.219706,0.073181,full_causal_selector,all components
combined_stress,color_mechanism_confound,force_limited_twist_policy,6,84,0.571429,0.648130,0.127285,0.074441,0.044429,0.221574,0.073636,full_causal_selector,all components
combined_stress,material_shift,contact_grasp_policy,0,84,0.642857,0.641975,0.133641,0.072199,0.043488,0.219713,0.073938,full_causal_selector,all components
combined_stress,material_shift,contact_grasp_policy,1,84,0.714286,0.642743,0.122223,0.069690,0.041893,0.219375,0.074136,full_causal_selector,all components
combined_stress,material_shift,contact_grasp_policy,2,84,0.690476,0.643511,0.122811,0.070818,0.042842,0.219989,0.074525,full_causal_selector,all components
combined_stress,material_shift,contact_grasp_policy,3,84,0.702381,0.644279,0.123399,0.070875,0.043012,0.220246,0.074914,full_causal_selector,all components
combined_stress,material_shift,contact_grasp_policy,4,84,0.702381,0.645047,0.123987,0.071290,0.043441,0.220622,0.075304,full_causal_selector,all components
combined_stress,material_shift,contact_grasp_policy,5,84,0.666667,0.645815,0.124575,0.072775,0.044649,0.221355,0.075693,full_causal_selector,all components
combined_stress,material_shift,contact_grasp_policy,6,84,0.619048,0.646583,0.125163,0.074618,0.046117,0.222207,0.068079,full_causal_selector,all components
combined_stress,material_shift,peg_search_policy,0,84,0.654762,0.618884,0.130495,0.075189,0.044127,0.222976,0.067851,full_causal_selector,all components
combined_stress,material_shift,peg_search_policy,1,84,0.630952,0.619628,0.131065,0.076305,0.045062,0.223578,0.068228,full_causal_selector,all components
combined_stress,material_shift,peg_search_policy,2,84,0.714286,0.620372,0.131635,0.074206,0.043662,0.223108,0.068605,full_causal_selector,all components
combined_stress,material_shift,peg_search_policy,3,84,0.738095,0.621116,0.132205,0.073892,0.043559,0.223234,0.068982,full_causal_selector,all components
combined_stress,material_shift,peg_search_policy,4,84,0.702381,0.621860,0.132775,0.075365,0.044753,0.223955,0.069359,full_causal_selector,all components
combined_stress,material_shift,peg_search_policy,5,84,0.726190,0.606596,0.133345,0.075052,0.044650,0.224081,0.069737,full_causal_selector,all components
combined_stress,material_shift,peg_search_policy,6,84,0.761905,0.607340,0.121909,0.073601,0.043821,0.224088,0.069922,full_causal_selector,all components
combined_stress,material_shift,deformable_pull_policy,0,84,0.690476,0.645453,0.131659,0.073982,0.039485,0.222778,0.070282,full_causal_selector,all components
combined_stress,material_shift,deformable_pull_policy,1,84,0.678571,0.646237,0.132259,0.074762,0.040183,0.223281,0.070680,full_causal_selector,all components
combined_stress,material_shift,deformable_pull_policy,2,84,0.642857,0.647021,0.132859,0.076256,0.041400,0.224022,0.071077,full_causal_selector,all components
combined_stress,material_shift,deformable_pull_policy,3,84,0.630952,0.647805,0.133459,0.077036,0.042098,0.224525,0.071475,full_causal_selector,all components
combined_stress,material_shift,deformable_pull_policy,4,84,0.595238,0.648589,0.134059,0.078531,0.043315,0.225267,0.071873,full_causal_selector,all components
combined_stress,material_shift,deformable_pull_policy,5,84,0.714286,0.649373,0.122653,0.074602,0.040691,0.224460,0.072078,full_causal_selector,all components
combined_stress,material_shift,deformable_pull_policy,6,84,0.678571,0.650157,0.123253,0.076096,0.041908,0.225201,0.072476,full_causal_selector,all components
combined_stress,material_shift,mobile_place_policy,0,84,0.726190,0.627148,0.126631,0.074887,0.038258,0.224446,0.070809,full_causal_selector,all components
combined_stress,material_shift,mobile_place_policy,1,84,0.642857,0.627908,0.127213,0.077797,0.040499,0.225652,0.071195,full_causal_selector,all components
combined_stress,material_shift,mobile_place_policy,2,84,0.702381,0.628668,0.127795,0.076421,0.039626,0.217424,0.071580,full_causal_selector,all components
combined_stress,material_shift,mobile_place_policy,3,84,0.702381,0.629428,0.128377,0.076831,0.040051,0.217796,0.071965,full_causal_selector,all components
combined_stress,material_shift,mobile_place_policy,4,84,0.595238,0.630188,0.128959,0.072451,0.042332,0.219240,0.072351,full_causal_selector,all components
combined_stress,material_shift,mobile_place_policy,5,84,0.666667,0.630948,0.129541,0.070718,0.041200,0.218897,0.072736,full_causal_selector,all components
combined_stress,material_shift,mobile_place_policy,6,84,0.738095,0.631708,0.130123,0.068985,0.040068,0.218555,0.073121,full_causal_selector,all components
combined_stress,material_shift,force_limited_twist_policy,0,84,0.690476,0.643677,0.127231,0.071618,0.040721,0.220609,0.069823,full_causal_selector,all components
combined_stress,material_shift,force_limited_twist_policy,1,84,0.678571,0.644493,0.127855,0.072415,0.041436,0.221128,0.070237,full_causal_selector,all components
combined_stress,material_shift,force_limited_twist_policy,2,84,0.690476,0.645309,0.128479,0.072499,0.041633,0.221409,0.070651,full_causal_selector,all components
combined_stress,material_shift,force_limited_twist_policy,3,84,0.750000,0.646125,0.129103,0.071154,0.040792,0.221214,0.071065,full_causal_selector,all components
combined_stress,material_shift,force_limited_twist_policy,4,84,0.738095,0.646941,0.129727,0.071951,0.041508,0.221733,0.071479,full_causal_selector,all components
combined_stress,material_shift,force_limited_twist_policy,5,84,0.702381,0.647757,0.130351,0.073463,0.042742,0.222490,0.071893,full_causal_selector,all components
combined_stress,material_shift,force_limited_twist_policy,6,84,0.666667,0.648573,0.130975,0.074975,0.043977,0.223247,0.072307,full_causal_selector,all components
combined_stress,operator_bias_shift,contact_grasp_policy,0,84,0.750000,0.637744,0.129900,0.073971,0.040409,0.222170,0.071746,full_causal_selector,all components
combined_stress,operator_bias_shift,contact_grasp_policy,1,84,0.666667,0.638552,0.130518,0.076908,0.042677,0.223400,0.072156,full_causal_selector,all components
combined_stress,operator_bias_shift,contact_grasp_policy,2,84,0.714286,0.639360,0.131136,0.075915,0.042091,0.223320,0.072566,full_causal_selector,all components
combined_stress,operator_bias_shift,contact_grasp_policy,3,84,0.773810,0.640168,0.131754,0.074566,0.041245,0.223120,0.072976,full_causal_selector,all components
combined_stress,operator_bias_shift,contact_grasp_policy,4,84,0.738095,0.640976,0.132372,0.076073,0.042475,0.223873,0.073386,full_causal_selector,all components
combined_stress,operator_bias_shift,contact_grasp_policy,5,84,0.738095,0.641784,0.132990,0.076509,0.042927,0.224269,0.073796,full_causal_selector,all components
combined_stress,operator_bias_shift,contact_grasp_policy,6,84,0.773810,0.642592,0.133608,0.075874,0.042601,0.224308,0.074206,full_causal_selector,all components
combined_stress,operator_bias_shift,peg_search_policy,0,84,0.571429,0.616941,0.128469,0.075928,0.046000,0.220478,0.074835,full_causal_selector,all components
combined_stress,operator_bias_shift,peg_search_policy,1,84,0.702381,0.617725,0.129069,0.072422,0.043583,0.219552,0.075232,full_causal_selector,all components
combined_stress,operator_bias_shift,peg_search_policy,2,84,0.714286,0.618509,0.129669,0.072488,0.043762,0.219817,0.075630,full_causal_selector,all components
combined_stress,operator_bias_shift,peg_search_policy,3,84,0.678571,0.619293,0.130269,0.073982,0.044979,0.220558,0.076027,full_causal_selector,all components
combined_stress,operator_bias_shift,peg_search_policy,4,84,0.678571,0.620077,0.130869,0.074405,0.045417,0.220942,0.076425,full_causal_selector,all components
combined_stress,operator_bias_shift,peg_search_policy,5,84,0.726190,0.604853,0.131469,0.073400,0.044818,0.220850,0.068819,full_causal_selector,all components
combined_stress,operator_bias_shift,peg_search_policy,6,84,0.750000,0.605637,0.132069,0.073109,0.044737,0.220996,0.069216,full_causal_selector,all components
combined_stress,operator_bias_shift,deformable_pull_policy,0,84,0.571429,0.649102,0.133828,0.078860,0.045263,0.223433,0.072125,full_causal_selector,all components
combined_stress,operator_bias_shift,deformable_pull_policy,1,84,0.726190,0.649926,0.134458,0.074662,0.042350,0.222290,0.072543,full_causal_selector,all components
combined_stress,operator_bias_shift,deformable_pull_policy,2,84,0.619048,0.650750,0.135088,0.078321,0.045146,0.223765,0.072961,full_causal_selector,all components
combined_stress,operator_bias_shift,deformable_pull_policy,3,84,0.619048,0.651574,0.135718,0.078766,0.045607,0.224169,0.073379,full_causal_selector,all components
combined_stress,operator_bias_shift,deformable_pull_policy,4,84,0.678571,0.652398,0.136348,0.077425,0.044770,0.223978,0.073797,full_causal_selector,all components
combined_stress,operator_bias_shift,deformable_pull_policy,5,84,0.714286,0.653222,0.136978,0.076799,0.044452,0.224025,0.074215,full_causal_selector,all components
combined_stress,operator_bias_shift,deformable_pull_policy,6,84,0.559524,0.654046,0.125602,0.081106,0.047820,0.225977,0.074441,full_causal_selector,all components
combined_stress,operator_bias_shift,mobile_place_policy,0,84,0.714286,0.633325,0.130695,0.077939,0.043113,0.225294,0.073946,full_causal_selector,all components
combined_stress,operator_bias_shift,mobile_place_policy,1,84,0.666667,0.634125,0.131307,0.079799,0.044598,0.226162,0.074352,full_causal_selector,all components
combined_stress,operator_bias_shift,mobile_place_policy,2,84,0.595238,0.634925,0.131919,0.082374,0.046603,0.219265,0.074758,full_causal_selector,all components
combined_stress,operator_bias_shift,mobile_place_policy,3,84,0.714286,0.635725,0.132531,0.079234,0.044455,0.218466,0.075164,full_causal_selector,all components
combined_stress,operator_bias_shift,mobile_place_policy,4,84,0.595238,0.636525,0.133143,0.075233,0.047017,0.220049,0.075569,full_causal_selector,all components
combined_stress,operator_bias_shift,mobile_place_policy,5,84,0.619048,0.621317,0.133755,0.074951,0.046946,0.220202,0.075975,full_causal_selector,all components
combined_stress,operator_bias_shift,mobile_place_policy,6,84,0.702381,0.622117,0.134367,0.072882,0.045576,0.219761,0.076381,full_causal_selector,all components
combined_stress,operator_bias_shift,force_limited_twist_policy,0,84,0.642857,0.649358,0.130924,0.075468,0.046077,0.221566,0.072706,full_causal_selector,all components
combined_stress,operator_bias_shift,force_limited_twist_policy,1,84,0.714286,0.634206,0.131578,0.073788,0.044999,0.221272,0.073141,full_causal_selector,all components
combined_stress,operator_bias_shift,force_limited_twist_policy,2,84,0.642857,0.635062,0.132232,0.076393,0.047035,0.222406,0.073575,full_causal_selector,all components
combined_stress,operator_bias_shift,force_limited_twist_policy,3,84,0.750000,0.635918,0.132886,0.073642,0.037173,0.221755,0.074010,full_causal_selector,all components
combined_stress,operator_bias_shift,force_limited_twist_policy,4,84,0.714286,0.636774,0.133540,0.075176,0.038431,0.222532,0.074444,full_causal_selector,all components
combined_stress,operator_bias_shift,force_limited_twist_policy,5,84,0.702381,0.637630,0.134194,0.075995,0.039169,0.223071,0.074879,full_causal_selector,all components
combined_stress,operator_bias_shift,force_limited_twist_policy,6,84,0.654762,0.638486,0.134848,0.077886,0.040686,0.223967,0.075313,full_causal_selector,all components
combined_stress,rare_contact_mechanism,contact_grasp_policy,0,84,0.714286,0.638177,0.136574,0.074877,0.042431,0.221976,0.072649,full_causal_selector,all components
combined_stress,rare_contact_mechanism,contact_grasp_policy,1,84,0.761905,0.639009,0.137210,0.073898,0.041858,0.221908,0.073071,full_causal_selector,all components
combined_stress,rare_contact_mechanism,contact_grasp_policy,2,84,0.750000,0.639841,0.137846,0.074704,0.042583,0.222435,0.073494,full_causal_selector,all components
combined_stress,rare_contact_mechanism,contact_grasp_policy,3,84,0.738095,0.640673,0.138482,0.075510,0.043308,0.222962,0.073916,full_causal_selector,all components
combined_stress,rare_contact_mechanism,contact_grasp_policy,4,84,0.714286,0.641505,0.127112,0.075894,0.043825,0.223608,0.074146,full_causal_selector,all components
combined_stress,rare_contact_mechanism,contact_grasp_policy,5,84,0.678571,0.642337,0.127748,0.077414,0.045069,0.224373,0.074568,full_causal_selector,all components
combined_stress,rare_contact_mechanism,contact_grasp_policy,6,84,0.607143,0.643169,0.128384,0.080007,0.047091,0.225496,0.074990,full_causal_selector,all components
combined_stress,rare_contact_mechanism,peg_search_policy,0,84,0.630952,0.609142,0.128970,0.077462,0.041823,0.223219,0.071523,full_causal_selector,all components
combined_stress,rare_contact_mechanism,peg_search_policy,1,84,0.654762,0.609950,0.129588,0.077184,0.041755,0.223377,0.071932,full_causal_selector,all components
combined_stress,rare_contact_mechanism,peg_search_policy,2,84,0.714286,0.610758,0.130206,0.075835,0.040910,0.223178,0.072342,full_causal_selector,all components
combined_stress,rare_contact_mechanism,peg_search_policy,3,84,0.738095,0.611566,0.130824,0.075557,0.040842,0.223336,0.072752,full_causal_selector,all components
combined_stress,rare_contact_mechanism,peg_search_policy,4,84,0.654762,0.612374,0.131442,0.078493,0.043111,0.224565,0.073162,full_causal_selector,all components
combined_stress,rare_contact_mechanism,peg_search_policy,5,84,0.726190,0.613182,0.132060,0.076786,0.042005,0.224247,0.073572,full_causal_selector,all components
combined_stress,rare_contact_mechanism,peg_search_policy,6,84,0.678571,0.613990,0.132678,0.078651,0.043495,0.225119,0.073982,full_causal_selector,all components
combined_stress,rare_contact_mechanism,deformable_pull_policy,0,84,0.607143,0.638255,0.132043,0.079436,0.047905,0.224889,0.075256,full_causal_selector,all components
combined_stress,rare_contact_mechanism,deformable_pull_policy,1,84,0.666667,0.639103,0.132691,0.078109,0.039077,0.224710,0.075687,full_causal_selector,all components
combined_stress,rare_contact_mechanism,deformable_pull_policy,2,84,0.654762,0.639951,0.133339,0.078924,0.039811,0.225245,0.076117,full_causal_selector,all components
combined_stress,rare_contact_mechanism,deformable_pull_policy,3,84,0.678571,0.640799,0.133987,0.078668,0.039766,0.225423,0.076547,full_causal_selector,all components
combined_stress,rare_contact_mechanism,deformable_pull_policy,4,84,0.642857,0.641647,0.134635,0.080198,0.041019,0.226196,0.076978,full_causal_selector,all components
combined_stress,rare_contact_mechanism,deformable_pull_policy,5,84,0.642857,0.642495,0.135283,0.080656,0.041493,0.226612,0.077408,full_causal_selector,all components
combined_stress,rare_contact_mechanism,deformable_pull_policy,6,84,0.702381,0.643343,0.135931,0.079328,0.040670,0.226433,0.077839,full_causal_selector,all components
combined_stress,rare_contact_mechanism,mobile_place_policy,0,84,0.630952,0.630398,0.134850,0.078429,0.044294,0.223896,0.073129,full_causal_selector,all components
combined_stress,rare_contact_mechanism,mobile_place_policy,1,84,0.738095,0.631222,0.135480,0.075659,0.042419,0.223229,0.073547,full_causal_selector,all components
combined_stress,rare_contact_mechanism,mobile_place_policy,2,84,0.773810,0.632046,0.136110,0.075033,0.042102,0.223276,0.073965,full_causal_selector,all components
combined_stress,rare_contact_mechanism,mobile_place_policy,3,84,0.678571,0.632870,0.136740,0.078335,0.044639,0.224632,0.074383,full_causal_selector,all components
combined_stress,rare_contact_mechanism,mobile_place_policy,4,84,0.690476,0.633694,0.137370,0.078423,0.044840,0.224917,0.074801,full_causal_selector,all components
combined_stress,rare_contact_mechanism,mobile_place_policy,5,84,0.630952,0.634518,0.138000,0.080653,0.046598,0.225916,0.075219,full_causal_selector,all components
combined_stress,rare_contact_mechanism,mobile_place_policy,6,84,0.666667,0.635342,0.126624,0.079247,0.045813,0.225963,0.075445,full_causal_selector,all components
combined_stress,rare_contact_mechanism,force_limited_twist_policy,0,84,0.678571,0.633327,0.137256,0.073981,0.046287,0.220430,0.073376,full_causal_selector,all components
combined_stress,rare_contact_mechanism,force_limited_twist_policy,1,84,0.607143,0.634207,0.137928,0.076599,0.040333,0.221576,0.073822,full_causal_selector,all components
combined_stress,rare_contact_mechanism,force_limited_twist_policy,2,84,0.642857,0.635087,0.138600,0.076003,0.040046,0.221651,0.074269,full_causal_selector,all components
combined_stress,rare_contact_mechanism,force_limited_twist_policy,3,84,0.761905,0.635967,0.127266,0.072127,0.037476,0.220893,0.074524,full_causal_selector,all components
combined_stress,rare_contact_mechanism,force_limited_twist_policy,4,84,0.607143,0.636847,0.127938,0.077246,0.041342,0.222872,0.074971,full_causal_selector,all components
combined_stress,rare_contact_mechanism,force_limited_twist_policy,5,84,0.690476,0.637727,0.128610,0.075221,0.040017,0.222471,0.075417,full_causal_selector,all components
combined_stress,rare_contact_mechanism,force_limited_twist_policy,6,84,0.678571,0.638607,0.129282,0.076054,0.040769,0.223022,0.075864,full_causal_selector,all components
combined_stress,intervention_gap,contact_grasp_policy,0,84,0.726190,0.634244,0.131444,0.080262,0.041600,0.226707,0.075279,full_causal_selector,all components
combined_stress,intervention_gap,contact_grasp_policy,1,84,0.642857,0.635028,0.132044,0.083185,0.043856,0.227924,0.075677,full_causal_selector,all components
combined_stress,intervention_gap,contact_grasp_policy,2,84,0.583333,0.635811,0.132644,0.085394,0.045592,0.220899,0.076074,full_causal_selector,all components
combined_stress,intervention_gap,contact_grasp_policy,3,84,0.642857,0.636595,0.133244,0.084031,0.044732,0.220688,0.076472,full_causal_selector,all components
combined_stress,intervention_gap,contact_grasp_policy,4,84,0.630952,0.637379,0.133844,0.076807,0.044950,0.221191,0.076870,full_causal_selector,all components
combined_stress,intervention_gap,contact_grasp_policy,5,84,0.690476,0.638163,0.134444,0.075445,0.044091,0.220980,0.077267,full_causal_selector,all components
combined_stress,intervention_gap,contact_grasp_policy,6,84,0.750000,0.638948,0.135044,0.074082,0.043231,0.220769,0.077665,full_causal_selector,all components
combined_stress,intervention_gap,peg_search_policy,0,84,0.738095,0.605664,0.136188,0.081021,0.039638,0.219221,0.074578,full_causal_selector,all components
combined_stress,intervention_gap,peg_search_policy,1,84,0.607143,0.606424,0.136770,0.085360,0.042918,0.220903,0.074963,full_causal_selector,all components
combined_stress,intervention_gap,peg_search_policy,2,84,0.726190,0.607184,0.137352,0.074194,0.040267,0.220085,0.075349,full_causal_selector,all components
combined_stress,intervention_gap,peg_search_policy,3,84,0.630952,0.607944,0.137934,0.077461,0.042768,0.221409,0.075734,full_causal_selector,all components
combined_stress,intervention_gap,peg_search_policy,4,84,0.678571,0.608704,0.138516,0.076442,0.042155,0.221305,0.076119,full_causal_selector,all components
combined_stress,intervention_gap,peg_search_policy,5,84,0.630952,0.609464,0.139098,0.078281,0.043618,0.222153,0.076505,full_causal_selector,all components
combined_stress,intervention_gap,peg_search_policy,6,84,0.619048,0.610224,0.139680,0.079048,0.044303,0.222644,0.076890,full_causal_selector,all components
combined_stress,intervention_gap,deformable_pull_policy,0,84,0.714286,0.640873,0.131827,0.077556,0.040178,0.223939,0.073237,full_causal_selector,all components
combined_stress,intervention_gap,deformable_pull_policy,1,84,0.607143,0.641673,0.132439,0.081202,0.042961,0.225403,0.073643,full_causal_selector,all components
combined_stress,intervention_gap,deformable_pull_policy,2,84,0.595238,0.642473,0.133051,0.081991,0.043667,0.225914,0.074048,full_causal_selector,all components
combined_stress,intervention_gap,deformable_pull_policy,3,84,0.535714,0.643273,0.133663,0.084209,0.045412,0.226901,0.074454,full_causal_selector,all components
combined_stress,intervention_gap,deformable_pull_policy,4,84,0.559524,0.644073,0.134275,0.083926,0.045341,0.227055,0.074860,full_causal_selector,all components
combined_stress,intervention_gap,deformable_pull_policy,5,84,0.595238,0.644873,0.134887,0.083286,0.045009,0.227090,0.075266,full_causal_selector,all components
combined_stress,intervention_gap,deformable_pull_policy,6,84,0.666667,0.645673,0.135499,0.081575,0.043900,0.226767,0.075672,full_causal_selector,all components
combined_stress,intervention_gap,mobile_place_policy,0,84,0.571429,0.617177,0.134760,0.081641,0.048298,0.224697,0.071195,full_causal_selector,all components
combined_stress,intervention_gap,mobile_place_policy,1,84,0.619048,0.617953,0.135354,0.080631,0.047694,0.224601,0.071589,full_causal_selector,all components
combined_stress,intervention_gap,mobile_place_policy,2,84,0.630952,0.618729,0.135948,0.080692,0.047869,0.224862,0.071982,full_causal_selector,all components
combined_stress,intervention_gap,mobile_place_policy,3,84,0.630952,0.619505,0.136542,0.081111,0.040299,0.225242,0.072376,full_causal_selector,all components
combined_stress,intervention_gap,mobile_place_policy,4,84,0.642857,0.620281,0.137136,0.081172,0.040473,0.225503,0.072769,full_causal_selector,all components
combined_stress,intervention_gap,mobile_place_policy,5,84,0.619048,0.621057,0.137730,0.082305,0.041426,0.226121,0.073163,full_causal_selector,all components
combined_stress,intervention_gap,mobile_place_policy,6,84,0.714286,0.621833,0.138324,0.079867,0.039784,0.225549,0.073556,full_causal_selector,all components
combined_stress,intervention_gap,force_limited_twist_policy,0,84,0.726190,0.630305,0.132811,0.078795,0.045188,0.225259,0.076472,full_causal_selector,all components
combined_stress,intervention_gap,force_limited_twist_policy,1,84,0.738095,0.631137,0.133447,0.078887,0.045394,0.225548,0.076895,full_causal_selector,all components
combined_stress,intervention_gap,force_limited_twist_policy,2,84,0.750000,0.631969,0.134083,0.078979,0.037596,0.225837,0.077317,full_causal_selector,all components
combined_stress,intervention_gap,force_limited_twist_policy,3,84,0.678571,0.632801,0.134719,0.081572,0.039618,0.226960,0.077739,full_causal_selector,all components
combined_stress,intervention_gap,force_limited_twist_policy,4,84,0.642857,0.633633,0.135355,0.083092,0.040862,0.227725,0.078161,full_causal_selector,all components
combined_stress,intervention_gap,force_limited_twist_policy,5,84,0.607143,0.634465,0.135991,0.084613,0.042106,0.228490,0.078583,full_causal_selector,all components
combined_stress,intervention_gap,force_limited_twist_policy,6,84,0.678571,0.635297,0.136627,0.082920,0.041014,0.220180,0.079006,full_causal_selector,all components
combined_stress,compound_spurious_shift,contact_grasp_policy,0,84,0.750000,0.621769,0.142101,0.083265,0.038061,0.226340,0.078890,full_causal_selector,all components
combined_stress,compound_spurious_shift,contact_grasp_policy,1,84,0.666667,0.622609,0.142743,0.086218,0.040348,0.227585,0.079316,full_causal_selector,all components
combined_stress,compound_spurious_shift,contact_grasp_policy,2,84,0.654762,0.623449,0.143385,0.087029,0.041077,0.228116,0.079742,full_causal_selector,all components
combined_stress,compound_spurious_shift,contact_grasp_policy,3,84,0.630952,0.624289,0.144027,0.088197,0.042066,0.228766,0.080168,full_causal_selector,all components
combined_stress,compound_spurious_shift,contact_grasp_policy,4,84,0.619048,0.625128,0.144669,0.089008,0.042795,0.229298,0.080595,full_causal_selector,all components
combined_stress,compound_spurious_shift,contact_grasp_policy,5,84,0.750000,0.625969,0.145311,0.085533,0.040410,0.228400,0.081021,full_causal_selector,all components
combined_stress,compound_spurious_shift,contact_grasp_policy,6,84,0.690476,0.626808,0.145953,0.087773,0.042177,0.229407,0.073443,full_causal_selector,all components
combined_stress,compound_spurious_shift,peg_search_policy,0,84,0.630952,0.605997,0.144445,0.086196,0.045168,0.226568,0.076550,full_causal_selector,all components
combined_stress,compound_spurious_shift,peg_search_policy,1,84,0.642857,0.606813,0.145069,0.086280,0.045365,0.226849,0.076964,full_causal_selector,all components
combined_stress,compound_spurious_shift,peg_search_policy,2,84,0.630952,0.607629,0.145693,0.087077,0.046081,0.227368,0.077378,full_causal_selector,all components
combined_stress,compound_spurious_shift,peg_search_policy,3,84,0.619048,0.608445,0.146317,0.087875,0.046797,0.227887,0.077792,full_causal_selector,all components
combined_stress,compound_spurious_shift,peg_search_policy,4,84,0.750000,0.609261,0.146941,0.084387,0.044398,0.226978,0.078206,full_causal_selector,all components
combined_stress,compound_spurious_shift,peg_search_policy,5,84,0.654762,0.610077,0.147565,0.087685,0.046931,0.228330,0.078620,full_causal_selector,all components
combined_stress,compound_spurious_shift,peg_search_policy,6,84,0.511905,0.594885,0.148189,0.092411,0.050501,0.230159,0.079034,full_causal_selector,all components
combined_stress,compound_spurious_shift,deformable_pull_policy,0,84,0.535714,0.639430,0.138751,0.091903,0.046752,0.231112,0.074300,full_causal_selector,all components
combined_stress,compound_spurious_shift,deformable_pull_policy,1,84,0.535714,0.640286,0.139405,0.092366,0.047231,0.223528,0.074734,full_causal_selector,all components
combined_stress,compound_spurious_shift,deformable_pull_policy,2,84,0.583333,0.641142,0.140059,0.091400,0.046671,0.223472,0.075169,full_causal_selector,all components
combined_stress,compound_spurious_shift,deformable_pull_policy,3,84,0.583333,0.641998,0.140713,0.083858,0.046670,0.223892,0.075603,full_causal_selector,all components
combined_stress,compound_spurious_shift,deformable_pull_policy,4,84,0.726190,0.642854,0.141367,0.080035,0.044034,0.222883,0.076038,full_causal_selector,all components
combined_stress,compound_spurious_shift,deformable_pull_policy,5,84,0.583333,0.643710,0.142021,0.084783,0.047627,0.224732,0.076472,full_causal_selector,all components
combined_stress,compound_spurious_shift,deformable_pull_policy,6,84,0.654762,0.644566,0.142675,0.083103,0.046549,0.224438,0.076906,full_causal_selector,all components
combined_stress,compound_spurious_shift,mobile_place_policy,0,84,0.666667,0.612870,0.139537,0.086202,0.047303,0.227700,0.078796,full_causal_selector,all components
combined_stress,compound_spurious_shift,mobile_place_policy,1,84,0.630952,0.613702,0.140173,0.087723,0.048546,0.228465,0.079218,full_causal_selector,all components
combined_stress,compound_spurious_shift,mobile_place_policy,2,84,0.678571,0.614534,0.140809,0.086743,0.039969,0.228397,0.079640,full_causal_selector,all components
combined_stress,compound_spurious_shift,mobile_place_policy,3,84,0.702381,0.615366,0.141445,0.086478,0.039916,0.228567,0.080062,full_causal_selector,all components
combined_stress,compound_spurious_shift,mobile_place_policy,4,84,0.595238,0.616198,0.142081,0.090142,0.042717,0.230046,0.080484,full_causal_selector,all components
combined_stress,compound_spurious_shift,mobile_place_policy,5,84,0.654762,0.617030,0.142717,0.088806,0.041884,0.221855,0.080907,full_causal_selector,all components
combined_stress,compound_spurious_shift,mobile_place_policy,6,84,0.642857,0.617862,0.143353,0.089612,0.042609,0.222382,0.073325,full_causal_selector,all components
combined_stress,compound_spurious_shift,force_limited_twist_policy,0,84,0.690476,0.638110,0.146671,0.085927,0.045336,0.227624,0.074266,full_causal_selector,all components
combined_stress,compound_spurious_shift,force_limited_twist_policy,1,84,0.595238,0.638998,0.147349,0.089265,0.047908,0.229012,0.074717,full_causal_selector,all components
combined_stress,compound_spurious_shift,force_limited_twist_policy,2,84,0.547619,0.639886,0.148027,0.091173,0.049443,0.229924,0.075168,full_causal_selector,all components
combined_stress,compound_spurious_shift,force_limited_twist_policy,3,84,0.702381,0.624766,0.136699,0.086230,0.046099,0.228813,0.075427,full_causal_selector,all components
combined_stress,compound_spurious_shift,force_limited_twist_policy,4,84,0.642857,0.625654,0.137377,0.088496,0.047893,0.229844,0.075878,full_causal_selector,all components
combined_stress,compound_spurious_shift,force_limited_twist_policy,5,84,0.559524,0.626542,0.138055,0.091476,0.042202,0.223109,0.076328,full_causal_selector,all components
combined_stress,compound_spurious_shift,force_limited_twist_policy,6,84,0.595238,0.627430,0.138733,0.090884,0.041920,0.223188,0.076779,full_causal_selector,all components
combined_stress,iid_mechanisms,contact_grasp_policy,0,84,0.714286,0.563234,0.208452,0.087621,0.062375,0.208931,0.072147,minus_intervention_score,no do-effect separation score
combined_stress,iid_mechanisms,contact_grasp_policy,1,84,0.654762,0.564033,0.209064,0.089838,0.064120,0.209918,0.072553,minus_intervention_score,no do-effect separation score
combined_stress,iid_mechanisms,contact_grasp_policy,2,84,0.714286,0.564833,0.209676,0.088484,0.063270,0.209715,0.072959,minus_intervention_score,no do-effect separation score
combined_stress,iid_mechanisms,contact_grasp_policy,3,84,0.630952,0.565634,0.210288,0.091416,0.057530,0.210940,0.065361,minus_intervention_score,no do-effect separation score
combined_stress,iid_mechanisms,contact_grasp_policy,4,84,0.690476,0.566434,0.210900,0.090062,0.056680,0.210737,0.065766,minus_intervention_score,no do-effect separation score
combined_stress,iid_mechanisms,contact_grasp_policy,5,84,0.654762,0.567234,0.199506,0.090785,0.057439,0.211486,0.065980,minus_intervention_score,no do-effect separation score
combined_stress,iid_mechanisms,contact_grasp_policy,6,84,0.666667,0.568033,0.200118,0.090860,0.057626,0.211759,0.066386,minus_intervention_score,no do-effect separation score
combined_stress,iid_mechanisms,peg_search_policy,0,84,0.690476,0.545174,0.208879,0.094431,0.058595,0.215066,0.068633,minus_intervention_score,no do-effect separation score
combined_stress,iid_mechanisms,peg_search_policy,1,84,0.607143,0.545950,0.209473,0.097349,0.060846,0.216280,0.069027,minus_intervention_score,no do-effect separation score
combined_stress,iid_mechanisms,peg_search_policy,2,84,0.583333,0.546726,0.210067,0.098482,0.061799,0.216898,0.069420,minus_intervention_score,no do-effect separation score
combined_stress,iid_mechanisms,peg_search_policy,3,84,0.619048,0.547502,0.198655,0.097049,0.060987,0.208917,0.069622,minus_intervention_score,no do-effect separation score
combined_stress,iid_mechanisms,peg_search_policy,4,84,0.714286,0.548278,0.199249,0.094611,0.059345,0.208344,0.070015,minus_intervention_score,no do-effect separation score
combined_stress,iid_mechanisms,peg_search_policy,5,84,0.630952,0.549054,0.199843,0.089525,0.061115,0.209558,0.070409,minus_intervention_score,no do-effect separation score
combined_stress,iid_mechanisms,peg_search_policy,6,84,0.642857,0.549830,0.200437,0.089587,0.061289,0.209819,0.070802,minus_intervention_score,no do-effect separation score
combined_stress,iid_mechanisms,deformable_pull_policy,0,84,0.583333,0.573015,0.211436,0.098235,0.065800,0.216934,0.071723,minus_intervention_score,no do-effect separation score
combined_stress,iid_mechanisms,deformable_pull_policy,1,84,0.630952,0.573831,0.200054,0.096467,0.064751,0.216857,0.071945,minus_intervention_score,no do-effect separation score
combined_stress,iid_mechanisms,deformable_pull_policy,2,84,0.583333,0.574647,0.200678,0.098336,0.066245,0.209730,0.072359,minus_intervention_score,no do-effect separation score
combined_stress,iid_mechanisms,deformable_pull_policy,3,84,0.607143,0.575463,0.201302,0.098062,0.058178,0.209892,0.072773,minus_intervention_score,no do-effect separation score
combined_stress,iid_mechanisms,deformable_pull_policy,4,84,0.583333,0.576279,0.201926,0.091213,0.058674,0.210530,0.073186,minus_intervention_score,no do-effect separation score
combined_stress,iid_mechanisms,deformable_pull_policy,5,84,0.678571,0.577095,0.202550,0.088797,0.057054,0.209977,0.065596,minus_intervention_score,no do-effect separation score
combined_stress,iid_mechanisms,deformable_pull_policy,6,84,0.607143,0.577911,0.203174,0.091380,0.059067,0.211092,0.066010,minus_intervention_score,no do-effect separation score
combined_stress,iid_mechanisms,mobile_place_policy,0,84,0.654762,0.559935,0.209997,0.092911,0.058217,0.212853,0.066915,minus_intervention_score,no do-effect separation score
combined_stress,iid_mechanisms,mobile_place_policy,1,84,0.666667,0.560727,0.210603,0.092981,0.058401,0.213121,0.067317,minus_intervention_score,no do-effect separation score
combined_stress,iid_mechanisms,mobile_place_policy,2,84,0.630952,0.561519,0.199203,0.093700,0.059155,0.213867,0.067526,minus_intervention_score,no do-effect separation score
combined_stress,iid_mechanisms,mobile_place_policy,3,84,0.654762,0.562311,0.199809,0.093413,0.059079,0.214017,0.067928,minus_intervention_score,no do-effect separation score
combined_stress,iid_mechanisms,mobile_place_policy,4,84,0.619048,0.563103,0.200415,0.094912,0.060300,0.214762,0.068330,minus_intervention_score,no do-effect separation score
combined_stress,iid_mechanisms,mobile_place_policy,5,84,0.654762,0.563895,0.201021,0.094267,0.059965,0.214793,0.068732,minus_intervention_score,no do-effect separation score
combined_stress,iid_mechanisms,mobile_place_policy,6,84,0.666667,0.564687,0.201627,0.094338,0.060148,0.215061,0.069133,minus_intervention_score,no do-effect separation score
combined_stress,iid_mechanisms,force_limited_twist_policy,0,84,0.690476,0.569663,0.205716,0.091785,0.063814,0.212905,0.070455,minus_intervention_score,no do-effect separation score
combined_stress,iid_mechanisms,force_limited_twist_policy,1,84,0.654762,0.570511,0.206364,0.093315,0.057062,0.213678,0.070885,minus_intervention_score,no do-effect separation score
combined_stress,iid_mechanisms,force_limited_twist_policy,2,84,0.535714,0.571359,0.207012,0.097344,0.060132,0.215285,0.071316,minus_intervention_score,no do-effect separation score
combined_stress,iid_mechanisms,force_limited_twist_policy,3,84,0.678571,0.572207,0.207660,0.093517,0.057492,0.214272,0.071746,minus_intervention_score,no do-effect separation score
combined_stress,iid_mechanisms,force_limited_twist_policy,4,84,0.630952,0.573055,0.208308,0.095403,0.059004,0.215164,0.072176,minus_intervention_score,no do-effect separation score
combined_stress,iid_mechanisms,force_limited_twist_policy,5,84,0.702381,0.573903,0.208956,0.093719,0.057921,0.214866,0.072607,minus_intervention_score,no do-effect separation score
combined_stress,iid_mechanisms,force_limited_twist_policy,6,84,0.678571,0.574751,0.209604,0.094891,0.058914,0.215520,0.073037,minus_intervention_score,no do-effect separation score
combined_stress,color_mechanism_confound,contact_grasp_policy,0,84,0.583333,0.558540,0.221679,0.098723,0.059063,0.212851,0.071819,minus_intervention_score,no do-effect separation score
combined_stress,color_mechanism_confound,contact_grasp_policy,1,84,0.607143,0.559420,0.210345,0.097704,0.058569,0.213045,0.072074,minus_intervention_score,no do-effect separation score
combined_stress,color_mechanism_confound,contact_grasp_policy,2,84,0.583333,0.560300,0.211017,0.098894,0.059581,0.213715,0.072520,minus_intervention_score,no do-effect separation score
combined_stress,color_mechanism_confound,contact_grasp_policy,3,84,0.642857,0.561180,0.211689,0.097584,0.058775,0.213551,0.072967,minus_intervention_score,no do-effect separation score
combined_stress,color_mechanism_confound,contact_grasp_policy,4,84,0.559524,0.562060,0.212361,0.100560,0.061084,0.214817,0.073414,minus_intervention_score,no do-effect separation score
combined_stress,color_mechanism_confound,contact_grasp_policy,5,84,0.666667,0.562940,0.213033,0.097821,0.059240,0.214177,0.073861,minus_intervention_score,no do-effect separation score
combined_stress,color_mechanism_confound,contact_grasp_policy,6,84,0.666667,0.563820,0.213705,0.098297,0.059732,0.214609,0.074307,minus_intervention_score,no do-effect separation score
combined_stress,color_mechanism_confound,peg_search_policy,0,84,0.619048,0.545057,0.213532,0.097474,0.063601,0.212675,0.070456,minus_intervention_score,no do-effect separation score
combined_stress,color_mechanism_confound,peg_search_policy,1,84,0.666667,0.545913,0.214186,0.096508,0.063042,0.212619,0.070890,minus_intervention_score,no do-effect separation score
combined_stress,color_mechanism_confound,peg_search_policy,2,84,0.654762,0.546769,0.214840,0.097328,0.063780,0.213158,0.071324,minus_intervention_score,no do-effect separation score
combined_stress,color_mechanism_confound,peg_search_policy,3,84,0.619048,0.547625,0.215494,0.098862,0.065037,0.213935,0.071759,minus_intervention_score,no do-effect separation score
combined_stress,color_mechanism_confound,peg_search_policy,4,84,0.630952,0.532473,0.216148,0.098967,0.065256,0.214236,0.072193,minus_intervention_score,no do-effect separation score
combined_stress,color_mechanism_confound,peg_search_policy,5,84,0.535714,0.533329,0.216802,0.102287,0.067811,0.215608,0.072628,minus_intervention_score,no do-effect separation score
combined_stress,color_mechanism_confound,peg_search_policy,6,84,0.559524,0.534185,0.217456,0.102035,0.059767,0.215790,0.073062,minus_intervention_score,no do-effect separation score
combined_stress,color_mechanism_confound,deformable_pull_policy,0,84,0.666667,0.568074,0.212470,0.101993,0.065215,0.218587,0.071075,minus_intervention_score,no do-effect separation score
combined_stress,color_mechanism_confound,deformable_pull_policy,1,84,0.535714,0.568970,0.213154,0.106406,0.060566,0.212332,0.071530,minus_intervention_score,no do-effect separation score
combined_stress,color_mechanism_confound,deformable_pull_policy,2,84,0.583333,0.569866,0.213838,0.105461,0.060029,0.212296,0.071985,minus_intervention_score,no do-effect separation score
combined_stress,color_mechanism_confound,deformable_pull_policy,3,84,0.523810,0.570762,0.214522,0.099728,0.061348,0.213331,0.072440,minus_intervention_score,no do-effect separation score
combined_stress,color_mechanism_confound,deformable_pull_policy,4,84,0.547619,0.571658,0.215206,0.099498,0.061330,0.213533,0.072895,minus_intervention_score,no do-effect separation score
combined_stress,color_mechanism_confound,deformable_pull_policy,5,84,0.559524,0.572554,0.215890,0.099625,0.061571,0.213854,0.073350,minus_intervention_score,no do-effect separation score
combined_stress,color_mechanism_confound,deformable_pull_policy,6,84,0.642857,0.573450,0.216574,0.097610,0.060256,0.213461,0.073805,minus_intervention_score,no do-effect separation score
combined_stress,color_mechanism_confound,mobile_place_policy,0,84,0.559524,0.560050,0.214823,0.104800,0.064352,0.218819,0.068856,minus_intervention_score,no do-effect separation score
combined_stress,color_mechanism_confound,mobile_place_policy,1,84,0.583333,0.560922,0.215489,0.104557,0.064321,0.219009,0.069299,minus_intervention_score,no do-effect separation score
combined_stress,color_mechanism_confound,mobile_place_policy,2,84,0.619048,0.561794,0.216155,0.103957,0.064030,0.211076,0.069742,minus_intervention_score,no do-effect separation score
combined_stress,color_mechanism_confound,mobile_place_policy,3,84,0.619048,0.562666,0.216821,0.104428,0.064517,0.211504,0.070184,minus_intervention_score,no do-effect separation score
combined_stress,color_mechanism_confound,mobile_place_policy,4,84,0.619048,0.563538,0.217487,0.104899,0.065005,0.211932,0.070627,minus_intervention_score,no do-effect separation score
combined_stress,color_mechanism_confound,mobile_place_policy,5,84,0.535714,0.564410,0.218153,0.099867,0.066829,0.213193,0.071070,minus_intervention_score,no do-effect separation score
combined_stress,color_mechanism_confound,mobile_place_policy,6,84,0.583333,0.549274,0.218819,0.098909,0.066279,0.213145,0.071512,minus_intervention_score,no do-effect separation score
combined_stress,color_mechanism_confound,force_limited_twist_policy,0,84,0.535714,0.568786,0.221805,0.105696,0.063155,0.218971,0.072080,minus_intervention_score,no do-effect separation score
combined_stress,color_mechanism_confound,force_limited_twist_policy,1,84,0.654762,0.569714,0.210507,0.101846,0.060611,0.218237,0.072360,minus_intervention_score,no do-effect separation score
combined_stress,color_mechanism_confound,force_limited_twist_policy,2,84,0.547619,0.570642,0.211215,0.105562,0.063466,0.219764,0.072831,minus_intervention_score,no do-effect separation score
combined_stress,color_mechanism_confound,force_limited_twist_policy,3,84,0.654762,0.571570,0.211923,0.102850,0.061649,0.211145,0.073302,minus_intervention_score,no do-effect separation score
combined_stress,color_mechanism_confound,force_limited_twist_policy,4,84,0.714286,0.572498,0.212631,0.101566,0.060870,0.211006,0.073774,minus_intervention_score,no do-effect separation score
combined_stress,color_mechanism_confound,force_limited_twist_policy,5,84,0.619048,0.573426,0.213339,0.096922,0.062985,0.212414,0.074245,minus_intervention_score,no do-effect separation score
combined_stress,color_mechanism_confound,force_limited_twist_policy,6,84,0.714286,0.574354,0.214047,0.094566,0.061428,0.211918,0.074716,minus_intervention_score,no do-effect separation score
combined_stress,material_shift,contact_grasp_policy,0,84,0.654762,0.561439,0.216234,0.100606,0.060077,0.215990,0.071572,minus_intervention_score,no do-effect separation score
combined_stress,material_shift,contact_grasp_policy,1,84,0.678571,0.562239,0.216846,0.100324,0.060006,0.216144,0.071978,minus_intervention_score,no do-effect separation score
combined_stress,material_shift,contact_grasp_policy,2,84,0.690476,0.563039,0.217458,0.100398,0.060193,0.216417,0.072383,minus_intervention_score,no do-effect separation score
combined_stress,material_shift,contact_grasp_policy,3,84,0.619048,0.563839,0.218070,0.102973,0.062198,0.217523,0.072789,minus_intervention_score,no do-effect separation score
combined_stress,material_shift,contact_grasp_policy,4,84,0.571429,0.564639,0.218682,0.104833,0.063683,0.218391,0.073195,minus_intervention_score,no do-effect separation score
combined_stress,material_shift,contact_grasp_policy,5,84,0.607143,0.565439,0.219294,0.104194,0.063352,0.218426,0.073601,minus_intervention_score,no do-effect separation score
combined_stress,material_shift,contact_grasp_policy,6,84,0.619048,0.566239,0.219906,0.104268,0.063540,0.218699,0.074006,minus_intervention_score,no do-effect separation score
combined_stress,material_shift,peg_search_policy,0,84,0.630952,0.543380,0.216661,0.099412,0.063821,0.214122,0.076062,minus_intervention_score,no do-effect separation score
combined_stress,material_shift,peg_search_policy,1,84,0.547619,0.544156,0.217255,0.102331,0.066071,0.215335,0.076455,minus_intervention_score,no do-effect separation score
combined_stress,material_shift,peg_search_policy,2,84,0.654762,0.544932,0.217849,0.099535,0.064170,0.214644,0.076849,minus_intervention_score,no do-effect separation score
combined_stress,material_shift,peg_search_policy,3,84,0.476190,0.529700,0.218443,0.105311,0.068496,0.216809,0.069238,minus_intervention_score,no do-effect separation score
combined_stress,material_shift,peg_search_policy,4,84,0.642857,0.530476,0.219037,0.100730,0.065297,0.215523,0.069632,minus_intervention_score,no do-effect separation score
combined_stress,material_shift,peg_search_policy,5,84,0.547619,0.531252,0.219631,0.104005,0.067807,0.216855,0.070025,minus_intervention_score,no do-effect separation score
combined_stress,material_shift,peg_search_policy,6,84,0.547619,0.532028,0.220225,0.104424,0.060237,0.217235,0.070419,minus_intervention_score,no do-effect separation score
combined_stress,material_shift,deformable_pull_policy,0,84,0.547619,0.571221,0.219218,0.102503,0.062502,0.215751,0.071147,minus_intervention_score,no do-effect separation score
combined_stress,material_shift,deformable_pull_policy,1,84,0.607143,0.572037,0.219842,0.101157,0.061661,0.215556,0.071561,minus_intervention_score,no do-effect separation score
combined_stress,material_shift,deformable_pull_policy,2,84,0.523810,0.572853,0.220466,0.104098,0.063934,0.216789,0.071975,minus_intervention_score,no do-effect separation score
combined_stress,material_shift,deformable_pull_policy,3,84,0.500000,0.573669,0.221090,0.105253,0.064909,0.217427,0.072389,minus_intervention_score,no do-effect separation score
combined_stress,material_shift,deformable_pull_policy,4,84,0.535714,0.574485,0.221714,0.104622,0.064587,0.217470,0.072803,minus_intervention_score,no do-effect separation score
combined_stress,material_shift,deformable_pull_policy,5,84,0.690476,0.575301,0.222338,0.100420,0.061669,0.216322,0.073217,minus_intervention_score,no do-effect separation score
combined_stress,material_shift,deformable_pull_policy,6,84,0.630952,0.576117,0.222962,0.102646,0.063423,0.217317,0.073631,minus_intervention_score,no do-effect separation score
combined_stress,material_shift,mobile_place_policy,0,84,0.500000,0.558140,0.217779,0.108754,0.065999,0.220864,0.074344,minus_intervention_score,no do-effect separation score
combined_stress,material_shift,mobile_place_policy,1,84,0.619048,0.558932,0.218385,0.105610,0.063847,0.212058,0.074745,minus_intervention_score,no do-effect separation score
combined_stress,material_shift,mobile_place_policy,2,84,0.654762,0.559724,0.218991,0.104966,0.063511,0.212089,0.075147,minus_intervention_score,no do-effect separation score
combined_stress,material_shift,mobile_place_policy,3,84,0.559524,0.560516,0.219597,0.100246,0.065550,0.213429,0.075549,minus_intervention_score,no do-effect separation score
combined_stress,material_shift,mobile_place_policy,4,84,0.571429,0.561308,0.220203,0.100316,0.065734,0.213698,0.075950,minus_intervention_score,no do-effect separation score
combined_stress,material_shift,mobile_place_policy,5,84,0.642857,0.562100,0.220809,0.098601,0.064619,0.213372,0.076352,minus_intervention_score,no do-effect separation score
combined_stress,material_shift,mobile_place_policy,6,84,0.642857,0.546884,0.221415,0.099028,0.065062,0.213760,0.076754,minus_intervention_score,no do-effect separation score
combined_stress,material_shift,force_limited_twist_policy,0,84,0.690476,0.567869,0.225504,0.103765,0.060685,0.219369,0.070072,minus_intervention_score,no do-effect separation score
combined_stress,material_shift,force_limited_twist_policy,1,84,0.583333,0.568717,0.214146,0.106657,0.063028,0.212853,0.070310,minus_intervention_score,no do-effect separation score
combined_stress,material_shift,force_limited_twist_policy,2,84,0.619048,0.569565,0.214794,0.106044,0.062723,0.212912,0.070740,minus_intervention_score,no do-effect separation score
combined_stress,material_shift,force_limited_twist_policy,3,84,0.702381,0.570413,0.215442,0.095998,0.060901,0.212494,0.071171,minus_intervention_score,no do-effect separation score
combined_stress,material_shift,force_limited_twist_policy,4,84,0.654762,0.571261,0.216090,0.097885,0.062413,0.213386,0.071601,minus_intervention_score,no do-effect separation score
combined_stress,material_shift,force_limited_twist_policy,5,84,0.702381,0.572109,0.216738,0.096915,0.061849,0.213326,0.072031,minus_intervention_score,no do-effect separation score
combined_stress,material_shift,force_limited_twist_policy,6,84,0.690476,0.572957,0.217386,0.097730,0.062583,0.213861,0.072462,minus_intervention_score,no do-effect separation score
combined_stress,operator_bias_shift,contact_grasp_policy,0,84,0.690476,0.558448,0.226311,0.106040,0.059750,0.219782,0.078225,minus_intervention_score,no do-effect separation score
combined_stress,operator_bias_shift,contact_grasp_policy,1,84,0.642857,0.559288,0.226953,0.107922,0.061258,0.212666,0.070647,minus_intervention_score,no do-effect separation score
combined_stress,operator_bias_shift,contact_grasp_policy,2,84,0.571429,0.560128,0.227595,0.110519,0.063284,0.213792,0.071074,minus_intervention_score,no do-effect separation score
combined_stress,operator_bias_shift,contact_grasp_policy,3,84,0.595238,0.560968,0.228237,0.102254,0.062755,0.213966,0.071500,minus_intervention_score,no do-effect separation score
combined_stress,operator_bias_shift,contact_grasp_policy,4,84,0.773810,0.561808,0.228879,0.097351,0.059332,0.212592,0.071926,minus_intervention_score,no do-effect separation score
combined_stress,operator_bias_shift,contact_grasp_policy,5,84,0.702381,0.562648,0.217515,0.099167,0.060891,0.213719,0.072160,minus_intervention_score,no do-effect separation score
combined_stress,operator_bias_shift,contact_grasp_policy,6,84,0.726190,0.563488,0.218157,0.098906,0.060842,0.213892,0.072587,minus_intervention_score,no do-effect separation score
combined_stress,operator_bias_shift,peg_search_policy,0,84,0.595238,0.542677,0.228454,0.108244,0.066330,0.219772,0.075882,minus_intervention_score,no do-effect separation score
combined_stress,operator_bias_shift,peg_search_policy,1,84,0.642857,0.527485,0.217072,0.106476,0.065281,0.219695,0.076104,minus_intervention_score,no do-effect separation score
combined_stress,operator_bias_shift,peg_search_policy,2,84,0.583333,0.528301,0.217696,0.108702,0.067035,0.220691,0.076518,minus_intervention_score,no do-effect separation score
combined_stress,operator_bias_shift,peg_search_policy,3,84,0.595238,0.529117,0.218320,0.108786,0.067232,0.212968,0.076932,minus_intervention_score,no do-effect separation score
combined_stress,operator_bias_shift,peg_search_policy,4,84,0.619048,0.529933,0.218944,0.108512,0.059165,0.213130,0.077346,minus_intervention_score,no do-effect separation score
combined_stress,operator_bias_shift,peg_search_policy,5,84,0.571429,0.530749,0.219568,0.102377,0.060179,0.214006,0.077760,minus_intervention_score,no do-effect separation score
combined_stress,operator_bias_shift,peg_search_policy,6,84,0.547619,0.531565,0.220192,0.103532,0.061154,0.214644,0.070170,minus_intervention_score,no do-effect separation score
combined_stress,operator_bias_shift,deformable_pull_policy,0,84,0.547619,0.576110,0.223199,0.104547,0.066412,0.215836,0.073639,minus_intervention_score,no do-effect separation score
combined_stress,operator_bias_shift,deformable_pull_policy,1,84,0.619048,0.576966,0.223853,0.102867,0.065334,0.215541,0.074073,minus_intervention_score,no do-effect separation score
combined_stress,operator_bias_shift,deformable_pull_policy,2,84,0.476190,0.561814,0.224507,0.107615,0.068927,0.217390,0.074508,minus_intervention_score,no do-effect separation score
combined_stress,operator_bias_shift,deformable_pull_policy,3,84,0.571429,0.562670,0.225161,0.105221,0.067329,0.216857,0.074942,minus_intervention_score,no do-effect separation score
combined_stress,operator_bias_shift,deformable_pull_policy,4,84,0.571429,0.563526,0.225815,0.105683,0.067808,0.217277,0.075377,minus_intervention_score,no do-effect separation score
combined_stress,operator_bias_shift,deformable_pull_policy,5,84,0.583333,0.564382,0.226469,0.105788,0.060023,0.217578,0.075811,minus_intervention_score,no do-effect separation score
combined_stress,operator_bias_shift,deformable_pull_policy,6,84,0.630952,0.565238,0.227123,0.104822,0.059464,0.217522,0.076246,minus_intervention_score,no do-effect separation score
combined_stress,operator_bias_shift,mobile_place_policy,0,84,0.559524,0.549549,0.223656,0.110400,0.062021,0.213614,0.078130,minus_intervention_score,no do-effect separation score
combined_stress,operator_bias_shift,mobile_place_policy,1,84,0.571429,0.550381,0.224292,0.110492,0.062227,0.213903,0.070548,minus_intervention_score,no do-effect separation score
combined_stress,operator_bias_shift,mobile_place_policy,2,84,0.535714,0.551213,0.224928,0.104009,0.062991,0.214668,0.070970,minus_intervention_score,no do-effect separation score
combined_stress,operator_bias_shift,mobile_place_policy,3,84,0.619048,0.552045,0.225564,0.101958,0.061639,0.214242,0.071392,minus_intervention_score,no do-effect separation score
combined_stress,operator_bias_shift,mobile_place_policy,4,84,0.523810,0.552877,0.226200,0.105265,0.064181,0.215603,0.071814,minus_intervention_score,no do-effect separation score
combined_stress,operator_bias_shift,mobile_place_policy,5,84,0.523810,0.553709,0.226836,0.105714,0.064646,0.216011,0.072237,minus_intervention_score,no do-effect separation score
combined_stress,operator_bias_shift,mobile_place_policy,6,84,0.607143,0.554541,0.227472,0.103663,0.063294,0.215586,0.072659,minus_intervention_score,no do-effect separation score
combined_stress,operator_bias_shift,force_limited_twist_policy,0,84,0.583333,0.558782,0.219003,0.109359,0.059596,0.213537,0.073412,minus_intervention_score,no do-effect separation score
combined_stress,operator_bias_shift,force_limited_twist_policy,1,84,0.583333,0.559670,0.219681,0.109839,0.060093,0.213973,0.073862,minus_intervention_score,no do-effect separation score
combined_stress,operator_bias_shift,force_limited_twist_policy,2,84,0.678571,0.560558,0.220359,0.099458,0.058033,0.213457,0.074313,minus_intervention_score,no do-effect separation score
combined_stress,operator_bias_shift,force_limited_twist_policy,3,84,0.630952,0.561446,0.221037,0.101367,0.059567,0.214369,0.074764,minus_intervention_score,no do-effect separation score
combined_stress,operator_bias_shift,force_limited_twist_policy,4,84,0.619048,0.562334,0.221715,0.102204,0.060323,0.214924,0.075215,minus_intervention_score,no do-effect separation score
combined_stress,operator_bias_shift,force_limited_twist_policy,5,84,0.630952,0.563222,0.222393,0.102327,0.060560,0.215241,0.075666,minus_intervention_score,no do-effect separation score
combined_stress,operator_bias_shift,force_limited_twist_policy,6,84,0.559524,0.564110,0.223071,0.104950,0.062614,0.216392,0.076117,minus_intervention_score,no do-effect separation score
combined_stress,rare_contact_mechanism,contact_grasp_policy,0,84,0.607143,0.552153,0.228822,0.104739,0.067086,0.216700,0.075697,minus_intervention_score,no do-effect separation score
combined_stress,rare_contact_mechanism,contact_grasp_policy,1,84,0.607143,0.553017,0.229482,0.105206,0.059565,0.217124,0.076136,minus_intervention_score,no do-effect separation score
combined_stress,rare_contact_mechanism,contact_grasp_policy,2,84,0.523810,0.553881,0.230142,0.108173,0.061865,0.218381,0.076574,minus_intervention_score,no do-effect separation score
combined_stress,rare_contact_mechanism,contact_grasp_policy,3,84,0.595238,0.554745,0.230802,0.106497,0.060791,0.218091,0.077013,minus_intervention_score,no do-effect separation score
combined_stress,rare_contact_mechanism,contact_grasp_policy,4,84,0.642857,0.555609,0.231462,0.105535,0.060236,0.218039,0.077451,minus_intervention_score,no do-effect separation score
combined_stress,rare_contact_mechanism,contact_grasp_policy,5,84,0.654762,0.556473,0.220116,0.104865,0.059993,0.218344,0.077698,minus_intervention_score,no do-effect separation score
combined_stress,rare_contact_mechanism,contact_grasp_policy,6,84,0.595238,0.557337,0.220776,0.107117,0.061773,0.219363,0.078136,minus_intervention_score,no do-effect separation score
combined_stress,rare_contact_mechanism,peg_search_policy,0,84,0.642857,0.528150,0.224791,0.106502,0.058685,0.219268,0.077144,minus_intervention_score,no do-effect separation score
combined_stress,rare_contact_mechanism,peg_search_policy,1,84,0.630952,0.528990,0.225433,0.107313,0.059414,0.219799,0.077570,minus_intervention_score,no do-effect separation score
combined_stress,rare_contact_mechanism,peg_search_policy,2,84,0.488095,0.529830,0.226075,0.112052,0.062998,0.221640,0.077996,minus_intervention_score,no do-effect separation score
combined_stress,rare_contact_mechanism,peg_search_policy,3,84,0.583333,0.530670,0.226717,0.109649,0.061391,0.221099,0.078423,minus_intervention_score,no do-effect separation score
combined_stress,rare_contact_mechanism,peg_search_policy,4,84,0.559524,0.531510,0.227359,0.110817,0.062380,0.221750,0.078849,minus_intervention_score,no do-effect separation score
combined_stress,rare_contact_mechanism,peg_search_policy,5,84,0.511905,0.532350,0.228001,0.112699,0.063888,0.214634,0.071271,minus_intervention_score,no do-effect separation score
combined_stress,rare_contact_mechanism,peg_search_policy,6,84,0.654762,0.533190,0.228643,0.108867,0.061243,0.213617,0.071697,minus_intervention_score,no do-effect separation score
combined_stress,rare_contact_mechanism,deformable_pull_policy,0,84,0.595238,0.574543,0.229255,0.109916,0.066014,0.221812,0.073532,minus_intervention_score,no do-effect separation score
combined_stress,rare_contact_mechanism,deformable_pull_policy,1,84,0.559524,0.575423,0.229927,0.111464,0.067285,0.214597,0.073979,minus_intervention_score,no do-effect separation score
combined_stress,rare_contact_mechanism,deformable_pull_policy,2,84,0.571429,0.560295,0.230599,0.111582,0.067517,0.214910,0.074425,minus_intervention_score,no do-effect separation score
combined_stress,rare_contact_mechanism,deformable_pull_policy,3,84,0.666667,0.561175,0.231271,0.101197,0.065453,0.214390,0.074872,minus_intervention_score,no do-effect separation score
combined_stress,rare_contact_mechanism,deformable_pull_policy,4,84,0.583333,0.562055,0.231943,0.104172,0.059758,0.215655,0.075319,minus_intervention_score,no do-effect separation score
combined_stress,rare_contact_mechanism,deformable_pull_policy,5,84,0.535714,0.562935,0.220609,0.105296,0.060821,0.216563,0.075573,minus_intervention_score,no do-effect separation score
combined_stress,rare_contact_mechanism,deformable_pull_policy,6,84,0.559524,0.563815,0.221281,0.105058,0.060794,0.216757,0.076020,minus_intervention_score,no do-effect separation score
combined_stress,rare_contact_mechanism,mobile_place_policy,0,84,0.595238,0.555902,0.223647,0.103684,0.064884,0.215665,0.073882,minus_intervention_score,no do-effect separation score
combined_stress,rare_contact_mechanism,mobile_place_policy,1,84,0.523810,0.556758,0.224301,0.106289,0.066920,0.216800,0.074316,minus_intervention_score,no do-effect separation score
combined_stress,rare_contact_mechanism,mobile_place_policy,2,84,0.630952,0.557614,0.224955,0.103537,0.065063,0.216148,0.074750,minus_intervention_score,no do-effect separation score
combined_stress,rare_contact_mechanism,mobile_place_policy,3,84,0.559524,0.542462,0.225609,0.106143,0.067098,0.217283,0.075185,minus_intervention_score,no do-effect separation score
combined_stress,rare_contact_mechanism,mobile_place_policy,4,84,0.476190,0.543318,0.226263,0.109105,0.069394,0.218536,0.075619,minus_intervention_score,no do-effect separation score
combined_stress,rare_contact_mechanism,mobile_place_policy,5,84,0.595238,0.544174,0.226917,0.105996,0.067277,0.217765,0.076054,minus_intervention_score,no do-effect separation score
combined_stress,rare_contact_mechanism,mobile_place_policy,6,84,0.690476,0.545030,0.227571,0.103602,0.057676,0.217233,0.076488,minus_intervention_score,no do-effect separation score
combined_stress,rare_contact_mechanism,force_limited_twist_policy,0,84,0.559524,0.568039,0.221172,0.106022,0.065380,0.217636,0.078654,minus_intervention_score,no do-effect separation score
combined_stress,rare_contact_mechanism,force_limited_twist_policy,1,84,0.654762,0.568951,0.221868,0.103659,0.063814,0.217132,0.079117,minus_intervention_score,no do-effect separation score
combined_stress,rare_contact_mechanism,force_limited_twist_policy,2,84,0.559524,0.569863,0.222564,0.107009,0.066400,0.218532,0.071577,minus_intervention_score,no do-effect separation score
combined_stress,rare_contact_mechanism,force_limited_twist_policy,3,84,0.535714,0.570775,0.223260,0.108216,0.067429,0.219218,0.072040,minus_intervention_score,no do-effect separation score
combined_stress,rare_contact_mechanism,force_limited_twist_policy,4,84,0.571429,0.555679,0.223956,0.107638,0.067160,0.219309,0.072503,minus_intervention_score,no do-effect separation score
combined_stress,rare_contact_mechanism,force_limited_twist_policy,5,84,0.630952,0.556591,0.224652,0.106346,0.066373,0.219162,0.072966,minus_intervention_score,no do-effect separation score
combined_stress,rare_contact_mechanism,force_limited_twist_policy,6,84,0.595238,0.557503,0.225348,0.107910,0.059657,0.219967,0.073429,minus_intervention_score,no do-effect separation score
combined_stress,intervention_gap,contact_grasp_policy,0,84,0.535714,0.561387,0.234597,0.111913,0.066991,0.220844,0.077082,minus_intervention_score,no do-effect separation score
combined_stress,intervention_gap,contact_grasp_policy,1,84,0.630952,0.562203,0.235221,0.109497,0.065372,0.220291,0.077496,minus_intervention_score,no do-effect separation score
combined_stress,intervention_gap,contact_grasp_policy,2,84,0.678571,0.563020,0.235845,0.108509,0.064790,0.220215,0.077910,minus_intervention_score,no do-effect separation score
combined_stress,intervention_gap,contact_grasp_policy,3,84,0.595238,0.547827,0.224463,0.110669,0.066596,0.221448,0.078131,minus_intervention_score,no do-effect separation score
combined_stress,intervention_gap,contact_grasp_policy,4,84,0.571429,0.548643,0.225087,0.111824,0.067571,0.222087,0.078545,minus_intervention_score,no do-effect separation score
combined_stress,intervention_gap,contact_grasp_policy,5,84,0.583333,0.549459,0.225711,0.111907,0.067768,0.222367,0.078959,minus_intervention_score,no do-effect separation score
combined_stress,intervention_gap,contact_grasp_policy,6,84,0.761905,0.550275,0.226335,0.106991,0.056327,0.212978,0.079373,minus_intervention_score,no do-effect separation score
combined_stress,intervention_gap,peg_search_policy,0,84,0.690476,0.537840,0.230908,0.102351,0.063773,0.214446,0.078762,minus_intervention_score,no do-effect separation score
combined_stress,intervention_gap,peg_search_policy,1,84,0.583333,0.538632,0.231514,0.105992,0.066552,0.215905,0.079163,minus_intervention_score,no do-effect separation score
combined_stress,intervention_gap,peg_search_policy,2,84,0.619048,0.523416,0.232120,0.105348,0.066216,0.215936,0.079565,minus_intervention_score,no do-effect separation score
combined_stress,intervention_gap,peg_search_policy,3,84,0.595238,0.524208,0.232726,0.106490,0.067178,0.216562,0.079967,minus_intervention_score,no do-effect separation score
combined_stress,intervention_gap,peg_search_policy,4,84,0.619048,0.525000,0.233332,0.106203,0.067102,0.216712,0.072364,minus_intervention_score,no do-effect separation score
combined_stress,intervention_gap,peg_search_policy,5,84,0.666667,0.525792,0.233938,0.105202,0.058503,0.216624,0.072766,minus_intervention_score,no do-effect separation score
combined_stress,intervention_gap,peg_search_policy,6,84,0.607143,0.526584,0.234544,0.107415,0.060243,0.217607,0.073168,minus_intervention_score,no do-effect separation score
combined_stress,intervention_gap,deformable_pull_policy,0,84,0.583333,0.558313,0.227939,0.110116,0.067338,0.220633,0.078079,minus_intervention_score,no do-effect separation score
combined_stress,intervention_gap,deformable_pull_policy,1,84,0.583333,0.559145,0.228575,0.110565,0.067803,0.221041,0.078501,minus_intervention_score,no do-effect separation score
combined_stress,intervention_gap,deformable_pull_policy,2,84,0.607143,0.559977,0.229211,0.110300,0.059746,0.221211,0.078923,minus_intervention_score,no do-effect separation score
combined_stress,intervention_gap,deformable_pull_policy,3,84,0.559524,0.560809,0.229847,0.112178,0.061249,0.222095,0.079345,minus_intervention_score,no do-effect separation score
combined_stress,intervention_gap,deformable_pull_policy,4,84,0.452381,0.561641,0.230483,0.115842,0.064050,0.223574,0.079767,minus_intervention_score,no do-effect separation score
combined_stress,intervention_gap,deformable_pull_policy,5,84,0.547619,0.562473,0.231119,0.113434,0.062439,0.223030,0.080190,minus_intervention_score,no do-effect separation score
combined_stress,intervention_gap,deformable_pull_policy,6,84,0.452381,0.563305,0.231755,0.116741,0.064980,0.216386,0.080612,minus_intervention_score,no do-effect separation score
combined_stress,intervention_gap,mobile_place_policy,0,84,0.571429,0.555849,0.234462,0.113117,0.067509,0.222693,0.078707,minus_intervention_score,no do-effect separation score
combined_stress,intervention_gap,mobile_place_policy,1,84,0.595238,0.540649,0.235080,0.112839,0.067441,0.214847,0.079116,minus_intervention_score,no do-effect separation score
combined_stress,intervention_gap,mobile_place_policy,2,84,0.523810,0.541457,0.235698,0.115418,0.069450,0.215957,0.079526,minus_intervention_score,no do-effect separation score
combined_stress,intervention_gap,mobile_place_policy,3,84,0.559524,0.542265,0.224310,0.105998,0.060172,0.215996,0.079744,minus_intervention_score,no do-effect separation score
combined_stress,intervention_gap,mobile_place_policy,4,84,0.500000,0.543073,0.224928,0.108220,0.061922,0.216987,0.080154,minus_intervention_score,no do-effect separation score
combined_stress,intervention_gap,mobile_place_policy,5,84,0.595238,0.543881,0.225546,0.105799,0.060297,0.216431,0.072560,minus_intervention_score,no do-effect separation score
combined_stress,intervention_gap,mobile_place_policy,6,84,0.559524,0.544689,0.226164,0.107307,0.061528,0.217184,0.072970,minus_intervention_score,no do-effect separation score
combined_stress,intervention_gap,force_limited_twist_policy,0,84,0.595238,0.562177,0.227631,0.110483,0.063459,0.221165,0.072502,minus_intervention_score,no do-effect separation score
combined_stress,intervention_gap,force_limited_twist_policy,1,84,0.547619,0.563041,0.228291,0.112378,0.064981,0.222065,0.072940,minus_intervention_score,no do-effect separation score
combined_stress,intervention_gap,force_limited_twist_policy,2,84,0.547619,0.563905,0.228951,0.112845,0.065464,0.222489,0.073379,minus_intervention_score,no do-effect separation score
combined_stress,intervention_gap,force_limited_twist_policy,3,84,0.595238,0.564769,0.229611,0.111884,0.064909,0.222437,0.073817,minus_intervention_score,no do-effect separation score
combined_stress,intervention_gap,force_limited_twist_policy,4,84,0.642857,0.565633,0.230271,0.110922,0.064354,0.214381,0.074256,minus_intervention_score,no do-effect separation score
combined_stress,intervention_gap,force_limited_twist_policy,5,84,0.559524,0.566497,0.230931,0.113889,0.066653,0.215638,0.074694,minus_intervention_score,no do-effect separation score
combined_stress,intervention_gap,force_limited_twist_policy,6,84,0.619048,0.567361,0.231591,0.104566,0.065359,0.215467,0.075133,minus_intervention_score,no do-effect separation score
combined_stress,compound_spurious_shift,contact_grasp_policy,0,84,0.678571,0.557960,0.242092,0.115663,0.065530,0.215806,0.077161,minus_intervention_score,no do-effect separation score
combined_stress,compound_spurious_shift,contact_grasp_policy,1,84,0.571429,0.542824,0.242758,0.119348,0.068353,0.217306,0.077604,minus_intervention_score,no do-effect separation score
combined_stress,compound_spurious_shift,contact_grasp_policy,2,84,0.535714,0.543696,0.243424,0.112887,0.069139,0.218091,0.078047,minus_intervention_score,no do-effect separation score
combined_stress,compound_spurious_shift,contact_grasp_policy,3,84,0.607143,0.544569,0.244090,0.111216,0.068069,0.217805,0.078489,minus_intervention_score,no do-effect separation score
combined_stress,compound_spurious_shift,contact_grasp_policy,4,84,0.535714,0.545440,0.244756,0.113830,0.062110,0.218947,0.078932,minus_intervention_score,no do-effect separation score
combined_stress,compound_spurious_shift,contact_grasp_policy,5,84,0.476190,0.546312,0.233416,0.115306,0.063428,0.219970,0.079183,minus_intervention_score,no do-effect separation score
combined_stress,compound_spurious_shift,contact_grasp_policy,6,84,0.559524,0.547184,0.234082,0.113278,0.062099,0.219565,0.079625,minus_intervention_score,no do-effect separation score
combined_stress,compound_spurious_shift,peg_search_policy,0,84,0.654762,0.531213,0.236003,0.109701,0.064415,0.217598,0.077203,minus_intervention_score,no do-effect separation score
combined_stress,compound_spurious_shift,peg_search_policy,1,84,0.559524,0.532061,0.236651,0.113017,0.066965,0.218966,0.077633,minus_intervention_score,no do-effect separation score
combined_stress,compound_spurious_shift,peg_search_policy,2,84,0.559524,0.532909,0.237299,0.113475,0.067439,0.219382,0.078064,minus_intervention_score,no do-effect separation score
combined_stress,compound_spurious_shift,peg_search_policy,3,84,0.619048,0.533757,0.237947,0.112147,0.066616,0.219203,0.078494,minus_intervention_score,no do-effect separation score
combined_stress,compound_spurious_shift,peg_search_policy,4,84,0.535714,0.518597,0.238595,0.115105,0.068907,0.220452,0.078925,minus_intervention_score,no do-effect separation score
combined_stress,compound_spurious_shift,peg_search_policy,5,84,0.583333,0.519445,0.239243,0.114135,0.068343,0.220392,0.079355,minus_intervention_score,no do-effect separation score
combined_stress,compound_spurious_shift,peg_search_policy,6,84,0.630952,0.520293,0.239891,0.113164,0.059775,0.220332,0.079785,minus_intervention_score,no do-effect separation score
combined_stress,compound_spurious_shift,deformable_pull_policy,0,84,0.476190,0.565918,0.243707,0.119415,0.069011,0.223611,0.075803,minus_intervention_score,no do-effect separation score
combined_stress,compound_spurious_shift,deformable_pull_policy,1,84,0.547619,0.566806,0.244385,0.117752,0.067950,0.223333,0.076254,minus_intervention_score,no do-effect separation score
combined_stress,compound_spurious_shift,deformable_pull_policy,2,84,0.488095,0.567694,0.245063,0.120018,0.069744,0.224364,0.076705,minus_intervention_score,no do-effect separation score
combined_stress,compound_spurious_shift,deformable_pull_policy,3,84,0.476190,0.552574,0.233735,0.120075,0.070033,0.224919,0.076963,minus_intervention_score,no do-effect separation score
combined_stress,compound_spurious_shift,deformable_pull_policy,4,84,0.547619,0.553462,0.234413,0.118412,0.068973,0.224641,0.077414,minus_intervention_score,no do-effect separation score
combined_stress,compound_spurious_shift,deformable_pull_policy,5,84,0.535714,0.554350,0.235091,0.119250,0.061725,0.217192,0.077865,minus_intervention_score,no do-effect separation score
combined_stress,compound_spurious_shift,deformable_pull_policy,6,84,0.404762,0.555238,0.235769,0.123658,0.065076,0.218938,0.078316,minus_intervention_score,no do-effect separation score
combined_stress,compound_spurious_shift,mobile_place_policy,0,84,0.523810,0.544582,0.236077,0.118279,0.065815,0.223644,0.074772,minus_intervention_score,no do-effect separation score
combined_stress,compound_spurious_shift,mobile_place_policy,1,84,0.500000,0.545446,0.236737,0.119460,0.066817,0.224307,0.075211,minus_intervention_score,no do-effect separation score
combined_stress,compound_spurious_shift,mobile_place_policy,2,84,0.595238,0.546310,0.237397,0.117070,0.065224,0.223778,0.075650,minus_intervention_score,no do-effect separation score
combined_stress,compound_spurious_shift,mobile_place_policy,3,84,0.488095,0.547174,0.238057,0.120751,0.068043,0.225274,0.076088,minus_intervention_score,no do-effect separation score
combined_stress,compound_spurious_shift,mobile_place_policy,4,84,0.607143,0.548038,0.238717,0.117646,0.065931,0.216503,0.076527,minus_intervention_score,no do-effect separation score
combined_stress,compound_spurious_shift,mobile_place_policy,5,84,0.619048,0.548902,0.239377,0.117756,0.066155,0.216808,0.076965,minus_intervention_score,no do-effect separation score
combined_stress,compound_spurious_shift,mobile_place_policy,6,84,0.619048,0.549766,0.240037,0.110219,0.066157,0.217232,0.077404,minus_intervention_score,no do-effect separation score
combined_stress,compound_spurious_shift,force_limited_twist_policy,0,84,0.583333,0.563022,0.238330,0.113215,0.067280,0.219811,0.082773,minus_intervention_score,no do-effect separation score
combined_stress,compound_spurious_shift,force_limited_twist_policy,1,84,0.583333,0.547934,0.239032,0.113713,0.067794,0.220263,0.075236,minus_intervention_score,no do-effect separation score
combined_stress,compound_spurious_shift,force_limited_twist_policy,2,84,0.523810,0.548854,0.239734,0.115996,0.069606,0.221310,0.075703,minus_intervention_score,no do-effect separation score
combined_stress,compound_spurious_shift,force_limited_twist_policy,3,84,0.666667,0.549774,0.240436,0.112208,0.059002,0.220334,0.076170,minus_intervention_score,no do-effect separation score
combined_stress,compound_spurious_shift,force_limited_twist_policy,4,84,0.547619,0.550694,0.241138,0.116277,0.062112,0.221976,0.076638,minus_intervention_score,no do-effect separation score
combined_stress,compound_spurious_shift,force_limited_twist_policy,5,84,0.571429,0.551614,0.241840,0.116061,0.062107,0.222190,0.077105,minus_intervention_score,no do-effect separation score
combined_stress,compound_spurious_shift,force_limited_twist_policy,6,84,0.559524,0.552534,0.242542,0.116916,0.062881,0.222761,0.077572,minus_intervention_score,no do-effect separation score
combined_stress,iid_mechanisms,contact_grasp_policy,0,84,0.702381,0.579082,0.187784,0.080071,0.058361,0.211486,0.071997,minus_mechanism_coverage,does not cover rare causal mechanisms
combined_stress,iid_mechanisms,contact_grasp_policy,1,84,0.761905,0.579882,0.188396,0.078717,0.057511,0.211283,0.072402,minus_mechanism_coverage,does not cover rare causal mechanisms
combined_stress,iid_mechanisms,contact_grasp_policy,2,84,0.761905,0.580681,0.189008,0.079148,0.057958,0.211675,0.072808,minus_mechanism_coverage,does not cover rare causal mechanisms
combined_stress,iid_mechanisms,contact_grasp_policy,3,84,0.726190,0.581481,0.189620,0.080652,0.051180,0.212424,0.065210,minus_mechanism_coverage,does not cover rare causal mechanisms
combined_stress,iid_mechanisms,contact_grasp_policy,4,84,0.571429,0.582282,0.190232,0.085726,0.055001,0.214363,0.065616,minus_mechanism_coverage,does not cover rare causal mechanisms
combined_stress,iid_mechanisms,contact_grasp_policy,5,84,0.642857,0.583082,0.190844,0.084015,0.053891,0.214041,0.066022,minus_mechanism_coverage,does not cover rare causal mechanisms
combined_stress,iid_mechanisms,contact_grasp_policy,6,84,0.714286,0.583882,0.179450,0.081524,0.052314,0.213719,0.066235,minus_mechanism_coverage,does not cover rare causal mechanisms
combined_stress,iid_mechanisms,peg_search_policy,0,84,0.666667,0.561022,0.188256,0.087241,0.054842,0.217741,0.068483,minus_mechanism_coverage,does not cover rare causal mechanisms
combined_stress,iid_mechanisms,peg_search_policy,1,84,0.714286,0.561798,0.188850,0.086231,0.054238,0.217644,0.068877,minus_mechanism_coverage,does not cover rare causal mechanisms
combined_stress,iid_mechanisms,peg_search_policy,2,84,0.690476,0.562574,0.189444,0.087364,0.055191,0.210258,0.069270,minus_mechanism_coverage,does not cover rare causal mechanisms
combined_stress,iid_mechanisms,peg_search_policy,3,84,0.726190,0.563350,0.190038,0.086711,0.054846,0.210281,0.069664,minus_mechanism_coverage,does not cover rare causal mechanisms
combined_stress,iid_mechanisms,peg_search_policy,4,84,0.619048,0.564126,0.190632,0.082340,0.057136,0.211733,0.070057,minus_mechanism_coverage,does not cover rare causal mechanisms
combined_stress,iid_mechanisms,peg_search_policy,5,84,0.678571,0.564902,0.179220,0.080192,0.055805,0.211518,0.070259,minus_mechanism_coverage,does not cover rare causal mechanisms
combined_stress,iid_mechanisms,peg_search_policy,6,84,0.690476,0.565678,0.179814,0.080254,0.055979,0.211778,0.070652,minus_mechanism_coverage,does not cover rare causal mechanisms
combined_stress,iid_mechanisms,deformable_pull_policy,0,84,0.559524,0.588863,0.190714,0.091039,0.062043,0.219608,0.071571,minus_mechanism_coverage,does not cover rare causal mechanisms
combined_stress,iid_mechanisms,deformable_pull_policy,1,84,0.583333,0.589679,0.191338,0.090765,0.061980,0.211766,0.071985,minus_mechanism_coverage,does not cover rare causal mechanisms
combined_stress,iid_mechanisms,deformable_pull_policy,2,84,0.726190,0.590495,0.179956,0.086139,0.058855,0.210737,0.072207,minus_mechanism_coverage,does not cover rare causal mechanisms
combined_stress,iid_mechanisms,deformable_pull_policy,3,84,0.654762,0.591311,0.180580,0.080719,0.052384,0.211851,0.072621,minus_mechanism_coverage,does not cover rare causal mechanisms
combined_stress,iid_mechanisms,deformable_pull_policy,4,84,0.571429,0.592127,0.181204,0.083659,0.054657,0.213085,0.065031,minus_mechanism_coverage,does not cover rare causal mechanisms
combined_stress,iid_mechanisms,deformable_pull_policy,5,84,0.654762,0.592943,0.181828,0.081600,0.053297,0.212651,0.065445,minus_mechanism_coverage,does not cover rare causal mechanisms
combined_stress,iid_mechanisms,deformable_pull_policy,6,84,0.702381,0.593759,0.182452,0.080612,0.052715,0.212575,0.065859,minus_mechanism_coverage,does not cover rare causal mechanisms
combined_stress,iid_mechanisms,mobile_place_policy,0,84,0.714286,0.575783,0.189349,0.083219,0.052647,0.214693,0.066765,minus_mechanism_coverage,does not cover rare causal mechanisms
combined_stress,iid_mechanisms,mobile_place_policy,1,84,0.654762,0.576575,0.189955,0.085432,0.054387,0.215677,0.067166,minus_mechanism_coverage,does not cover rare causal mechanisms
combined_stress,iid_mechanisms,mobile_place_policy,2,84,0.571429,0.577367,0.190561,0.088360,0.056647,0.216898,0.067568,minus_mechanism_coverage,does not cover rare causal mechanisms
combined_stress,iid_mechanisms,mobile_place_policy,3,84,0.630952,0.578159,0.179161,0.086221,0.055325,0.216691,0.067778,minus_mechanism_coverage,does not cover rare causal mechanisms
combined_stress,iid_mechanisms,mobile_place_policy,4,84,0.702381,0.578951,0.179767,0.084505,0.054211,0.216364,0.068179,minus_mechanism_coverage,does not cover rare causal mechanisms
combined_stress,iid_mechanisms,mobile_place_policy,5,84,0.547619,0.579743,0.180373,0.089576,0.058027,0.218300,0.068581,minus_mechanism_coverage,does not cover rare causal mechanisms
combined_stress,iid_mechanisms,mobile_place_policy,6,84,0.642857,0.580535,0.180979,0.087146,0.056394,0.217736,0.068983,minus_mechanism_coverage,does not cover rare causal mechanisms
combined_stress,iid_mechanisms,force_limited_twist_policy,0,84,0.630952,0.585511,0.185019,0.085662,0.060836,0.215936,0.070304,minus_mechanism_coverage,does not cover rare causal mechanisms
combined_stress,iid_mechanisms,force_limited_twist_policy,1,84,0.654762,0.586359,0.185667,0.085406,0.052787,0.216114,0.070734,minus_mechanism_coverage,does not cover rare causal mechanisms
combined_stress,iid_mechanisms,force_limited_twist_policy,2,84,0.559524,0.587207,0.186315,0.088721,0.055338,0.217483,0.071165,minus_mechanism_coverage,does not cover rare causal mechanisms
combined_stress,iid_mechanisms,force_limited_twist_policy,3,84,0.654762,0.588055,0.186963,0.086322,0.053736,0.216946,0.071595,minus_mechanism_coverage,does not cover rare causal mechanisms
combined_stress,iid_mechanisms,force_limited_twist_policy,4,84,0.619048,0.588903,0.187611,0.087851,0.054989,0.217720,0.072025,minus_mechanism_coverage,does not cover rare causal mechanisms
combined_stress,iid_mechanisms,force_limited_twist_policy,5,84,0.654762,0.589751,0.188259,0.087238,0.054684,0.217778,0.072456,minus_mechanism_coverage,does not cover rare causal mechanisms
combined_stress,iid_mechanisms,force_limited_twist_policy,6,84,0.702381,0.590599,0.188907,0.086268,0.054120,0.217718,0.072886,minus_mechanism_coverage,does not cover rare causal mechanisms
combined_stress,color_mechanism_confound,contact_grasp_policy,0,84,0.607143,0.574388,0.200417,0.090063,0.062252,0.215049,0.071659,minus_mechanism_coverage,does not cover rare causal mechanisms
combined_stress,color_mechanism_confound,contact_grasp_policy,1,84,0.666667,0.575268,0.201089,0.088753,0.053442,0.214885,0.072105,minus_mechanism_coverage,does not cover rare causal mechanisms
combined_stress,color_mechanism_confound,contact_grasp_policy,2,84,0.654762,0.576148,0.189755,0.088805,0.053727,0.215436,0.072360,minus_mechanism_coverage,does not cover rare causal mechanisms
combined_stress,color_mechanism_confound,contact_grasp_policy,3,84,0.702381,0.577028,0.190427,0.087852,0.053180,0.215392,0.072807,minus_mechanism_coverage,does not cover rare causal mechanisms
combined_stress,color_mechanism_confound,contact_grasp_policy,4,84,0.726190,0.577908,0.191099,0.087614,0.053153,0.215586,0.073254,minus_mechanism_coverage,does not cover rare causal mechanisms
combined_stress,color_mechanism_confound,contact_grasp_policy,5,84,0.654762,0.578788,0.191771,0.090232,0.055203,0.216732,0.073700,minus_mechanism_coverage,does not cover rare causal mechanisms
combined_stress,color_mechanism_confound,contact_grasp_policy,6,84,0.607143,0.579668,0.192443,0.092137,0.056733,0.217641,0.074147,minus_mechanism_coverage,does not cover rare causal mechanisms
combined_stress,color_mechanism_confound,peg_search_policy,0,84,0.666667,0.560905,0.192315,0.088103,0.058268,0.214635,0.070296,minus_mechanism_coverage,does not cover rare causal mechanisms
combined_stress,color_mechanism_confound,peg_search_policy,1,84,0.642857,0.561761,0.192969,0.089279,0.059266,0.215293,0.070731,minus_mechanism_coverage,does not cover rare causal mechanisms
combined_stress,color_mechanism_confound,peg_search_policy,2,84,0.559524,0.562617,0.193623,0.092242,0.061561,0.216546,0.071165,minus_mechanism_coverage,does not cover rare causal mechanisms
combined_stress,color_mechanism_confound,peg_search_policy,3,84,0.702381,0.563473,0.194277,0.088419,0.058925,0.215538,0.071599,minus_mechanism_coverage,does not cover rare causal mechanisms
combined_stress,color_mechanism_confound,peg_search_policy,4,84,0.666667,0.548321,0.194931,0.089953,0.060182,0.216315,0.072034,minus_mechanism_coverage,does not cover rare causal mechanisms
combined_stress,color_mechanism_confound,peg_search_policy,5,84,0.595238,0.549177,0.195585,0.092558,0.062218,0.217449,0.072468,minus_mechanism_coverage,does not cover rare causal mechanisms
combined_stress,color_mechanism_confound,peg_search_policy,6,84,0.690476,0.550033,0.196239,0.090163,0.052617,0.216917,0.072903,minus_mechanism_coverage,does not cover rare causal mechanisms
combined_stress,color_mechanism_confound,deformable_pull_policy,0,84,0.642857,0.583922,0.191156,0.094757,0.061435,0.213257,0.070914,minus_mechanism_coverage,does not cover rare causal mechanisms
combined_stress,color_mechanism_confound,deformable_pull_policy,1,84,0.583333,0.584818,0.191840,0.097028,0.055229,0.214292,0.071369,minus_mechanism_coverage,does not cover rare causal mechanisms
combined_stress,color_mechanism_confound,deformable_pull_policy,2,84,0.619048,0.585714,0.192524,0.088437,0.054472,0.214375,0.071824,minus_mechanism_coverage,does not cover rare causal mechanisms
combined_stress,color_mechanism_confound,deformable_pull_policy,3,84,0.571429,0.586610,0.193208,0.090350,0.056011,0.215291,0.072279,minus_mechanism_coverage,does not cover rare causal mechanisms
combined_stress,color_mechanism_confound,deformable_pull_policy,4,84,0.642857,0.587506,0.193892,0.088691,0.054955,0.215017,0.072734,minus_mechanism_coverage,does not cover rare causal mechanisms
combined_stress,color_mechanism_confound,deformable_pull_policy,5,84,0.511905,0.588402,0.194576,0.093104,0.058310,0.216766,0.073189,minus_mechanism_coverage,does not cover rare causal mechanisms
combined_stress,color_mechanism_confound,deformable_pull_policy,6,84,0.595238,0.589298,0.195260,0.091089,0.056995,0.216373,0.073644,minus_mechanism_coverage,does not cover rare causal mechanisms
combined_stress,color_mechanism_confound,mobile_place_policy,0,84,0.678571,0.575898,0.193582,0.093284,0.057461,0.220065,0.068697,minus_mechanism_coverage,does not cover rare causal mechanisms
combined_stress,color_mechanism_confound,mobile_place_policy,1,84,0.583333,0.576770,0.194248,0.096612,0.060025,0.213441,0.069139,minus_mechanism_coverage,does not cover rare causal mechanisms
combined_stress,color_mechanism_confound,mobile_place_policy,2,84,0.630952,0.577642,0.194914,0.095655,0.059474,0.213393,0.069582,minus_mechanism_coverage,does not cover rare causal mechanisms
combined_stress,color_mechanism_confound,mobile_place_policy,3,84,0.678571,0.578514,0.195580,0.094698,0.058924,0.213345,0.070024,minus_mechanism_coverage,does not cover rare causal mechanisms
combined_stress,color_mechanism_confound,mobile_place_policy,4,84,0.642857,0.579386,0.196246,0.088236,0.059710,0.214130,0.070467,minus_mechanism_coverage,does not cover rare causal mechanisms
combined_stress,color_mechanism_confound,mobile_place_policy,5,84,0.583333,0.580258,0.196912,0.090493,0.061495,0.215153,0.070910,minus_mechanism_coverage,does not cover rare causal mechanisms
combined_stress,color_mechanism_confound,mobile_place_policy,6,84,0.678571,0.565122,0.197578,0.088107,0.059906,0.214629,0.071352,minus_mechanism_coverage,does not cover rare causal mechanisms
combined_stress,color_mechanism_confound,force_limited_twist_policy,0,84,0.642857,0.584634,0.200515,0.094534,0.056521,0.220336,0.071920,minus_mechanism_coverage,does not cover rare causal mechanisms
combined_stress,color_mechanism_confound,force_limited_twist_policy,1,84,0.666667,0.585562,0.201223,0.094321,0.056521,0.220554,0.072391,minus_mechanism_coverage,does not cover rare causal mechanisms
combined_stress,color_mechanism_confound,force_limited_twist_policy,2,84,0.678571,0.586490,0.189925,0.093686,0.056313,0.212887,0.072670,minus_mechanism_coverage,does not cover rare causal mechanisms
combined_stress,color_mechanism_confound,force_limited_twist_policy,3,84,0.678571,0.587418,0.190633,0.094188,0.056832,0.213343,0.073142,minus_mechanism_coverage,does not cover rare causal mechanisms
combined_stress,color_mechanism_confound,force_limited_twist_policy,4,84,0.619048,0.588346,0.191341,0.088472,0.058168,0.214394,0.073613,minus_mechanism_coverage,does not cover rare causal mechanisms
combined_stress,color_mechanism_confound,force_limited_twist_policy,5,84,0.595238,0.589274,0.192049,0.089688,0.059206,0.215088,0.074084,minus_mechanism_coverage,does not cover rare causal mechanisms
combined_stress,color_mechanism_confound,force_limited_twist_policy,6,84,0.630952,0.590202,0.192757,0.089119,0.058947,0.215187,0.074556,minus_mechanism_coverage,does not cover rare causal mechanisms
combined_stress,material_shift,contact_grasp_policy,0,84,0.607143,0.577287,0.194742,0.094074,0.056810,0.218902,0.071408,minus_mechanism_coverage,does not cover rare causal mechanisms
combined_stress,material_shift,contact_grasp_policy,1,84,0.607143,0.578087,0.195354,0.094506,0.057257,0.219294,0.071814,minus_mechanism_coverage,does not cover rare causal mechanisms
combined_stress,material_shift,contact_grasp_policy,2,84,0.595238,0.578887,0.195966,0.095295,0.057964,0.219805,0.072219,minus_mechanism_coverage,does not cover rare causal mechanisms
combined_stress,material_shift,contact_grasp_policy,3,84,0.571429,0.579687,0.196578,0.096441,0.058930,0.220435,0.072625,minus_mechanism_coverage,does not cover rare causal mechanisms
combined_stress,material_shift,contact_grasp_policy,4,84,0.726190,0.580487,0.197190,0.092230,0.056004,0.219280,0.073031,minus_mechanism_coverage,does not cover rare causal mechanisms
combined_stress,material_shift,contact_grasp_policy,5,84,0.702381,0.581287,0.197802,0.093376,0.056970,0.219910,0.073437,minus_mechanism_coverage,does not cover rare causal mechanisms
combined_stress,material_shift,contact_grasp_policy,6,84,0.595238,0.582087,0.198414,0.097022,0.059753,0.221373,0.073843,minus_mechanism_coverage,does not cover rare causal mechanisms
combined_stress,material_shift,peg_search_policy,0,84,0.702381,0.559228,0.195214,0.089311,0.057960,0.215843,0.075898,minus_mechanism_coverage,does not cover rare causal mechanisms
combined_stress,material_shift,peg_search_policy,1,84,0.642857,0.560004,0.195808,0.091516,0.059691,0.216819,0.076292,minus_mechanism_coverage,does not cover rare causal mechanisms
combined_stress,material_shift,peg_search_policy,2,84,0.607143,0.560780,0.196402,0.093006,0.060904,0.217556,0.068681,minus_mechanism_coverage,does not cover rare causal mechanisms
combined_stress,material_shift,peg_search_policy,3,84,0.535714,0.545548,0.196996,0.095567,0.062895,0.218650,0.069075,minus_mechanism_coverage,does not cover rare causal mechanisms
combined_stress,material_shift,peg_search_policy,4,84,0.619048,0.546324,0.197590,0.093486,0.061512,0.218197,0.069468,minus_mechanism_coverage,does not cover rare causal mechanisms
combined_stress,material_shift,peg_search_policy,5,84,0.666667,0.547100,0.198184,0.092476,0.060908,0.218101,0.069862,minus_mechanism_coverage,does not cover rare causal mechanisms
combined_stress,material_shift,peg_search_policy,6,84,0.583333,0.547876,0.198778,0.095395,0.055154,0.219314,0.070255,minus_mechanism_coverage,does not cover rare causal mechanisms
combined_stress,material_shift,deformable_pull_policy,0,84,0.500000,0.587069,0.197672,0.095967,0.059233,0.218663,0.070982,minus_mechanism_coverage,does not cover rare causal mechanisms
combined_stress,material_shift,deformable_pull_policy,1,84,0.535714,0.587885,0.198296,0.095336,0.058910,0.218706,0.071396,minus_mechanism_coverage,does not cover rare causal mechanisms
combined_stress,material_shift,deformable_pull_policy,2,84,0.619048,0.588701,0.198920,0.093276,0.057550,0.218272,0.071810,minus_mechanism_coverage,does not cover rare causal mechanisms
combined_stress,material_shift,deformable_pull_policy,3,84,0.535714,0.589517,0.199544,0.096217,0.059823,0.219506,0.072224,minus_mechanism_coverage,does not cover rare causal mechanisms
combined_stress,material_shift,deformable_pull_policy,4,84,0.571429,0.590333,0.200168,0.095586,0.059500,0.219549,0.072638,minus_mechanism_coverage,does not cover rare causal mechanisms
combined_stress,material_shift,deformable_pull_policy,5,84,0.571429,0.591149,0.200792,0.096027,0.059957,0.219949,0.073052,minus_mechanism_coverage,does not cover rare causal mechanisms
combined_stress,material_shift,deformable_pull_policy,6,84,0.547619,0.591965,0.201416,0.097181,0.060932,0.220587,0.073466,minus_mechanism_coverage,does not cover rare causal mechanisms
combined_stress,material_shift,mobile_place_policy,0,84,0.607143,0.573988,0.196307,0.097580,0.059359,0.214225,0.074180,minus_mechanism_coverage,does not cover rare causal mechanisms
combined_stress,material_shift,mobile_place_policy,1,84,0.642857,0.574780,0.196913,0.096936,0.059023,0.214256,0.074582,minus_mechanism_coverage,does not cover rare causal mechanisms
combined_stress,material_shift,mobile_place_policy,2,84,0.595238,0.575572,0.197519,0.090788,0.060024,0.215120,0.074984,minus_mechanism_coverage,does not cover rare causal mechanisms
combined_stress,material_shift,mobile_place_policy,3,84,0.690476,0.576364,0.198125,0.088358,0.058390,0.214555,0.075385,minus_mechanism_coverage,does not cover rare causal mechanisms
combined_stress,material_shift,mobile_place_policy,4,84,0.630952,0.577156,0.198731,0.090571,0.060131,0.215539,0.075787,minus_mechanism_coverage,does not cover rare causal mechanisms
combined_stress,material_shift,mobile_place_policy,5,84,0.571429,0.577948,0.199337,0.092784,0.061871,0.216522,0.076189,minus_mechanism_coverage,does not cover rare causal mechanisms
combined_stress,material_shift,mobile_place_policy,6,84,0.714286,0.562732,0.199943,0.088926,0.059200,0.215481,0.076590,minus_mechanism_coverage,does not cover rare causal mechanisms
combined_stress,material_shift,force_limited_twist_policy,0,84,0.547619,0.583717,0.203983,0.100088,0.059492,0.215230,0.069907,minus_mechanism_coverage,does not cover rare causal mechanisms
combined_stress,material_shift,force_limited_twist_policy,1,84,0.547619,0.584565,0.204631,0.100546,0.059967,0.215646,0.070338,minus_mechanism_coverage,does not cover rare causal mechanisms
combined_stress,material_shift,force_limited_twist_policy,2,84,0.607143,0.585413,0.193273,0.090434,0.058196,0.215467,0.070576,minus_mechanism_coverage,does not cover rare causal mechanisms
combined_stress,material_shift,force_limited_twist_policy,3,84,0.595238,0.586261,0.193921,0.091250,0.058929,0.216002,0.071006,minus_mechanism_coverage,does not cover rare causal mechanisms
combined_stress,material_shift,force_limited_twist_policy,4,84,0.607143,0.587109,0.194569,0.091351,0.059144,0.216299,0.071437,minus_mechanism_coverage,does not cover rare causal mechanisms
combined_stress,material_shift,force_limited_twist_policy,5,84,0.666667,0.587957,0.195217,0.090023,0.058321,0.216119,0.071867,minus_mechanism_coverage,does not cover rare causal mechanisms
combined_stress,material_shift,force_limited_twist_policy,6,84,0.642857,0.588805,0.195865,0.091196,0.059314,0.216773,0.072297,minus_mechanism_coverage,does not cover rare causal mechanisms
combined_stress,operator_bias_shift,contact_grasp_policy,0,84,0.607143,0.574296,0.204621,0.100566,0.057253,0.215047,0.070054,minus_mechanism_coverage,does not cover rare causal mechanisms
combined_stress,operator_bias_shift,contact_grasp_policy,1,84,0.750000,0.575136,0.205263,0.096734,0.054608,0.214030,0.070480,minus_mechanism_coverage,does not cover rare causal mechanisms
combined_stress,operator_bias_shift,contact_grasp_policy,2,84,0.654762,0.575976,0.205905,0.092041,0.056674,0.215395,0.070906,minus_mechanism_coverage,does not cover rare causal mechanisms
combined_stress,operator_bias_shift,contact_grasp_policy,3,84,0.642857,0.576816,0.206547,0.092852,0.057403,0.215926,0.071333,minus_mechanism_coverage,does not cover rare causal mechanisms
combined_stress,operator_bias_shift,contact_grasp_policy,4,84,0.642857,0.577656,0.207189,0.093306,0.057873,0.216338,0.071759,minus_mechanism_coverage,does not cover rare causal mechanisms
combined_stress,operator_bias_shift,contact_grasp_policy,5,84,0.690476,0.578496,0.207831,0.092331,0.057304,0.216274,0.072185,minus_mechanism_coverage,does not cover rare causal mechanisms
combined_stress,operator_bias_shift,contact_grasp_policy,6,84,0.666667,0.579336,0.208473,0.093499,0.058293,0.216924,0.072612,minus_mechanism_coverage,does not cover rare causal mechanisms
combined_stress,operator_bias_shift,peg_search_policy,0,84,0.666667,0.558525,0.206809,0.098131,0.060461,0.221493,0.075716,minus_mechanism_coverage,does not cover rare causal mechanisms
combined_stress,operator_bias_shift,peg_search_policy,1,84,0.666667,0.543333,0.207433,0.098571,0.060917,0.221893,0.076130,minus_mechanism_coverage,does not cover rare causal mechanisms
combined_stress,operator_bias_shift,peg_search_policy,2,84,0.654762,0.544149,0.208057,0.099369,0.061633,0.214408,0.076544,minus_mechanism_coverage,does not cover rare causal mechanisms
combined_stress,operator_bias_shift,peg_search_policy,3,84,0.607143,0.544965,0.196675,0.100458,0.062660,0.215285,0.076766,minus_mechanism_coverage,does not cover rare causal mechanisms
combined_stress,operator_bias_shift,peg_search_policy,4,84,0.547619,0.545781,0.197299,0.094680,0.055930,0.216280,0.077180,minus_mechanism_coverage,does not cover rare causal mechanisms
combined_stress,operator_bias_shift,peg_search_policy,5,84,0.595238,0.546597,0.197923,0.093692,0.055348,0.216204,0.077594,minus_mechanism_coverage,does not cover rare causal mechanisms
combined_stress,operator_bias_shift,peg_search_policy,6,84,0.690476,0.547413,0.198547,0.091275,0.053728,0.215651,0.070004,minus_mechanism_coverage,does not cover rare causal mechanisms
combined_stress,operator_bias_shift,deformable_pull_policy,0,84,0.619048,0.591958,0.201456,0.094427,0.060540,0.217557,0.073471,minus_mechanism_coverage,does not cover rare causal mechanisms
combined_stress,operator_bias_shift,deformable_pull_policy,1,84,0.559524,0.592814,0.202110,0.096675,0.062316,0.218573,0.073905,minus_mechanism_coverage,does not cover rare causal mechanisms
combined_stress,operator_bias_shift,deformable_pull_policy,2,84,0.642857,0.577662,0.202764,0.094638,0.060978,0.218159,0.074340,minus_mechanism_coverage,does not cover rare causal mechanisms
combined_stress,operator_bias_shift,deformable_pull_policy,3,84,0.523810,0.578518,0.203418,0.098672,0.064052,0.219770,0.074774,minus_mechanism_coverage,does not cover rare causal mechanisms
combined_stress,operator_bias_shift,deformable_pull_policy,4,84,0.571429,0.579374,0.204072,0.097706,0.063492,0.219713,0.075209,minus_mechanism_coverage,does not cover rare causal mechanisms
combined_stress,operator_bias_shift,deformable_pull_policy,5,84,0.654762,0.580230,0.204726,0.095668,0.054150,0.219300,0.075643,minus_mechanism_coverage,does not cover rare causal mechanisms
combined_stress,operator_bias_shift,deformable_pull_policy,6,84,0.595238,0.581086,0.205380,0.097917,0.055927,0.220315,0.076078,minus_mechanism_coverage,does not cover rare causal mechanisms
combined_stress,operator_bias_shift,mobile_place_policy,0,84,0.678571,0.565397,0.201986,0.098856,0.055113,0.214859,0.069959,minus_mechanism_coverage,does not cover rare causal mechanisms
combined_stress,operator_bias_shift,mobile_place_policy,1,84,0.547619,0.566229,0.202622,0.095230,0.057953,0.216577,0.070381,minus_mechanism_coverage,does not cover rare causal mechanisms
combined_stress,operator_bias_shift,mobile_place_policy,2,84,0.630952,0.567061,0.203258,0.093179,0.056602,0.216151,0.070803,minus_mechanism_coverage,does not cover rare causal mechanisms
combined_stress,operator_bias_shift,mobile_place_policy,3,84,0.523810,0.567893,0.203894,0.096843,0.059403,0.217631,0.071226,minus_mechanism_coverage,does not cover rare causal mechanisms
combined_stress,operator_bias_shift,mobile_place_policy,4,84,0.583333,0.568725,0.204530,0.095506,0.058570,0.217444,0.071648,minus_mechanism_coverage,does not cover rare causal mechanisms
combined_stress,operator_bias_shift,mobile_place_policy,5,84,0.630952,0.569557,0.205166,0.094527,0.057997,0.217375,0.072070,minus_mechanism_coverage,does not cover rare causal mechanisms
combined_stress,operator_bias_shift,mobile_place_policy,6,84,0.630952,0.570389,0.205802,0.094977,0.058463,0.217783,0.072492,minus_mechanism_coverage,does not cover rare causal mechanisms
combined_stress,operator_bias_shift,force_limited_twist_policy,0,84,0.559524,0.574630,0.197284,0.102098,0.063804,0.216212,0.073244,minus_mechanism_coverage,does not cover rare causal mechanisms
combined_stress,operator_bias_shift,force_limited_twist_policy,1,84,0.654762,0.575518,0.197962,0.091717,0.053740,0.215695,0.073695,minus_mechanism_coverage,does not cover rare causal mechanisms
combined_stress,operator_bias_shift,force_limited_twist_policy,2,84,0.678571,0.576406,0.198640,0.091482,0.053718,0.215893,0.074146,minus_mechanism_coverage,does not cover rare causal mechanisms
combined_stress,operator_bias_shift,force_limited_twist_policy,3,84,0.666667,0.577294,0.199318,0.092320,0.054474,0.216448,0.074597,minus_mechanism_coverage,does not cover rare causal mechanisms
combined_stress,operator_bias_shift,force_limited_twist_policy,4,84,0.547619,0.578182,0.199996,0.096371,0.057566,0.218075,0.075047,minus_mechanism_coverage,does not cover rare causal mechanisms
combined_stress,operator_bias_shift,force_limited_twist_policy,5,84,0.642857,0.579070,0.200674,0.093994,0.055986,0.217558,0.075498,minus_mechanism_coverage,does not cover rare causal mechanisms
combined_stress,operator_bias_shift,force_limited_twist_policy,6,84,0.690476,0.579958,0.201352,0.093046,0.055445,0.217518,0.075949,minus_mechanism_coverage,does not cover rare causal mechanisms
combined_stress,rare_contact_mechanism,contact_grasp_policy,0,84,0.595238,0.568001,0.206934,0.097110,0.063025,0.219255,0.075527,minus_mechanism_coverage,does not cover rare causal mechanisms
combined_stress,rare_contact_mechanism,contact_grasp_policy,1,84,0.595238,0.568865,0.207594,0.097576,0.055504,0.219679,0.075966,minus_mechanism_coverage,does not cover rare causal mechanisms
combined_stress,rare_contact_mechanism,contact_grasp_policy,2,84,0.666667,0.569729,0.208254,0.095901,0.054430,0.219389,0.076404,minus_mechanism_coverage,does not cover rare causal mechanisms
combined_stress,rare_contact_mechanism,contact_grasp_policy,3,84,0.738095,0.570593,0.208914,0.094225,0.053356,0.219098,0.076843,minus_mechanism_coverage,does not cover rare causal mechanisms
combined_stress,rare_contact_mechanism,contact_grasp_policy,4,84,0.654762,0.571457,0.209574,0.097191,0.055655,0.220356,0.077281,minus_mechanism_coverage,does not cover rare causal mechanisms
combined_stress,rare_contact_mechanism,contact_grasp_policy,5,84,0.630952,0.572321,0.210234,0.098373,0.056658,0.221018,0.077720,minus_mechanism_coverage,does not cover rare causal mechanisms
combined_stress,rare_contact_mechanism,contact_grasp_policy,6,84,0.595238,0.573185,0.210894,0.099911,0.057919,0.221799,0.078158,minus_mechanism_coverage,does not cover rare causal mechanisms
combined_stress,rare_contact_mechanism,peg_search_policy,0,84,0.607143,0.543998,0.202948,0.099589,0.055144,0.222061,0.076974,minus_mechanism_coverage,does not cover rare causal mechanisms
combined_stress,rare_contact_mechanism,peg_search_policy,1,84,0.619048,0.544838,0.203590,0.099686,0.055354,0.222354,0.077400,minus_mechanism_coverage,does not cover rare causal mechanisms
combined_stress,rare_contact_mechanism,peg_search_policy,2,84,0.714286,0.545678,0.204232,0.097283,0.053747,0.221814,0.077827,minus_mechanism_coverage,does not cover rare causal mechanisms
combined_stress,rare_contact_mechanism,peg_search_policy,3,84,0.571429,0.546518,0.204874,0.102022,0.057331,0.223655,0.078253,minus_mechanism_coverage,does not cover rare causal mechanisms
combined_stress,rare_contact_mechanism,peg_search_policy,4,84,0.630952,0.547358,0.205516,0.100690,0.056503,0.215467,0.078679,minus_mechanism_coverage,does not cover rare causal mechanisms
combined_stress,rare_contact_mechanism,peg_search_policy,5,84,0.654762,0.548198,0.206158,0.100429,0.056454,0.215641,0.071102,minus_mechanism_coverage,does not cover rare causal mechanisms
combined_stress,rare_contact_mechanism,peg_search_policy,6,84,0.559524,0.549038,0.206800,0.095736,0.058520,0.217006,0.071528,minus_mechanism_coverage,does not cover rare causal mechanisms
combined_stress,rare_contact_mechanism,deformable_pull_policy,0,84,0.654762,0.590391,0.207315,0.100141,0.060393,0.215649,0.073361,minus_mechanism_coverage,does not cover rare causal mechanisms
combined_stress,rare_contact_mechanism,deformable_pull_policy,1,84,0.583333,0.591271,0.207987,0.102759,0.062442,0.216795,0.073807,minus_mechanism_coverage,does not cover rare causal mechanisms
combined_stress,rare_contact_mechanism,deformable_pull_policy,2,84,0.488095,0.576143,0.208659,0.098088,0.064530,0.218180,0.074254,minus_mechanism_coverage,does not cover rare causal mechanisms
combined_stress,rare_contact_mechanism,deformable_pull_policy,3,84,0.476190,0.577023,0.209331,0.098921,0.065282,0.218731,0.074701,minus_mechanism_coverage,does not cover rare causal mechanisms
combined_stress,rare_contact_mechanism,deformable_pull_policy,4,84,0.619048,0.577903,0.210003,0.095111,0.062660,0.217734,0.075148,minus_mechanism_coverage,does not cover rare causal mechanisms
combined_stress,rare_contact_mechanism,deformable_pull_policy,5,84,0.583333,0.578783,0.210675,0.096658,0.055926,0.218523,0.075594,minus_mechanism_coverage,does not cover rare causal mechanisms
combined_stress,rare_contact_mechanism,deformable_pull_policy,6,84,0.630952,0.579663,0.211347,0.095705,0.055380,0.218479,0.076041,minus_mechanism_coverage,does not cover rare causal mechanisms
combined_stress,rare_contact_mechanism,mobile_place_policy,0,84,0.583333,0.571750,0.201779,0.096056,0.060823,0.218220,0.073712,minus_mechanism_coverage,does not cover rare causal mechanisms
combined_stress,rare_contact_mechanism,mobile_place_policy,1,84,0.607143,0.572606,0.202433,0.095804,0.060783,0.218402,0.074146,minus_mechanism_coverage,does not cover rare causal mechanisms
combined_stress,rare_contact_mechanism,mobile_place_policy,2,84,0.559524,0.573462,0.203087,0.097695,0.062299,0.219299,0.074581,minus_mechanism_coverage,does not cover rare causal mechanisms
combined_stress,rare_contact_mechanism,mobile_place_policy,3,84,0.607143,0.574318,0.203741,0.096729,0.061740,0.219242,0.075015,minus_mechanism_coverage,does not cover rare causal mechanisms
combined_stress,rare_contact_mechanism,mobile_place_policy,4,84,0.642857,0.559166,0.204395,0.096120,0.061440,0.219305,0.075450,minus_mechanism_coverage,does not cover rare causal mechanisms
combined_stress,rare_contact_mechanism,mobile_place_policy,5,84,0.500000,0.560022,0.205049,0.100868,0.065033,0.221154,0.075884,minus_mechanism_coverage,does not cover rare causal mechanisms
combined_stress,rare_contact_mechanism,mobile_place_policy,6,84,0.630952,0.560878,0.205703,0.097402,0.054653,0.220264,0.076318,minus_mechanism_coverage,does not cover rare causal mechanisms
combined_stress,rare_contact_mechanism,force_limited_twist_policy,0,84,0.654762,0.583887,0.199256,0.095177,0.058981,0.219120,0.078484,minus_mechanism_coverage,does not cover rare causal mechanisms
combined_stress,rare_contact_mechanism,force_limited_twist_policy,1,84,0.678571,0.584799,0.199952,0.094956,0.058972,0.219330,0.078947,minus_mechanism_coverage,does not cover rare causal mechanisms
combined_stress,rare_contact_mechanism,force_limited_twist_policy,2,84,0.654762,0.585711,0.200648,0.096163,0.060001,0.220016,0.071406,minus_mechanism_coverage,does not cover rare causal mechanisms
combined_stress,rare_contact_mechanism,force_limited_twist_policy,3,84,0.619048,0.586623,0.201344,0.097728,0.061290,0.220821,0.071869,minus_mechanism_coverage,does not cover rare causal mechanisms
combined_stress,rare_contact_mechanism,force_limited_twist_policy,4,84,0.642857,0.571527,0.202040,0.097507,0.061281,0.221031,0.072332,minus_mechanism_coverage,does not cover rare causal mechanisms
combined_stress,rare_contact_mechanism,force_limited_twist_policy,5,84,0.619048,0.572439,0.202736,0.098714,0.062310,0.221717,0.072795,minus_mechanism_coverage,does not cover rare causal mechanisms
combined_stress,rare_contact_mechanism,force_limited_twist_policy,6,84,0.714286,0.573351,0.203432,0.096350,0.052739,0.221213,0.073258,minus_mechanism_coverage,does not cover rare causal mechanisms
combined_stress,intervention_gap,contact_grasp_policy,0,84,0.571429,0.577236,0.212479,0.102840,0.061883,0.222923,0.076908,minus_mechanism_coverage,does not cover rare causal mechanisms
combined_stress,intervention_gap,contact_grasp_policy,1,84,0.571429,0.578051,0.213103,0.103281,0.062339,0.223323,0.077322,minus_mechanism_coverage,does not cover rare causal mechanisms
combined_stress,intervention_gap,contact_grasp_policy,2,84,0.630952,0.578867,0.213727,0.101936,0.061498,0.223127,0.077736,minus_mechanism_coverage,does not cover rare causal mechanisms
combined_stress,intervention_gap,contact_grasp_policy,3,84,0.750000,0.579684,0.214351,0.098805,0.059359,0.222337,0.078150,minus_mechanism_coverage,does not cover rare causal mechanisms
combined_stress,intervention_gap,contact_grasp_policy,4,84,0.583333,0.564491,0.202969,0.103465,0.062981,0.224403,0.078372,minus_mechanism_coverage,does not cover rare causal mechanisms
combined_stress,intervention_gap,contact_grasp_policy,5,84,0.678571,0.565307,0.203593,0.101048,0.061361,0.215847,0.078785,minus_mechanism_coverage,does not cover rare causal mechanisms
combined_stress,intervention_gap,contact_grasp_policy,6,84,0.726190,0.566124,0.204217,0.100060,0.052775,0.215771,0.079199,minus_mechanism_coverage,does not cover rare causal mechanisms
combined_stress,intervention_gap,peg_search_policy,0,84,0.607143,0.553688,0.208835,0.096852,0.061261,0.217715,0.078588,minus_mechanism_coverage,does not cover rare causal mechanisms
combined_stress,intervention_gap,peg_search_policy,1,84,0.571429,0.554480,0.209441,0.098351,0.062483,0.218460,0.078990,minus_mechanism_coverage,does not cover rare causal mechanisms
combined_stress,intervention_gap,peg_search_policy,2,84,0.583333,0.539264,0.210047,0.098421,0.062666,0.218729,0.079392,minus_mechanism_coverage,does not cover rare causal mechanisms
combined_stress,intervention_gap,peg_search_policy,3,84,0.535714,0.540056,0.210653,0.100277,0.064147,0.219593,0.079793,minus_mechanism_coverage,does not cover rare causal mechanisms
combined_stress,intervention_gap,peg_search_policy,4,84,0.535714,0.540848,0.211259,0.100704,0.064590,0.219981,0.072191,minus_mechanism_coverage,does not cover rare causal mechanisms
combined_stress,intervention_gap,peg_search_policy,5,84,0.607143,0.541640,0.211865,0.098989,0.055472,0.219655,0.072593,minus_mechanism_coverage,does not cover rare causal mechanisms
combined_stress,intervention_gap,peg_search_policy,6,84,0.488095,0.542432,0.212471,0.102988,0.058510,0.221233,0.072995,minus_mechanism_coverage,does not cover rare causal mechanisms
combined_stress,intervention_gap,deformable_pull_policy,0,84,0.559524,0.574161,0.205767,0.102825,0.063525,0.223307,0.077904,minus_mechanism_coverage,does not cover rare causal mechanisms
combined_stress,intervention_gap,deformable_pull_policy,1,84,0.535714,0.574993,0.206403,0.103989,0.064509,0.223953,0.078326,minus_mechanism_coverage,does not cover rare causal mechanisms
combined_stress,intervention_gap,deformable_pull_policy,2,84,0.678571,0.575825,0.207039,0.100152,0.053856,0.222932,0.078748,minus_mechanism_coverage,does not cover rare causal mechanisms
combined_stress,intervention_gap,deformable_pull_policy,3,84,0.595238,0.576657,0.207675,0.103102,0.056138,0.224174,0.079170,minus_mechanism_coverage,does not cover rare causal mechanisms
combined_stress,intervention_gap,deformable_pull_policy,4,84,0.535714,0.577489,0.208311,0.105337,0.057901,0.225177,0.079593,minus_mechanism_coverage,does not cover rare causal mechanisms
combined_stress,intervention_gap,deformable_pull_policy,5,84,0.607143,0.578321,0.208947,0.103643,0.056809,0.216867,0.080015,minus_mechanism_coverage,does not cover rare causal mechanisms
combined_stress,intervention_gap,deformable_pull_policy,6,84,0.595238,0.579153,0.209583,0.104450,0.057534,0.217394,0.072433,minus_mechanism_coverage,does not cover rare causal mechanisms
combined_stress,intervention_gap,mobile_place_policy,0,84,0.595238,0.571697,0.212364,0.104403,0.062660,0.216887,0.078533,minus_mechanism_coverage,does not cover rare causal mechanisms
combined_stress,intervention_gap,mobile_place_policy,1,84,0.583333,0.556497,0.212982,0.105196,0.063371,0.217402,0.078943,minus_mechanism_coverage,does not cover rare causal mechanisms
combined_stress,intervention_gap,mobile_place_policy,2,84,0.583333,0.557305,0.213600,0.097628,0.063343,0.217798,0.079353,minus_mechanism_coverage,does not cover rare causal mechanisms
combined_stress,intervention_gap,mobile_place_policy,3,84,0.535714,0.558113,0.214218,0.099493,0.056829,0.218670,0.079763,minus_mechanism_coverage,does not cover rare causal mechanisms
combined_stress,intervention_gap,mobile_place_policy,4,84,0.642857,0.558921,0.202830,0.095934,0.054478,0.217995,0.071976,minus_mechanism_coverage,does not cover rare causal mechanisms
combined_stress,intervention_gap,mobile_place_policy,5,84,0.619048,0.559729,0.203448,0.097085,0.055449,0.218629,0.072386,minus_mechanism_coverage,does not cover rare causal mechanisms
combined_stress,intervention_gap,mobile_place_policy,6,84,0.630952,0.560537,0.204066,0.097164,0.055641,0.218906,0.072796,minus_mechanism_coverage,does not cover rare causal mechanisms
combined_stress,intervention_gap,force_limited_twist_policy,0,84,0.726190,0.578025,0.205484,0.098551,0.056273,0.222291,0.072327,minus_mechanism_coverage,does not cover rare causal mechanisms
combined_stress,intervention_gap,force_limited_twist_policy,1,84,0.583333,0.578889,0.206144,0.103303,0.059871,0.224144,0.072766,minus_mechanism_coverage,does not cover rare causal mechanisms
combined_stress,intervention_gap,force_limited_twist_policy,2,84,0.595238,0.579753,0.206804,0.103413,0.060094,0.224449,0.073204,minus_mechanism_coverage,does not cover rare causal mechanisms
combined_stress,intervention_gap,force_limited_twist_policy,3,84,0.678571,0.580617,0.207464,0.101380,0.058761,0.216036,0.073643,minus_mechanism_coverage,does not cover rare causal mechanisms
combined_stress,intervention_gap,force_limited_twist_policy,4,84,0.690476,0.581481,0.208124,0.101490,0.058984,0.216340,0.074082,minus_mechanism_coverage,does not cover rare causal mechanisms
combined_stress,intervention_gap,force_limited_twist_policy,5,84,0.726190,0.582345,0.208784,0.092881,0.058209,0.216407,0.074520,minus_mechanism_coverage,does not cover rare causal mechanisms
combined_stress,intervention_gap,force_limited_twist_policy,6,84,0.583333,0.583209,0.209444,0.097634,0.061806,0.218260,0.074959,minus_mechanism_coverage,does not cover rare causal mechanisms
combined_stress,compound_spurious_shift,contact_grasp_policy,0,84,0.630952,0.573808,0.219512,0.109060,0.062219,0.218718,0.076980,minus_mechanism_coverage,does not cover rare causal mechanisms
combined_stress,compound_spurious_shift,contact_grasp_policy,1,84,0.654762,0.558673,0.220178,0.100813,0.061708,0.218908,0.077423,minus_mechanism_coverage,does not cover rare causal mechanisms
combined_stress,compound_spurious_shift,contact_grasp_policy,2,84,0.583333,0.559545,0.220844,0.103427,0.063752,0.220051,0.077866,minus_mechanism_coverage,does not cover rare causal mechanisms
combined_stress,compound_spurious_shift,contact_grasp_policy,3,84,0.678571,0.560416,0.221510,0.101041,0.062164,0.219526,0.078308,minus_mechanism_coverage,does not cover rare causal mechanisms
combined_stress,compound_spurious_shift,contact_grasp_policy,4,84,0.630952,0.561288,0.222176,0.102941,0.055686,0.220430,0.078751,minus_mechanism_coverage,does not cover rare causal mechanisms
combined_stress,compound_spurious_shift,contact_grasp_policy,5,84,0.571429,0.562160,0.222842,0.105198,0.057471,0.221454,0.079193,minus_mechanism_coverage,does not cover rare causal mechanisms
combined_stress,compound_spurious_shift,contact_grasp_policy,6,84,0.595238,0.563032,0.211502,0.104175,0.056972,0.221644,0.079444,minus_mechanism_coverage,does not cover rare causal mechanisms
combined_stress,compound_spurious_shift,peg_search_policy,0,84,0.452381,0.547061,0.213468,0.107744,0.064480,0.222058,0.077023,minus_mechanism_coverage,does not cover rare causal mechanisms
combined_stress,compound_spurious_shift,peg_search_policy,1,84,0.547619,0.547909,0.214116,0.105345,0.062878,0.221521,0.077453,minus_mechanism_coverage,does not cover rare causal mechanisms
combined_stress,compound_spurious_shift,peg_search_policy,2,84,0.702381,0.548757,0.214764,0.101160,0.059979,0.220390,0.077883,minus_mechanism_coverage,does not cover rare causal mechanisms
combined_stress,compound_spurious_shift,peg_search_policy,3,84,0.559524,0.549605,0.215412,0.105904,0.063567,0.222234,0.078314,minus_mechanism_coverage,does not cover rare causal mechanisms
combined_stress,compound_spurious_shift,peg_search_policy,4,84,0.654762,0.534445,0.216060,0.103505,0.061965,0.221698,0.078744,minus_mechanism_coverage,does not cover rare causal mechanisms
combined_stress,compound_spurious_shift,peg_search_policy,5,84,0.464286,0.535293,0.216708,0.109677,0.066592,0.224019,0.079174,minus_mechanism_coverage,does not cover rare causal mechanisms
combined_stress,compound_spurious_shift,peg_search_policy,6,84,0.619048,0.536141,0.217356,0.105493,0.055688,0.222887,0.079605,minus_mechanism_coverage,does not cover rare causal mechanisms
combined_stress,compound_spurious_shift,deformable_pull_policy,0,84,0.523810,0.581766,0.221075,0.109952,0.063623,0.225571,0.075621,minus_mechanism_coverage,does not cover rare causal mechanisms
combined_stress,compound_spurious_shift,deformable_pull_policy,1,84,0.607143,0.582654,0.221753,0.107932,0.062302,0.225174,0.076072,minus_mechanism_coverage,does not cover rare causal mechanisms
combined_stress,compound_spurious_shift,deformable_pull_policy,2,84,0.571429,0.583542,0.222431,0.109483,0.063577,0.225967,0.076523,minus_mechanism_coverage,does not cover rare causal mechanisms
combined_stress,compound_spurious_shift,deformable_pull_policy,3,84,0.523810,0.568422,0.223109,0.111392,0.065112,0.226879,0.076973,minus_mechanism_coverage,does not cover rare causal mechanisms
combined_stress,compound_spurious_shift,deformable_pull_policy,4,84,0.511905,0.569310,0.211781,0.111449,0.065401,0.219430,0.077232,minus_mechanism_coverage,does not cover rare causal mechanisms
combined_stress,compound_spurious_shift,deformable_pull_policy,5,84,0.607143,0.570198,0.212459,0.109072,0.063821,0.218914,0.077683,minus_mechanism_coverage,does not cover rare causal mechanisms
combined_stress,compound_spurious_shift,deformable_pull_policy,6,84,0.500000,0.571086,0.213137,0.104762,0.058169,0.220421,0.078134,minus_mechanism_coverage,does not cover rare causal mechanisms
combined_stress,compound_spurious_shift,mobile_place_policy,0,84,0.464286,0.560430,0.213517,0.112034,0.062765,0.226676,0.074591,minus_mechanism_coverage,does not cover rare causal mechanisms
combined_stress,compound_spurious_shift,mobile_place_policy,1,84,0.523810,0.561294,0.214177,0.110715,0.061951,0.226504,0.075030,minus_mechanism_coverage,does not cover rare causal mechanisms
combined_stress,compound_spurious_shift,mobile_place_policy,2,84,0.547619,0.562158,0.214837,0.110468,0.061915,0.226690,0.075469,minus_mechanism_coverage,does not cover rare causal mechanisms
combined_stress,compound_spurious_shift,mobile_place_policy,3,84,0.547619,0.563022,0.215497,0.110935,0.062398,0.219110,0.075907,minus_mechanism_coverage,does not cover rare causal mechanisms
combined_stress,compound_spurious_shift,mobile_place_policy,4,84,0.535714,0.563886,0.216157,0.111759,0.063141,0.219653,0.076346,minus_mechanism_coverage,does not cover rare causal mechanisms
combined_stress,compound_spurious_shift,mobile_place_policy,5,84,0.607143,0.564750,0.216817,0.102079,0.061586,0.219363,0.076784,minus_mechanism_coverage,does not cover rare causal mechanisms
combined_stress,compound_spurious_shift,mobile_place_policy,6,84,0.523810,0.565614,0.217477,0.105046,0.063886,0.220620,0.077223,minus_mechanism_coverage,does not cover rare causal mechanisms
combined_stress,compound_spurious_shift,force_limited_twist_policy,0,84,0.607143,0.578870,0.215722,0.104468,0.062411,0.222009,0.074587,minus_mechanism_coverage,does not cover rare causal mechanisms
combined_stress,compound_spurious_shift,force_limited_twist_policy,1,84,0.523810,0.563782,0.216424,0.107465,0.064743,0.223294,0.075054,minus_mechanism_coverage,does not cover rare causal mechanisms
combined_stress,compound_spurious_shift,force_limited_twist_policy,2,84,0.571429,0.564702,0.217126,0.106534,0.064219,0.223270,0.075522,minus_mechanism_coverage,does not cover rare causal mechanisms
combined_stress,compound_spurious_shift,force_limited_twist_policy,3,84,0.583333,0.565622,0.217828,0.106675,0.056470,0.223603,0.075989,minus_mechanism_coverage,does not cover rare causal mechanisms
combined_stress,compound_spurious_shift,force_limited_twist_policy,4,84,0.619048,0.566542,0.218530,0.106101,0.056206,0.223698,0.076456,minus_mechanism_coverage,does not cover rare causal mechanisms
combined_stress,compound_spurious_shift,force_limited_twist_policy,5,84,0.583333,0.567462,0.219232,0.107670,0.057499,0.224507,0.076923,minus_mechanism_coverage,does not cover rare causal mechanisms
combined_stress,compound_spurious_shift,force_limited_twist_policy,6,84,0.511905,0.568382,0.219934,0.110311,0.059570,0.225673,0.077390,minus_mechanism_coverage,does not cover rare causal mechanisms
combined_stress,iid_mechanisms,contact_grasp_policy,0,84,0.714286,0.577017,0.231149,0.094976,0.060999,0.206811,0.067642,minus_spurious_penalty,keeps examples explained by confounds
combined_stress,iid_mechanisms,contact_grasp_policy,1,84,0.666667,0.577801,0.231749,0.096828,0.062476,0.207671,0.068040,minus_spurious_penalty,keeps examples explained by confounds
combined_stress,iid_mechanisms,contact_grasp_policy,2,84,0.607143,0.578585,0.220343,0.098256,0.063745,0.208650,0.068245,minus_spurious_penalty,keeps examples explained by confounds
combined_stress,iid_mechanisms,contact_grasp_policy,3,84,0.666667,0.579369,0.220943,0.096893,0.062885,0.208439,0.068643,minus_spurious_penalty,keeps examples explained by confounds
combined_stress,iid_mechanisms,contact_grasp_policy,4,84,0.761905,0.580153,0.221543,0.094459,0.061247,0.207871,0.069041,minus_spurious_penalty,keeps examples explained by confounds
combined_stress,iid_mechanisms,contact_grasp_policy,5,84,0.833333,0.580937,0.222143,0.092739,0.060129,0.207540,0.069438,minus_spurious_penalty,keeps examples explained by confounds
combined_stress,iid_mechanisms,contact_grasp_policy,6,84,0.726190,0.581722,0.222743,0.096377,0.062903,0.208996,0.069836,minus_spurious_penalty,keeps examples explained by confounds
combined_stress,iid_mechanisms,peg_search_policy,0,84,0.654762,0.548438,0.223645,0.097082,0.068121,0.208044,0.066745,minus_spurious_penalty,keeps examples explained by confounds
combined_stress,iid_mechanisms,peg_search_policy,1,84,0.619048,0.549198,0.224227,0.098563,0.069325,0.208773,0.067131,minus_spurious_penalty,keeps examples explained by confounds
combined_stress,iid_mechanisms,peg_search_policy,2,84,0.666667,0.549958,0.224809,0.097545,0.060708,0.208669,0.067516,minus_spurious_penalty,keeps examples explained by confounds
combined_stress,iid_mechanisms,peg_search_policy,3,84,0.690476,0.550718,0.225391,0.097240,0.060614,0.208802,0.067901,minus_spurious_penalty,keeps examples explained by confounds
combined_stress,iid_mechanisms,peg_search_policy,4,84,0.690476,0.551478,0.225973,0.097650,0.061039,0.209174,0.068287,minus_spurious_penalty,keeps examples explained by confounds
combined_stress,iid_mechanisms,peg_search_policy,5,84,0.690476,0.552238,0.226555,0.098060,0.061463,0.209546,0.068672,minus_spurious_penalty,keeps examples explained by confounds
combined_stress,iid_mechanisms,peg_search_policy,6,84,0.702381,0.552998,0.227137,0.098112,0.061629,0.209799,0.069057,minus_spurious_penalty,keeps examples explained by confounds
combined_stress,iid_mechanisms,deformable_pull_policy,0,84,0.607143,0.583647,0.231818,0.095146,0.069668,0.204996,0.073609,minus_spurious_penalty,keeps examples explained by confounds
combined_stress,iid_mechanisms,deformable_pull_policy,1,84,0.595238,0.584447,0.232430,0.095935,0.062370,0.205507,0.066011,minus_spurious_penalty,keeps examples explained by confounds
combined_stress,iid_mechanisms,deformable_pull_policy,2,84,0.678571,0.585247,0.221036,0.093086,0.060534,0.205065,0.066224,minus_spurious_penalty,keeps examples explained by confounds
combined_stress,iid_mechanisms,deformable_pull_policy,3,84,0.619048,0.586047,0.221648,0.095304,0.062279,0.206052,0.066630,minus_spurious_penalty,keeps examples explained by confounds
combined_stress,iid_mechanisms,deformable_pull_policy,4,84,0.595238,0.586847,0.222260,0.096450,0.063245,0.206683,0.067036,minus_spurious_penalty,keeps examples explained by confounds
combined_stress,iid_mechanisms,deformable_pull_policy,5,84,0.726190,0.587647,0.222872,0.092953,0.060838,0.205765,0.067442,minus_spurious_penalty,keeps examples explained by confounds
combined_stress,iid_mechanisms,deformable_pull_policy,6,84,0.654762,0.588447,0.223484,0.095528,0.062842,0.206871,0.067847,minus_spurious_penalty,keeps examples explained by confounds
combined_stress,iid_mechanisms,mobile_place_policy,0,84,0.666667,0.575959,0.222349,0.092353,0.064890,0.203729,0.071369,minus_spurious_penalty,keeps examples explained by confounds
combined_stress,iid_mechanisms,mobile_place_policy,1,84,0.666667,0.576735,0.222943,0.092771,0.065324,0.204109,0.071762,minus_spurious_penalty,keeps examples explained by confounds
combined_stress,iid_mechanisms,mobile_place_policy,2,84,0.642857,0.577511,0.223537,0.093904,0.066277,0.204728,0.072156,minus_spurious_penalty,keeps examples explained by confounds
combined_stress,iid_mechanisms,mobile_place_policy,3,84,0.678571,0.578287,0.224131,0.093251,0.065932,0.204750,0.072549,minus_spurious_penalty,keeps examples explained by confounds
combined_stress,iid_mechanisms,mobile_place_policy,4,84,0.738095,0.579063,0.224725,0.091884,0.065069,0.204535,0.072943,minus_spurious_penalty,keeps examples explained by confounds
combined_stress,iid_mechanisms,mobile_place_policy,5,84,0.714286,0.579839,0.225319,0.093017,0.066021,0.205153,0.073336,minus_spurious_penalty,keeps examples explained by confounds
combined_stress,iid_mechanisms,mobile_place_policy,6,84,0.678571,0.564607,0.225913,0.094507,0.067234,0.205890,0.065726,minus_spurious_penalty,keeps examples explained by confounds
combined_stress,iid_mechanisms,force_limited_twist_policy,0,84,0.726190,0.589087,0.220664,0.092381,0.063866,0.205244,0.068646,minus_spurious_penalty,keeps examples explained by confounds
combined_stress,iid_mechanisms,force_limited_twist_policy,1,84,0.547619,0.589919,0.221300,0.098188,0.068224,0.207438,0.069068,minus_spurious_penalty,keeps examples explained by confounds
combined_stress,iid_mechanisms,force_limited_twist_policy,2,84,0.714286,0.590751,0.221936,0.093637,0.065056,0.206179,0.069490,minus_spurious_penalty,keeps examples explained by confounds
combined_stress,iid_mechanisms,force_limited_twist_policy,3,84,0.571429,0.591583,0.222572,0.098372,0.068636,0.208016,0.069913,minus_spurious_penalty,keeps examples explained by confounds
combined_stress,iid_mechanisms,force_limited_twist_policy,4,84,0.642857,0.592415,0.223208,0.096679,0.067544,0.207709,0.070335,minus_spurious_penalty,keeps examples explained by confounds
combined_stress,iid_mechanisms,force_limited_twist_policy,5,84,0.738095,0.577239,0.223844,0.094271,0.065933,0.207165,0.070757,minus_spurious_penalty,keeps examples explained by confounds
combined_stress,iid_mechanisms,force_limited_twist_policy,6,84,0.690476,0.578071,0.224480,0.096149,0.067436,0.208049,0.071179,minus_spurious_penalty,keeps examples explained by confounds
combined_stress,color_mechanism_confound,contact_grasp_policy,0,84,0.619048,0.571165,0.232047,0.103626,0.063818,0.209794,0.074541,minus_spurious_penalty,keeps examples explained by confounds
combined_stress,color_mechanism_confound,contact_grasp_policy,1,84,0.630952,0.572029,0.232708,0.103735,0.064042,0.210098,0.074979,minus_spurious_penalty,keeps examples explained by confounds
combined_stress,color_mechanism_confound,contact_grasp_policy,2,84,0.666667,0.572893,0.233368,0.103131,0.063746,0.210165,0.075418,minus_spurious_penalty,keeps examples explained by confounds
combined_stress,color_mechanism_confound,contact_grasp_policy,3,84,0.619048,0.573757,0.234027,0.105026,0.065268,0.211066,0.075856,minus_spurious_penalty,keeps examples explained by confounds
combined_stress,color_mechanism_confound,contact_grasp_policy,4,84,0.559524,0.574621,0.234687,0.107279,0.067048,0.212085,0.076295,minus_spurious_penalty,keeps examples explained by confounds
combined_stress,color_mechanism_confound,contact_grasp_policy,5,84,0.595238,0.575485,0.235347,0.106674,0.066753,0.212152,0.068730,minus_spurious_penalty,keeps examples explained by confounds
combined_stress,color_mechanism_confound,contact_grasp_policy,6,84,0.726190,0.576349,0.236008,0.103213,0.064381,0.211266,0.069168,minus_spurious_penalty,keeps examples explained by confounds
combined_stress,color_mechanism_confound,peg_search_policy,0,84,0.607143,0.547161,0.239981,0.107594,0.064924,0.212838,0.076179,minus_spurious_penalty,keeps examples explained by confounds
combined_stress,color_mechanism_confound,peg_search_policy,1,84,0.547619,0.548001,0.240623,0.109834,0.066691,0.205841,0.068601,minus_spurious_penalty,keeps examples explained by confounds
combined_stress,color_mechanism_confound,peg_search_policy,2,84,0.714286,0.548841,0.241265,0.105288,0.063528,0.204587,0.069027,minus_spurious_penalty,keeps examples explained by confounds
combined_stress,color_mechanism_confound,peg_search_policy,3,84,0.690476,0.549681,0.241907,0.098452,0.064036,0.205237,0.069454,minus_spurious_penalty,keeps examples explained by confounds
combined_stress,color_mechanism_confound,peg_search_policy,4,84,0.559524,0.550521,0.242549,0.102834,0.067361,0.206958,0.069880,minus_spurious_penalty,keeps examples explained by confounds
combined_stress,color_mechanism_confound,peg_search_policy,5,84,0.714286,0.551361,0.243191,0.098645,0.064457,0.205823,0.070306,minus_spurious_penalty,keeps examples explained by confounds
combined_stress,color_mechanism_confound,peg_search_policy,6,84,0.547619,0.552201,0.231827,0.103318,0.068093,0.207901,0.070540,minus_spurious_penalty,keeps examples explained by confounds
combined_stress,color_mechanism_confound,deformable_pull_policy,0,84,0.654762,0.577546,0.232530,0.099374,0.061230,0.206426,0.072376,minus_spurious_penalty,keeps examples explained by confounds
combined_stress,color_mechanism_confound,deformable_pull_policy,1,84,0.571429,0.578426,0.233202,0.102349,0.063538,0.207691,0.072823,minus_spurious_penalty,keeps examples explained by confounds
combined_stress,color_mechanism_confound,deformable_pull_policy,2,84,0.583333,0.579306,0.233874,0.102468,0.063771,0.208004,0.073270,minus_spurious_penalty,keeps examples explained by confounds
combined_stress,color_mechanism_confound,deformable_pull_policy,3,84,0.595238,0.580186,0.234546,0.102586,0.064004,0.208317,0.073716,minus_spurious_penalty,keeps examples explained by confounds
combined_stress,color_mechanism_confound,deformable_pull_policy,4,84,0.666667,0.581066,0.235218,0.100919,0.062938,0.208035,0.074163,minus_spurious_penalty,keeps examples explained by confounds
combined_stress,color_mechanism_confound,deformable_pull_policy,5,84,0.619048,0.581946,0.235890,0.102823,0.064469,0.208943,0.074610,minus_spurious_penalty,keeps examples explained by confounds
combined_stress,color_mechanism_confound,deformable_pull_policy,6,84,0.535714,0.582826,0.236562,0.105799,0.066777,0.210208,0.075057,minus_spurious_penalty,keeps examples explained by confounds
combined_stress,color_mechanism_confound,mobile_place_policy,0,84,0.583333,0.558906,0.238859,0.104064,0.070605,0.208997,0.072917,minus_spurious_penalty,keeps examples explained by confounds
combined_stress,color_mechanism_confound,mobile_place_policy,1,84,0.654762,0.559762,0.239513,0.102384,0.061523,0.208703,0.073351,minus_spurious_penalty,keeps examples explained by confounds
combined_stress,color_mechanism_confound,mobile_place_policy,2,84,0.654762,0.560618,0.240167,0.102846,0.062001,0.209123,0.073786,minus_spurious_penalty,keeps examples explained by confounds
combined_stress,color_mechanism_confound,mobile_place_policy,3,84,0.666667,0.561474,0.240821,0.102951,0.062220,0.209424,0.074220,minus_spurious_penalty,keeps examples explained by confounds
combined_stress,color_mechanism_confound,mobile_place_policy,4,84,0.559524,0.562330,0.241475,0.106628,0.065035,0.210915,0.074655,minus_spurious_penalty,keeps examples explained by confounds
combined_stress,color_mechanism_confound,mobile_place_policy,5,84,0.666667,0.563186,0.242129,0.103876,0.063178,0.210264,0.075089,minus_spurious_penalty,keeps examples explained by confounds
combined_stress,color_mechanism_confound,mobile_place_policy,6,84,0.678571,0.564042,0.242783,0.103982,0.063397,0.210565,0.075524,minus_spurious_penalty,keeps examples explained by confounds
combined_stress,color_mechanism_confound,force_limited_twist_policy,0,84,0.654762,0.571042,0.236430,0.103191,0.068767,0.209897,0.069686,minus_spurious_penalty,keeps examples explained by confounds
combined_stress,color_mechanism_confound,force_limited_twist_policy,1,84,0.488095,0.571954,0.237126,0.108684,0.072911,0.212011,0.070150,minus_spurious_penalty,keeps examples explained by confounds
combined_stress,color_mechanism_confound,force_limited_twist_policy,2,84,0.654762,0.572866,0.237822,0.104178,0.061783,0.210793,0.070613,minus_spurious_penalty,keeps examples explained by confounds
combined_stress,color_mechanism_confound,force_limited_twist_policy,3,84,0.595238,0.573778,0.238518,0.106457,0.063591,0.211836,0.071076,minus_spurious_penalty,keeps examples explained by confounds
combined_stress,color_mechanism_confound,force_limited_twist_policy,4,84,0.630952,0.574690,0.239214,0.105878,0.063322,0.211927,0.071539,minus_spurious_penalty,keeps examples explained by confounds
combined_stress,color_mechanism_confound,force_limited_twist_policy,5,84,0.583333,0.575602,0.239910,0.107800,0.064870,0.212851,0.072002,minus_spurious_penalty,keeps examples explained by confounds
combined_stress,color_mechanism_confound,force_limited_twist_policy,6,84,0.583333,0.576514,0.240606,0.108293,0.065380,0.213299,0.072465,minus_spurious_penalty,keeps examples explained by confounds
combined_stress,material_shift,contact_grasp_policy,0,84,0.619048,0.574983,0.239512,0.108951,0.067379,0.206103,0.074960,minus_spurious_penalty,keeps examples explained by confounds
combined_stress,material_shift,contact_grasp_policy,1,84,0.678571,0.575767,0.240112,0.107588,0.066520,0.205892,0.075358,minus_spurious_penalty,keeps examples explained by confounds
combined_stress,material_shift,contact_grasp_policy,2,84,0.702381,0.576551,0.240712,0.107297,0.066439,0.206038,0.075755,minus_spurious_penalty,keeps examples explained by confounds
combined_stress,material_shift,contact_grasp_policy,3,84,0.654762,0.577335,0.241312,0.101144,0.067435,0.206898,0.076153,minus_spurious_penalty,keeps examples explained by confounds
combined_stress,material_shift,contact_grasp_policy,4,84,0.690476,0.578119,0.241912,0.100496,0.067095,0.206925,0.076551,minus_spurious_penalty,keeps examples explained by confounds
combined_stress,material_shift,contact_grasp_policy,5,84,0.714286,0.578903,0.242512,0.100205,0.067014,0.207071,0.076948,minus_spurious_penalty,keeps examples explained by confounds
combined_stress,material_shift,contact_grasp_policy,6,84,0.654762,0.563679,0.243112,0.102413,0.068750,0.208050,0.077346,minus_spurious_penalty,keeps examples explained by confounds
combined_stress,material_shift,peg_search_policy,0,84,0.678571,0.546404,0.244013,0.100262,0.063889,0.206146,0.074255,minus_spurious_penalty,keeps examples explained by confounds
combined_stress,material_shift,peg_search_policy,1,84,0.666667,0.547164,0.244595,0.101029,0.064573,0.206637,0.074641,minus_spurious_penalty,keeps examples explained by confounds
combined_stress,material_shift,peg_search_policy,2,84,0.571429,0.547924,0.245177,0.104296,0.067074,0.207961,0.075026,minus_spurious_penalty,keeps examples explained by confounds
combined_stress,material_shift,peg_search_policy,3,84,0.571429,0.548684,0.245759,0.104705,0.067499,0.208333,0.075411,minus_spurious_penalty,keeps examples explained by confounds
combined_stress,material_shift,peg_search_policy,4,84,0.595238,0.549444,0.246341,0.104401,0.067405,0.208467,0.075797,minus_spurious_penalty,keeps examples explained by confounds
combined_stress,material_shift,peg_search_policy,5,84,0.583333,0.550204,0.246923,0.105168,0.068090,0.208958,0.076182,minus_spurious_penalty,keeps examples explained by confounds
combined_stress,material_shift,peg_search_policy,6,84,0.642857,0.550964,0.235499,0.103012,0.066750,0.208735,0.076375,minus_spurious_penalty,keeps examples explained by confounds
combined_stress,material_shift,deformable_pull_policy,0,84,0.630952,0.581613,0.240180,0.105549,0.065448,0.211101,0.072923,minus_spurious_penalty,keeps examples explained by confounds
combined_stress,material_shift,deformable_pull_policy,1,84,0.595238,0.582413,0.240792,0.107052,0.066674,0.211851,0.073328,minus_spurious_penalty,keeps examples explained by confounds
combined_stress,material_shift,deformable_pull_policy,2,84,0.535714,0.583213,0.241404,0.109270,0.068419,0.212838,0.073734,minus_spurious_penalty,keeps examples explained by confounds
combined_stress,material_shift,deformable_pull_policy,3,84,0.619048,0.584013,0.242016,0.107202,0.067050,0.212396,0.074140,minus_spurious_penalty,keeps examples explained by confounds
combined_stress,material_shift,deformable_pull_policy,4,84,0.559524,0.584813,0.242628,0.109419,0.068795,0.213384,0.074546,minus_spurious_penalty,keeps examples explained by confounds
combined_stress,material_shift,deformable_pull_policy,5,84,0.595238,0.585613,0.243240,0.108779,0.068463,0.213419,0.074952,minus_spurious_penalty,keeps examples explained by confounds
combined_stress,material_shift,deformable_pull_policy,6,84,0.666667,0.586413,0.243852,0.107068,0.067354,0.213096,0.075357,minus_spurious_penalty,keeps examples explained by confounds
combined_stress,material_shift,mobile_place_policy,0,84,0.607143,0.557916,0.242718,0.106036,0.062954,0.210669,0.070875,minus_spurious_penalty,keeps examples explained by confounds
combined_stress,material_shift,mobile_place_policy,1,84,0.607143,0.558692,0.243312,0.106455,0.063388,0.211049,0.071268,minus_spurious_penalty,keeps examples explained by confounds
combined_stress,material_shift,mobile_place_policy,2,84,0.666667,0.559468,0.243906,0.105088,0.062525,0.210833,0.071662,minus_spurious_penalty,keeps examples explained by confounds
combined_stress,material_shift,mobile_place_policy,3,84,0.488095,0.560244,0.244500,0.110864,0.066851,0.212999,0.072055,minus_spurious_penalty,keeps examples explained by confounds
combined_stress,material_shift,mobile_place_policy,4,84,0.547619,0.561020,0.245094,0.109497,0.065988,0.212784,0.072449,minus_spurious_penalty,keeps examples explained by confounds
combined_stress,material_shift,mobile_place_policy,5,84,0.571429,0.561796,0.245688,0.109201,0.065903,0.212926,0.072842,minus_spurious_penalty,keeps examples explained by confounds
combined_stress,material_shift,mobile_place_policy,6,84,0.500000,0.562572,0.246282,0.111762,0.067894,0.214020,0.073236,minus_spurious_penalty,keeps examples explained by confounds
combined_stress,material_shift,force_limited_twist_policy,0,84,0.750000,0.571045,0.241032,0.103565,0.060114,0.211350,0.076156,minus_spurious_penalty,keeps examples explained by confounds
combined_stress,material_shift,force_limited_twist_policy,1,84,0.630952,0.571877,0.241668,0.107586,0.063174,0.212948,0.076578,minus_spurious_penalty,keeps examples explained by confounds
combined_stress,material_shift,force_limited_twist_policy,2,84,0.702381,0.572709,0.242304,0.105892,0.062083,0.212642,0.077000,minus_spurious_penalty,keeps examples explained by confounds
combined_stress,material_shift,force_limited_twist_policy,3,84,0.583333,0.573541,0.242940,0.109913,0.065143,0.214241,0.077423,minus_spurious_penalty,keeps examples explained by confounds
combined_stress,material_shift,force_limited_twist_policy,4,84,0.642857,0.574373,0.243576,0.108577,0.064311,0.206049,0.069841,minus_spurious_penalty,keeps examples explained by confounds
combined_stress,material_shift,force_limited_twist_policy,5,84,0.607143,0.575205,0.244212,0.110098,0.065554,0.206815,0.070263,minus_spurious_penalty,keeps examples explained by confounds
combined_stress,material_shift,force_limited_twist_policy,6,84,0.547619,0.576037,0.244848,0.104329,0.066837,0.207818,0.070685,minus_spurious_penalty,keeps examples explained by confounds
combined_stress,operator_bias_shift,contact_grasp_policy,0,84,0.500000,0.563368,0.243303,0.114307,0.065610,0.215134,0.077201,minus_spurious_penalty,keeps examples explained by confounds
combined_stress,operator_bias_shift,contact_grasp_policy,1,84,0.511905,0.564192,0.243933,0.114395,0.065811,0.215419,0.077619,minus_spurious_penalty,keeps examples explained by confounds
combined_stress,operator_bias_shift,contact_grasp_policy,2,84,0.619048,0.565016,0.244563,0.111625,0.063936,0.214752,0.078037,minus_spurious_penalty,keeps examples explained by confounds
combined_stress,operator_bias_shift,contact_grasp_policy,3,84,0.595238,0.565840,0.245193,0.112784,0.064916,0.207390,0.078455,minus_spurious_penalty,keeps examples explained by confounds
combined_stress,operator_bias_shift,contact_grasp_policy,4,84,0.571429,0.566664,0.245823,0.113944,0.065896,0.208032,0.070869,minus_spurious_penalty,keeps examples explained by confounds
combined_stress,operator_bias_shift,contact_grasp_policy,5,84,0.654762,0.567488,0.246453,0.103885,0.064060,0.207603,0.071287,minus_spurious_penalty,keeps examples explained by confounds
combined_stress,operator_bias_shift,contact_grasp_policy,6,84,0.642857,0.568312,0.247083,0.104687,0.064780,0.208126,0.071705,minus_spurious_penalty,keeps examples explained by confounds
combined_stress,operator_bias_shift,peg_search_policy,0,84,0.678571,0.537077,0.249521,0.103302,0.068808,0.207126,0.077667,minus_spurious_penalty,keeps examples explained by confounds
combined_stress,operator_bias_shift,peg_search_policy,1,84,0.630952,0.537877,0.250133,0.105162,0.070293,0.207995,0.078073,minus_spurious_penalty,keeps examples explained by confounds
combined_stress,operator_bias_shift,peg_search_policy,2,84,0.690476,0.538677,0.250745,0.103808,0.061439,0.207791,0.078479,minus_spurious_penalty,keeps examples explained by confounds
combined_stress,operator_bias_shift,peg_search_policy,3,84,0.595238,0.539477,0.239351,0.106317,0.063496,0.209136,0.070689,minus_spurious_penalty,keeps examples explained by confounds
combined_stress,operator_bias_shift,peg_search_policy,4,84,0.642857,0.540277,0.239963,0.105320,0.062905,0.209051,0.071094,minus_spurious_penalty,keeps examples explained by confounds
combined_stress,operator_bias_shift,peg_search_policy,5,84,0.583333,0.541077,0.240575,0.107537,0.064650,0.210039,0.071500,minus_spurious_penalty,keeps examples explained by confounds
combined_stress,operator_bias_shift,peg_search_policy,6,84,0.583333,0.541877,0.241187,0.107969,0.065097,0.210431,0.071906,minus_spurious_penalty,keeps examples explained by confounds
combined_stress,operator_bias_shift,deformable_pull_policy,0,84,0.583333,0.577878,0.249882,0.113086,0.066528,0.207350,0.071194,minus_spurious_penalty,keeps examples explained by confounds
combined_stress,operator_bias_shift,deformable_pull_policy,1,84,0.547619,0.578718,0.250524,0.114611,0.067777,0.208120,0.071620,minus_spurious_penalty,keeps examples explained by confounds
combined_stress,operator_bias_shift,deformable_pull_policy,2,84,0.571429,0.579558,0.251166,0.114351,0.067727,0.208293,0.072046,minus_spurious_penalty,keeps examples explained by confounds
combined_stress,operator_bias_shift,deformable_pull_policy,3,84,0.607143,0.580398,0.251808,0.105729,0.066938,0.208348,0.072473,minus_spurious_penalty,keeps examples explained by confounds
combined_stress,operator_bias_shift,deformable_pull_policy,4,84,0.535714,0.581238,0.240444,0.107545,0.068498,0.209475,0.072707,minus_spurious_penalty,keeps examples explained by confounds
combined_stress,operator_bias_shift,deformable_pull_policy,5,84,0.571429,0.582078,0.241086,0.106928,0.068189,0.209529,0.073133,minus_spurious_penalty,keeps examples explained by confounds
combined_stress,operator_bias_shift,deformable_pull_policy,6,84,0.595238,0.582918,0.241728,0.106667,0.068140,0.209703,0.073559,minus_spurious_penalty,keeps examples explained by confounds
combined_stress,operator_bias_shift,mobile_place_policy,0,84,0.654762,0.556709,0.242309,0.103319,0.062425,0.207229,0.078252,minus_spurious_penalty,keeps examples explained by confounds
combined_stress,operator_bias_shift,mobile_place_policy,1,84,0.642857,0.557525,0.242933,0.104117,0.063141,0.207748,0.070662,minus_spurious_penalty,keeps examples explained by confounds
combined_stress,operator_bias_shift,mobile_place_policy,2,84,0.535714,0.558341,0.243557,0.107772,0.065933,0.209220,0.071076,minus_spurious_penalty,keeps examples explained by confounds
combined_stress,operator_bias_shift,mobile_place_policy,3,84,0.607143,0.559157,0.244181,0.106069,0.064832,0.208906,0.071490,minus_spurious_penalty,keeps examples explained by confounds
combined_stress,operator_bias_shift,mobile_place_policy,4,84,0.666667,0.559973,0.244805,0.104724,0.063990,0.208710,0.071904,minus_spurious_penalty,keeps examples explained by confounds
combined_stress,operator_bias_shift,mobile_place_policy,5,84,0.619048,0.560789,0.245429,0.106593,0.065485,0.209586,0.072318,minus_spurious_penalty,keeps examples explained by confounds
combined_stress,operator_bias_shift,mobile_place_policy,6,84,0.511905,0.561605,0.246053,0.110248,0.068277,0.211058,0.072732,minus_spurious_penalty,keeps examples explained by confounds
combined_stress,operator_bias_shift,force_limited_twist_policy,0,84,0.571429,0.569342,0.240252,0.107361,0.064238,0.209925,0.075276,minus_spurious_penalty,keeps examples explained by confounds
combined_stress,operator_bias_shift,force_limited_twist_policy,1,84,0.714286,0.570214,0.240918,0.103547,0.061611,0.208924,0.075718,minus_spurious_penalty,keeps examples explained by confounds
combined_stress,operator_bias_shift,force_limited_twist_policy,2,84,0.666667,0.571086,0.241584,0.105447,0.063137,0.209828,0.076161,minus_spurious_penalty,keeps examples explained by confounds
combined_stress,operator_bias_shift,force_limited_twist_policy,3,84,0.678571,0.571958,0.242250,0.105561,0.063365,0.210137,0.076604,minus_spurious_penalty,keeps examples explained by confounds
combined_stress,operator_bias_shift,force_limited_twist_policy,4,84,0.571429,0.572830,0.242916,0.109247,0.066188,0.211637,0.077046,minus_spurious_penalty,keeps examples explained by confounds
combined_stress,operator_bias_shift,force_limited_twist_policy,5,84,0.630952,0.573702,0.243582,0.107932,0.065378,0.211469,0.077489,minus_spurious_penalty,keeps examples explained by confounds
combined_stress,operator_bias_shift,force_limited_twist_policy,6,84,0.595238,0.574574,0.244248,0.109475,0.066644,0.212254,0.077931,minus_spurious_penalty,keeps examples explained by confounds
combined_stress,rare_contact_mechanism,contact_grasp_policy,0,84,0.535714,0.568441,0.242517,0.114904,0.068244,0.208542,0.072300,minus_spurious_penalty,keeps examples explained by confounds
combined_stress,rare_contact_mechanism,contact_grasp_policy,1,84,0.619048,0.569289,0.243165,0.112862,0.066902,0.208125,0.072731,minus_spurious_penalty,keeps examples explained by confounds
combined_stress,rare_contact_mechanism,contact_grasp_policy,2,84,0.726190,0.570137,0.243813,0.102102,0.064560,0.207469,0.073161,minus_spurious_penalty,keeps examples explained by confounds
combined_stress,rare_contact_mechanism,contact_grasp_policy,3,84,0.595238,0.570985,0.244461,0.106489,0.067889,0.209195,0.073591,minus_spurious_penalty,keeps examples explained by confounds
combined_stress,rare_contact_mechanism,contact_grasp_policy,4,84,0.583333,0.571833,0.245109,0.107304,0.068622,0.209730,0.074022,minus_spurious_penalty,keeps examples explained by confounds
combined_stress,rare_contact_mechanism,contact_grasp_policy,5,84,0.583333,0.572681,0.245757,0.107762,0.069097,0.210146,0.074452,minus_spurious_penalty,keeps examples explained by confounds
combined_stress,rare_contact_mechanism,contact_grasp_policy,6,84,0.511905,0.573529,0.246405,0.110363,0.071128,0.211276,0.074882,minus_spurious_penalty,keeps examples explained by confounds
combined_stress,rare_contact_mechanism,peg_search_policy,0,84,0.476190,0.549926,0.242560,0.114529,0.072510,0.214807,0.076556,minus_spurious_penalty,keeps examples explained by confounds
combined_stress,rare_contact_mechanism,peg_search_policy,1,84,0.702381,0.534742,0.243190,0.108188,0.068039,0.212949,0.076974,minus_spurious_penalty,keeps examples explained by confounds
combined_stress,rare_contact_mechanism,peg_search_policy,2,84,0.523810,0.535566,0.243820,0.113990,0.072393,0.215139,0.077392,minus_spurious_penalty,keeps examples explained by confounds
combined_stress,rare_contact_mechanism,peg_search_policy,3,84,0.571429,0.536390,0.244450,0.113006,0.071816,0.215067,0.077810,minus_spurious_penalty,keeps examples explained by confounds
combined_stress,rare_contact_mechanism,peg_search_policy,4,84,0.642857,0.537214,0.245080,0.111308,0.062715,0.214756,0.078228,minus_spurious_penalty,keeps examples explained by confounds
combined_stress,rare_contact_mechanism,peg_search_policy,5,84,0.619048,0.538038,0.245710,0.112468,0.063695,0.207394,0.078646,minus_spurious_penalty,keeps examples explained by confounds
combined_stress,rare_contact_mechanism,peg_search_policy,6,84,0.678571,0.538862,0.246340,0.111127,0.062858,0.207203,0.079064,minus_spurious_penalty,keeps examples explained by confounds
combined_stress,rare_contact_mechanism,deformable_pull_policy,0,84,0.523810,0.571671,0.252641,0.111131,0.065398,0.212078,0.076718,minus_spurious_penalty,keeps examples explained by confounds
combined_stress,rare_contact_mechanism,deformable_pull_policy,1,84,0.571429,0.572535,0.253301,0.110170,0.064843,0.212026,0.077156,minus_spurious_penalty,keeps examples explained by confounds
combined_stress,rare_contact_mechanism,deformable_pull_policy,2,84,0.571429,0.573399,0.253961,0.110637,0.065326,0.212450,0.077595,minus_spurious_penalty,keeps examples explained by confounds
combined_stress,rare_contact_mechanism,deformable_pull_policy,3,84,0.535714,0.574263,0.254621,0.112175,0.066588,0.213231,0.078034,minus_spurious_penalty,keeps examples explained by confounds
combined_stress,rare_contact_mechanism,deformable_pull_policy,4,84,0.523810,0.575127,0.243275,0.112219,0.066864,0.213774,0.078280,minus_spurious_penalty,keeps examples explained by confounds
combined_stress,rare_contact_mechanism,deformable_pull_policy,5,84,0.523810,0.575991,0.243935,0.112686,0.067347,0.214198,0.078719,minus_spurious_penalty,keeps examples explained by confounds
combined_stress,rare_contact_mechanism,deformable_pull_policy,6,84,0.571429,0.576855,0.244595,0.111724,0.066792,0.214146,0.079157,minus_spurious_penalty,keeps examples explained by confounds
combined_stress,rare_contact_mechanism,mobile_place_policy,0,84,0.726190,0.558422,0.251008,0.109786,0.063349,0.206604,0.071823,minus_spurious_penalty,keeps examples explained by confounds
combined_stress,rare_contact_mechanism,mobile_place_policy,1,84,0.690476,0.559262,0.251650,0.111311,0.064597,0.207373,0.072250,minus_spurious_penalty,keeps examples explained by confounds
combined_stress,rare_contact_mechanism,mobile_place_policy,2,84,0.607143,0.560102,0.252292,0.106261,0.066403,0.208618,0.072676,minus_spurious_penalty,keeps examples explained by confounds
combined_stress,rare_contact_mechanism,mobile_place_policy,3,84,0.642857,0.560942,0.252934,0.105643,0.066094,0.208673,0.073102,minus_spurious_penalty,keeps examples explained by confounds
combined_stress,rare_contact_mechanism,mobile_place_policy,4,84,0.607143,0.561782,0.253576,0.107168,0.067342,0.209442,0.073528,minus_spurious_penalty,keeps examples explained by confounds
combined_stress,rare_contact_mechanism,mobile_place_policy,5,84,0.547619,0.562622,0.254218,0.109408,0.069110,0.210450,0.073955,minus_spurious_penalty,keeps examples explained by confounds
combined_stress,rare_contact_mechanism,mobile_place_policy,6,84,0.642857,0.563462,0.242854,0.106224,0.067036,0.209909,0.074189,minus_spurious_penalty,keeps examples explained by confounds
combined_stress,rare_contact_mechanism,force_limited_twist_policy,0,84,0.654762,0.573959,0.251129,0.107061,0.066046,0.210632,0.078338,minus_spurious_penalty,keeps examples explained by confounds
combined_stress,rare_contact_mechanism,force_limited_twist_policy,1,84,0.571429,0.574855,0.251813,0.110045,0.068364,0.211905,0.078793,minus_spurious_penalty,keeps examples explained by confounds
combined_stress,rare_contact_mechanism,force_limited_twist_policy,2,84,0.654762,0.575751,0.252497,0.108029,0.067048,0.211512,0.079247,minus_spurious_penalty,keeps examples explained by confounds
combined_stress,rare_contact_mechanism,force_limited_twist_policy,3,84,0.642857,0.576647,0.253181,0.108871,0.067808,0.212071,0.079702,minus_spurious_penalty,keeps examples explained by confounds
combined_stress,rare_contact_mechanism,force_limited_twist_policy,4,84,0.488095,0.577543,0.253865,0.113998,0.071683,0.214059,0.072153,minus_spurious_penalty,keeps examples explained by confounds
combined_stress,rare_contact_mechanism,force_limited_twist_policy,5,84,0.511905,0.578439,0.254549,0.113769,0.071665,0.214261,0.072608,minus_spurious_penalty,keeps examples explained by confounds
combined_stress,rare_contact_mechanism,force_limited_twist_policy,6,84,0.607143,0.579335,0.243227,0.110615,0.069623,0.213748,0.072871,minus_spurious_penalty,keeps examples explained by confounds
combined_stress,intervention_gap,contact_grasp_policy,0,84,0.642857,0.571091,0.255573,0.113903,0.069054,0.215612,0.078513,minus_spurious_penalty,keeps examples explained by confounds
combined_stress,intervention_gap,contact_grasp_policy,1,84,0.619048,0.571891,0.256185,0.115049,0.070020,0.216242,0.078919,minus_spurious_penalty,keeps examples explained by confounds
combined_stress,intervention_gap,contact_grasp_policy,2,84,0.726190,0.572692,0.256797,0.112266,0.068132,0.207559,0.079325,minus_spurious_penalty,keeps examples explained by confounds
combined_stress,intervention_gap,contact_grasp_policy,3,84,0.583333,0.557484,0.257409,0.116984,0.071694,0.209379,0.079731,minus_spurious_penalty,keeps examples explained by confounds
combined_stress,intervention_gap,contact_grasp_policy,4,84,0.559524,0.558283,0.258021,0.110126,0.072180,0.210010,0.080136,minus_spurious_penalty,keeps examples explained by confounds
combined_stress,intervention_gap,contact_grasp_policy,5,84,0.595238,0.559083,0.258633,0.109486,0.063845,0.210044,0.080542,minus_spurious_penalty,keeps examples explained by confounds
combined_stress,intervention_gap,contact_grasp_policy,6,84,0.678571,0.559883,0.247239,0.106637,0.062008,0.209603,0.072752,minus_spurious_penalty,keeps examples explained by confounds
combined_stress,intervention_gap,peg_search_policy,0,84,0.630952,0.537024,0.255958,0.112349,0.064532,0.213625,0.074998,minus_spurious_penalty,keeps examples explained by confounds
combined_stress,intervention_gap,peg_search_policy,1,84,0.571429,0.537800,0.256552,0.114553,0.066264,0.214600,0.075392,minus_spurious_penalty,keeps examples explained by confounds
combined_stress,intervention_gap,peg_search_policy,2,84,0.571429,0.538576,0.257146,0.114972,0.066698,0.214980,0.075785,minus_spurious_penalty,keeps examples explained by confounds
combined_stress,intervention_gap,peg_search_policy,3,84,0.547619,0.539352,0.257740,0.116105,0.067651,0.215598,0.076179,minus_spurious_penalty,keeps examples explained by confounds
combined_stress,intervention_gap,peg_search_policy,4,84,0.571429,0.540128,0.246328,0.115028,0.067099,0.215740,0.076380,minus_spurious_penalty,keeps examples explained by confounds
combined_stress,intervention_gap,peg_search_policy,5,84,0.595238,0.540904,0.246922,0.114733,0.067013,0.215882,0.076774,minus_spurious_penalty,keeps examples explained by confounds
combined_stress,intervention_gap,peg_search_policy,6,84,0.547619,0.541680,0.247516,0.116580,0.068485,0.216738,0.077167,minus_spurious_penalty,keeps examples explained by confounds
combined_stress,intervention_gap,deformable_pull_policy,0,84,0.559524,0.580873,0.258605,0.115088,0.070962,0.215135,0.078089,minus_spurious_penalty,keeps examples explained by confounds
combined_stress,intervention_gap,deformable_pull_policy,1,84,0.619048,0.581689,0.259229,0.113742,0.070121,0.214940,0.078503,minus_spurious_penalty,keeps examples explained by confounds
combined_stress,intervention_gap,deformable_pull_policy,2,84,0.559524,0.566497,0.247847,0.115188,0.071407,0.215935,0.078725,minus_spurious_penalty,keeps examples explained by confounds
combined_stress,intervention_gap,deformable_pull_policy,3,84,0.642857,0.567313,0.248471,0.113129,0.070047,0.215502,0.079139,minus_spurious_penalty,keeps examples explained by confounds
combined_stress,intervention_gap,deformable_pull_policy,4,84,0.559524,0.568129,0.249095,0.116069,0.072320,0.216735,0.079553,minus_spurious_penalty,keeps examples explained by confounds
combined_stress,intervention_gap,deformable_pull_policy,5,84,0.547619,0.568945,0.249719,0.116867,0.065032,0.217254,0.079967,minus_spurious_penalty,keeps examples explained by confounds
combined_stress,intervention_gap,deformable_pull_policy,6,84,0.511905,0.569761,0.250343,0.118379,0.066267,0.210007,0.080381,minus_spurious_penalty,keeps examples explained by confounds
combined_stress,intervention_gap,mobile_place_policy,0,84,0.559524,0.551785,0.257099,0.111902,0.064934,0.211768,0.073281,minus_spurious_penalty,keeps examples explained by confounds
combined_stress,intervention_gap,mobile_place_policy,1,84,0.607143,0.552577,0.257705,0.110901,0.064339,0.211680,0.073682,minus_spurious_penalty,keeps examples explained by confounds
combined_stress,intervention_gap,mobile_place_policy,2,84,0.535714,0.553369,0.258311,0.113471,0.066339,0.212782,0.074084,minus_spurious_penalty,keeps examples explained by confounds
combined_stress,intervention_gap,mobile_place_policy,3,84,0.583333,0.554161,0.246911,0.111689,0.065277,0.212694,0.074294,minus_spurious_penalty,keeps examples explained by confounds
combined_stress,intervention_gap,mobile_place_policy,4,84,0.523810,0.554953,0.247517,0.113902,0.067017,0.213677,0.074695,minus_spurious_penalty,keeps examples explained by confounds
combined_stress,intervention_gap,mobile_place_policy,5,84,0.666667,0.555745,0.248123,0.110044,0.064346,0.212637,0.075097,minus_spurious_penalty,keeps examples explained by confounds
combined_stress,intervention_gap,mobile_place_policy,6,84,0.511905,0.556537,0.248729,0.115114,0.068162,0.214572,0.075499,minus_spurious_penalty,keeps examples explained by confounds
combined_stress,intervention_gap,force_limited_twist_policy,0,84,0.642857,0.577521,0.252863,0.109350,0.069494,0.211345,0.076821,minus_spurious_penalty,keeps examples explained by confounds
combined_stress,intervention_gap,force_limited_twist_policy,1,84,0.619048,0.562361,0.253511,0.110523,0.070487,0.211999,0.077252,minus_spurious_penalty,keeps examples explained by confounds
combined_stress,intervention_gap,force_limited_twist_policy,2,84,0.642857,0.563209,0.254159,0.110267,0.070442,0.212177,0.077682,minus_spurious_penalty,keeps examples explained by confounds
combined_stress,intervention_gap,force_limited_twist_policy,3,84,0.583333,0.564057,0.254807,0.112510,0.064210,0.213188,0.078112,minus_spurious_penalty,keeps examples explained by confounds
combined_stress,intervention_gap,force_limited_twist_policy,4,84,0.523810,0.564905,0.255455,0.114754,0.065982,0.214199,0.078543,minus_spurious_penalty,keeps examples explained by confounds
combined_stress,intervention_gap,force_limited_twist_policy,5,84,0.547619,0.565753,0.256103,0.114498,0.065937,0.214377,0.078973,minus_spurious_penalty,keeps examples explained by confounds
combined_stress,intervention_gap,force_limited_twist_policy,6,84,0.547619,0.566601,0.256751,0.114956,0.066411,0.214793,0.079404,minus_spurious_penalty,keeps examples explained by confounds
combined_stress,compound_spurious_shift,contact_grasp_policy,0,84,0.619048,0.555136,0.266103,0.116585,0.064704,0.213982,0.080382,minus_spurious_penalty,keeps examples explained by confounds
combined_stress,compound_spurious_shift,contact_grasp_policy,1,84,0.571429,0.555993,0.266757,0.118476,0.066221,0.214878,0.080816,minus_spurious_penalty,keeps examples explained by confounds
combined_stress,compound_spurious_shift,contact_grasp_policy,2,84,0.440476,0.556848,0.267412,0.122867,0.069554,0.216607,0.081251,minus_spurious_penalty,keeps examples explained by confounds
combined_stress,compound_spurious_shift,contact_grasp_policy,3,84,0.583333,0.557704,0.256059,0.118264,0.066451,0.215599,0.081493,minus_spurious_penalty,keeps examples explained by confounds
combined_stress,compound_spurious_shift,contact_grasp_policy,4,84,0.607143,0.558561,0.256713,0.118012,0.066411,0.215781,0.081927,minus_spurious_penalty,keeps examples explained by confounds
combined_stress,compound_spurious_shift,contact_grasp_policy,5,84,0.535714,0.559416,0.257368,0.120617,0.068447,0.216915,0.082362,minus_spurious_penalty,keeps examples explained by confounds
combined_stress,compound_spurious_shift,contact_grasp_policy,6,84,0.607143,0.560272,0.258022,0.118937,0.067368,0.216621,0.082796,minus_spurious_penalty,keeps examples explained by confounds
combined_stress,compound_spurious_shift,peg_search_policy,0,84,0.595238,0.533877,0.264089,0.121637,0.067137,0.210513,0.075228,minus_spurious_penalty,keeps examples explained by confounds
combined_stress,compound_spurious_shift,peg_search_policy,1,84,0.547619,0.534709,0.264725,0.123515,0.068640,0.211397,0.075651,minus_spurious_penalty,keeps examples explained by confounds
combined_stress,compound_spurious_shift,peg_search_policy,2,84,0.666667,0.535541,0.265361,0.112388,0.066030,0.210615,0.076073,minus_spurious_penalty,keeps examples explained by confounds
combined_stress,compound_spurious_shift,peg_search_policy,3,84,0.595238,0.536373,0.265997,0.114981,0.068052,0.211737,0.076495,minus_spurious_penalty,keeps examples explained by confounds
combined_stress,compound_spurious_shift,peg_search_policy,4,84,0.547619,0.537205,0.266633,0.116859,0.069555,0.212621,0.076917,minus_spurious_penalty,keeps examples explained by confounds
combined_stress,compound_spurious_shift,peg_search_policy,5,84,0.559524,0.538037,0.267269,0.116951,0.069761,0.212910,0.077339,minus_spurious_penalty,keeps examples explained by confounds
combined_stress,compound_spurious_shift,peg_search_policy,6,84,0.583333,0.538869,0.255899,0.115905,0.069240,0.213080,0.077569,minus_spurious_penalty,keeps examples explained by confounds
combined_stress,compound_spurious_shift,deformable_pull_policy,0,84,0.535714,0.575950,0.265404,0.123044,0.072313,0.219020,0.077410,minus_spurious_penalty,keeps examples explained by confounds
combined_stress,compound_spurious_shift,deformable_pull_policy,1,84,0.511905,0.576822,0.266070,0.124229,0.073320,0.211682,0.077853,minus_spurious_penalty,keeps examples explained by confounds
combined_stress,compound_spurious_shift,deformable_pull_policy,2,84,0.464286,0.561686,0.266736,0.126129,0.074846,0.212586,0.078295,minus_spurious_penalty,keeps examples explained by confounds
combined_stress,compound_spurious_shift,deformable_pull_policy,3,84,0.535714,0.562558,0.267402,0.116454,0.073296,0.212300,0.078738,minus_spurious_penalty,keeps examples explained by confounds
combined_stress,compound_spurious_shift,deformable_pull_policy,4,84,0.511905,0.563430,0.268068,0.117639,0.066299,0.212966,0.079181,minus_spurious_penalty,keeps examples explained by confounds
combined_stress,compound_spurious_shift,deformable_pull_policy,5,84,0.440476,0.564302,0.256728,0.119473,0.067876,0.214109,0.079431,minus_spurious_penalty,keeps examples explained by confounds
combined_stress,compound_spurious_shift,deformable_pull_policy,6,84,0.428571,0.565174,0.257394,0.120301,0.068623,0.214656,0.079874,minus_spurious_penalty,keeps examples explained by confounds
combined_stress,compound_spurious_shift,mobile_place_policy,0,84,0.500000,0.543998,0.261749,0.119358,0.073467,0.214579,0.079139,minus_spurious_penalty,keeps examples explained by confounds
combined_stress,compound_spurious_shift,mobile_place_policy,1,84,0.630952,0.544846,0.262397,0.115887,0.071086,0.213685,0.079570,minus_spurious_penalty,keeps examples explained by confounds
combined_stress,compound_spurious_shift,mobile_place_policy,2,84,0.523810,0.545694,0.263045,0.119560,0.073896,0.215172,0.080000,minus_spurious_penalty,keeps examples explained by confounds
combined_stress,compound_spurious_shift,mobile_place_policy,3,84,0.571429,0.546542,0.263693,0.118589,0.065328,0.215112,0.080430,minus_spurious_penalty,keeps examples explained by confounds
combined_stress,compound_spurious_shift,mobile_place_policy,4,84,0.630952,0.547390,0.264341,0.117262,0.064505,0.214933,0.080861,minus_spurious_penalty,keeps examples explained by confounds
combined_stress,compound_spurious_shift,mobile_place_policy,5,84,0.523810,0.548238,0.264989,0.120934,0.067314,0.216420,0.081291,minus_spurious_penalty,keeps examples explained by confounds
combined_stress,compound_spurious_shift,mobile_place_policy,6,84,0.523810,0.549086,0.265637,0.121392,0.067789,0.216836,0.081721,minus_spurious_penalty,keeps examples explained by confounds
combined_stress,compound_spurious_shift,force_limited_twist_policy,0,84,0.547619,0.565838,0.266598,0.116520,0.069090,0.212564,0.080877,minus_spurious_penalty,keeps examples explained by confounds
combined_stress,compound_spurious_shift,force_limited_twist_policy,1,84,0.535714,0.566742,0.267288,0.117366,0.069855,0.213127,0.081336,minus_spurious_penalty,keeps examples explained by confounds
combined_stress,compound_spurious_shift,force_limited_twist_policy,2,84,0.511905,0.567646,0.267978,0.118569,0.070879,0.213809,0.081795,minus_spurious_penalty,keeps examples explained by confounds
combined_stress,compound_spurious_shift,force_limited_twist_policy,3,84,0.559524,0.568550,0.256662,0.116849,0.069880,0.213777,0.082062,minus_spurious_penalty,keeps examples explained by confounds
combined_stress,compound_spurious_shift,force_limited_twist_policy,4,84,0.571429,0.569454,0.257352,0.116981,0.070126,0.214102,0.082521,minus_spurious_penalty,keeps examples explained by confounds
combined_stress,compound_spurious_shift,force_limited_twist_policy,5,84,0.595238,0.570358,0.258042,0.116756,0.070112,0.214308,0.082980,minus_spurious_penalty,keeps examples explained by confounds
combined_stress,compound_spurious_shift,force_limited_twist_policy,6,84,0.547619,0.571262,0.258732,0.118673,0.071656,0.215228,0.075435,minus_spurious_penalty,keeps examples explained by confounds
combined_stress,iid_mechanisms,contact_grasp_policy,0,84,0.642857,0.606137,0.152847,0.104697,0.069330,0.212193,0.069254,minus_tail_failure_objective,ignores rare catastrophic outcomes
combined_stress,iid_mechanisms,contact_grasp_policy,1,84,0.571429,0.590962,0.153483,0.107290,0.071353,0.213315,0.069676,minus_tail_failure_objective,ignores rare catastrophic outcomes
combined_stress,iid_mechanisms,contact_grasp_policy,2,84,0.666667,0.591793,0.154119,0.104882,0.069742,0.212771,0.070098,minus_tail_failure_objective,ignores rare catastrophic outcomes
combined_stress,iid_mechanisms,contact_grasp_policy,3,84,0.619048,0.592626,0.154755,0.106760,0.071245,0.213655,0.070520,minus_tail_failure_objective,ignores rare catastrophic outcomes
combined_stress,iid_mechanisms,contact_grasp_policy,4,84,0.690476,0.593457,0.155391,0.105066,0.062149,0.213349,0.070942,minus_tail_failure_objective,ignores rare catastrophic outcomes
combined_stress,iid_mechanisms,contact_grasp_policy,5,84,0.702381,0.594290,0.156027,0.105158,0.062355,0.213638,0.071364,minus_tail_failure_objective,ignores rare catastrophic outcomes
combined_stress,iid_mechanisms,contact_grasp_policy,6,84,0.773810,0.595122,0.156663,0.103465,0.061263,0.213332,0.071787,minus_tail_failure_objective,ignores rare catastrophic outcomes
combined_stress,iid_mechanisms,peg_search_policy,0,84,0.702381,0.577102,0.157134,0.103770,0.066070,0.212007,0.068317,minus_tail_failure_objective,ignores rare catastrophic outcomes
combined_stress,iid_mechanisms,peg_search_policy,1,84,0.630952,0.577910,0.157752,0.106349,0.068079,0.213118,0.068727,minus_tail_failure_objective,ignores rare catastrophic outcomes
combined_stress,iid_mechanisms,peg_search_policy,2,84,0.607143,0.578718,0.158370,0.107500,0.069050,0.213752,0.069137,minus_tail_failure_objective,ignores rare catastrophic outcomes
combined_stress,iid_mechanisms,peg_search_policy,3,84,0.678571,0.579526,0.158988,0.105793,0.067945,0.213434,0.069547,minus_tail_failure_objective,ignores rare catastrophic outcomes
combined_stress,iid_mechanisms,peg_search_policy,4,84,0.642857,0.580334,0.159606,0.107301,0.069175,0.214187,0.069957,minus_tail_failure_objective,ignores rare catastrophic outcomes
combined_stress,iid_mechanisms,peg_search_policy,5,84,0.726190,0.581142,0.160224,0.105237,0.067810,0.205745,0.070367,minus_tail_failure_objective,ignores rare catastrophic outcomes
combined_stress,iid_mechanisms,peg_search_policy,6,84,0.654762,0.581950,0.160842,0.107816,0.069819,0.206856,0.070777,minus_tail_failure_objective,ignores rare catastrophic outcomes
combined_stress,iid_mechanisms,deformable_pull_policy,0,84,0.714286,0.606215,0.160456,0.104689,0.063380,0.213320,0.072055,minus_tail_failure_objective,ignores rare catastrophic outcomes
combined_stress,iid_mechanisms,deformable_pull_policy,1,84,0.666667,0.607063,0.161104,0.106576,0.064892,0.214212,0.072485,minus_tail_failure_objective,ignores rare catastrophic outcomes
combined_stress,iid_mechanisms,deformable_pull_policy,2,84,0.619048,0.607911,0.161752,0.108462,0.066404,0.207100,0.064912,minus_tail_failure_objective,ignores rare catastrophic outcomes
combined_stress,iid_mechanisms,deformable_pull_policy,3,84,0.678571,0.608759,0.162400,0.107135,0.065581,0.206921,0.065342,minus_tail_failure_objective,ignores rare catastrophic outcomes
combined_stress,iid_mechanisms,deformable_pull_policy,4,84,0.607143,0.609607,0.163048,0.109736,0.067612,0.208052,0.065772,minus_tail_failure_objective,ignores rare catastrophic outcomes
combined_stress,iid_mechanisms,deformable_pull_policy,5,84,0.678571,0.610455,0.163696,0.100047,0.066049,0.207753,0.066203,minus_tail_failure_objective,ignores rare catastrophic outcomes
combined_stress,iid_mechanisms,deformable_pull_policy,6,84,0.690476,0.611303,0.152338,0.099368,0.065796,0.208050,0.066441,minus_tail_failure_objective,ignores rare catastrophic outcomes
combined_stress,iid_mechanisms,mobile_place_policy,0,84,0.678571,0.598359,0.163077,0.105455,0.069064,0.212922,0.069924,minus_tail_failure_objective,ignores rare catastrophic outcomes
combined_stress,iid_mechanisms,mobile_place_policy,1,84,0.642857,0.583175,0.151701,0.106191,0.069836,0.213684,0.070150,minus_tail_failure_objective,ignores rare catastrophic outcomes
combined_stress,iid_mechanisms,mobile_place_policy,2,84,0.714286,0.583999,0.152331,0.104493,0.068739,0.213373,0.070568,minus_tail_failure_objective,ignores rare catastrophic outcomes
combined_stress,iid_mechanisms,mobile_place_policy,3,84,0.690476,0.584823,0.152961,0.105652,0.069719,0.214015,0.070987,minus_tail_failure_objective,ignores rare catastrophic outcomes
combined_stress,iid_mechanisms,mobile_place_policy,4,84,0.678571,0.585647,0.153591,0.106454,0.062436,0.206534,0.071405,minus_tail_failure_objective,ignores rare catastrophic outcomes
combined_stress,iid_mechanisms,mobile_place_policy,5,84,0.726190,0.586471,0.154221,0.105471,0.061858,0.206462,0.071823,minus_tail_failure_objective,ignores rare catastrophic outcomes
combined_stress,iid_mechanisms,mobile_place_policy,6,84,0.678571,0.587295,0.154851,0.099340,0.062877,0.207342,0.064237,minus_tail_failure_objective,ignores rare catastrophic outcomes
combined_stress,iid_mechanisms,force_limited_twist_policy,0,84,0.690476,0.601287,0.153602,0.101306,0.063369,0.209813,0.069981,minus_tail_failure_objective,ignores rare catastrophic outcomes
combined_stress,iid_mechanisms,force_limited_twist_policy,1,84,0.714286,0.602167,0.154274,0.101067,0.063342,0.210007,0.070428,minus_tail_failure_objective,ignores rare catastrophic outcomes
combined_stress,iid_mechanisms,force_limited_twist_policy,2,84,0.702381,0.603047,0.154946,0.101900,0.064093,0.210558,0.070875,minus_tail_failure_objective,ignores rare catastrophic outcomes
combined_stress,iid_mechanisms,force_limited_twist_policy,3,84,0.678571,0.603927,0.155618,0.103090,0.065105,0.211228,0.071321,minus_tail_failure_objective,ignores rare catastrophic outcomes
combined_stress,iid_mechanisms,force_limited_twist_policy,4,84,0.726190,0.604807,0.156290,0.102137,0.064559,0.211184,0.071768,minus_tail_failure_objective,ignores rare catastrophic outcomes
combined_stress,iid_mechanisms,force_limited_twist_policy,5,84,0.654762,0.605687,0.156962,0.104756,0.066608,0.212330,0.072215,minus_tail_failure_objective,ignores rare catastrophic outcomes
combined_stress,iid_mechanisms,force_limited_twist_policy,6,84,0.654762,0.606567,0.157634,0.105231,0.067100,0.212762,0.064658,minus_tail_failure_objective,ignores rare catastrophic outcomes
combined_stress,color_mechanism_confound,contact_grasp_policy,0,84,0.785714,0.587757,0.166673,0.108784,0.061302,0.214535,0.070095,minus_tail_failure_objective,ignores rare catastrophic outcomes
combined_stress,color_mechanism_confound,contact_grasp_policy,1,84,0.559524,0.588668,0.167369,0.116063,0.066743,0.217245,0.070558,minus_tail_failure_objective,ignores rare catastrophic outcomes
combined_stress,color_mechanism_confound,contact_grasp_policy,2,84,0.654762,0.589580,0.168065,0.113699,0.065177,0.216740,0.071021,minus_tail_failure_objective,ignores rare catastrophic outcomes
combined_stress,color_mechanism_confound,contact_grasp_policy,3,84,0.702381,0.590492,0.168761,0.112764,0.064649,0.208708,0.071484,minus_tail_failure_objective,ignores rare catastrophic outcomes
combined_stress,color_mechanism_confound,contact_grasp_policy,4,84,0.690476,0.591404,0.169457,0.113614,0.065418,0.209275,0.071947,minus_tail_failure_objective,ignores rare catastrophic outcomes
combined_stress,color_mechanism_confound,contact_grasp_policy,5,84,0.678571,0.592317,0.170153,0.106461,0.065708,0.209842,0.072410,minus_tail_failure_objective,ignores rare catastrophic outcomes
combined_stress,color_mechanism_confound,contact_grasp_policy,6,84,0.583333,0.593228,0.170849,0.109811,0.068294,0.211243,0.072874,minus_tail_failure_objective,ignores rare catastrophic outcomes
combined_stress,color_mechanism_confound,peg_search_policy,0,84,0.678571,0.563297,0.162386,0.106584,0.063287,0.210300,0.071309,minus_tail_failure_objective,ignores rare catastrophic outcomes
combined_stress,color_mechanism_confound,peg_search_policy,1,84,0.678571,0.564185,0.163064,0.107064,0.063784,0.210736,0.071760,minus_tail_failure_objective,ignores rare catastrophic outcomes
combined_stress,color_mechanism_confound,peg_search_policy,2,84,0.666667,0.565073,0.163742,0.107901,0.064540,0.211291,0.072211,minus_tail_failure_objective,ignores rare catastrophic outcomes
combined_stress,color_mechanism_confound,peg_search_policy,3,84,0.761905,0.565961,0.164420,0.105524,0.062960,0.210775,0.072662,minus_tail_failure_objective,ignores rare catastrophic outcomes
combined_stress,color_mechanism_confound,peg_search_policy,4,84,0.595238,0.566849,0.165098,0.111004,0.067090,0.212877,0.073113,minus_tail_failure_objective,ignores rare catastrophic outcomes
combined_stress,color_mechanism_confound,peg_search_policy,5,84,0.809524,0.567737,0.165776,0.105056,0.062915,0.211170,0.073563,minus_tail_failure_objective,ignores rare catastrophic outcomes
combined_stress,color_mechanism_confound,peg_search_policy,6,84,0.595238,0.568625,0.166454,0.111964,0.068083,0.213749,0.074014,minus_tail_failure_objective,ignores rare catastrophic outcomes
combined_stress,color_mechanism_confound,deformable_pull_policy,0,84,0.571429,0.603594,0.162090,0.116431,0.068978,0.210391,0.072577,minus_tail_failure_objective,ignores rare catastrophic outcomes
combined_stress,color_mechanism_confound,deformable_pull_policy,1,84,0.666667,0.604522,0.162798,0.106072,0.066941,0.209895,0.073048,minus_tail_failure_objective,ignores rare catastrophic outcomes
combined_stress,color_mechanism_confound,deformable_pull_policy,2,84,0.607143,0.605450,0.163506,0.108360,0.068757,0.210946,0.073520,minus_tail_failure_objective,ignores rare catastrophic outcomes
combined_stress,color_mechanism_confound,deformable_pull_policy,3,84,0.630952,0.606378,0.164214,0.108147,0.068757,0.211164,0.073991,minus_tail_failure_objective,ignores rare catastrophic outcomes
combined_stress,color_mechanism_confound,deformable_pull_policy,4,84,0.666667,0.607306,0.164922,0.107578,0.068498,0.211263,0.074462,minus_tail_failure_objective,ignores rare catastrophic outcomes
combined_stress,color_mechanism_confound,deformable_pull_policy,5,84,0.619048,0.608234,0.165630,0.109509,0.070055,0.212195,0.074934,minus_tail_failure_objective,ignores rare catastrophic outcomes
combined_stress,color_mechanism_confound,deformable_pull_policy,6,84,0.619048,0.609162,0.166338,0.110011,0.070574,0.212651,0.075405,minus_tail_failure_objective,ignores rare catastrophic outcomes
combined_stress,color_mechanism_confound,mobile_place_policy,0,84,0.666667,0.584786,0.168503,0.108039,0.066151,0.211212,0.073035,minus_tail_failure_objective,ignores rare catastrophic outcomes
combined_stress,color_mechanism_confound,mobile_place_policy,1,84,0.702381,0.585690,0.169193,0.107456,0.065877,0.211299,0.073494,minus_tail_failure_objective,ignores rare catastrophic outcomes
combined_stress,color_mechanism_confound,mobile_place_policy,2,84,0.583333,0.586594,0.169883,0.111516,0.068978,0.212933,0.073953,minus_tail_failure_objective,ignores rare catastrophic outcomes
combined_stress,color_mechanism_confound,mobile_place_policy,3,84,0.595238,0.587498,0.170573,0.111648,0.069224,0.213258,0.074412,minus_tail_failure_objective,ignores rare catastrophic outcomes
combined_stress,color_mechanism_confound,mobile_place_policy,4,84,0.619048,0.588402,0.171263,0.111423,0.069211,0.213464,0.074871,minus_tail_failure_objective,ignores rare catastrophic outcomes
combined_stress,color_mechanism_confound,mobile_place_policy,5,84,0.666667,0.589306,0.171953,0.110483,0.068678,0.213432,0.067326,minus_tail_failure_objective,ignores rare catastrophic outcomes
combined_stress,color_mechanism_confound,mobile_place_policy,6,84,0.654762,0.590210,0.172643,0.111329,0.069443,0.213995,0.067785,minus_tail_failure_objective,ignores rare catastrophic outcomes
combined_stress,color_mechanism_confound,force_limited_twist_policy,0,84,0.595238,0.602730,0.170290,0.114630,0.070669,0.216444,0.072776,minus_tail_failure_objective,ignores rare catastrophic outcomes
combined_stress,color_mechanism_confound,force_limited_twist_policy,1,84,0.607143,0.603690,0.171022,0.114792,0.070946,0.216797,0.073264,minus_tail_failure_objective,ignores rare catastrophic outcomes
combined_stress,color_mechanism_confound,force_limited_twist_policy,2,84,0.642857,0.604650,0.171754,0.114240,0.070705,0.216912,0.073752,minus_tail_failure_objective,ignores rare catastrophic outcomes
combined_stress,color_mechanism_confound,force_limited_twist_policy,3,84,0.642857,0.589602,0.172486,0.114760,0.071241,0.209380,0.074239,minus_tail_failure_objective,ignores rare catastrophic outcomes
combined_stress,color_mechanism_confound,force_limited_twist_policy,4,84,0.619048,0.590562,0.173218,0.115994,0.072297,0.210090,0.074727,minus_tail_failure_objective,ignores rare catastrophic outcomes
combined_stress,color_mechanism_confound,force_limited_twist_policy,5,84,0.654762,0.591522,0.161944,0.106657,0.063104,0.210205,0.075023,minus_tail_failure_objective,ignores rare catastrophic outcomes
combined_stress,color_mechanism_confound,force_limited_twist_policy,6,84,0.583333,0.592482,0.162676,0.109320,0.065198,0.211391,0.067506,minus_tail_failure_objective,ignores rare catastrophic outcomes
combined_stress,material_shift,contact_grasp_policy,0,84,0.654762,0.588815,0.171410,0.108477,0.065669,0.210774,0.069091,minus_tail_failure_objective,ignores rare catastrophic outcomes
combined_stress,material_shift,contact_grasp_policy,1,84,0.642857,0.589647,0.172046,0.109283,0.066393,0.211301,0.069513,minus_tail_failure_objective,ignores rare catastrophic outcomes
combined_stress,material_shift,contact_grasp_policy,2,84,0.583333,0.590479,0.172682,0.111518,0.068156,0.212304,0.069935,minus_tail_failure_objective,ignores rare catastrophic outcomes
combined_stress,material_shift,contact_grasp_policy,3,84,0.714286,0.591311,0.173318,0.108039,0.065767,0.211403,0.070357,minus_tail_failure_objective,ignores rare catastrophic outcomes
combined_stress,material_shift,contact_grasp_policy,4,84,0.690476,0.592143,0.173954,0.109203,0.066751,0.212049,0.070779,minus_tail_failure_objective,ignores rare catastrophic outcomes
combined_stress,material_shift,contact_grasp_policy,5,84,0.678571,0.592975,0.174590,0.110009,0.067476,0.212576,0.071201,minus_tail_failure_objective,ignores rare catastrophic outcomes
combined_stress,material_shift,contact_grasp_policy,6,84,0.571429,0.593807,0.175226,0.113673,0.070277,0.214055,0.071624,minus_tail_failure_objective,ignores rare catastrophic outcomes
combined_stress,material_shift,peg_search_policy,0,84,0.666667,0.559780,0.175698,0.108978,0.063447,0.211065,0.076158,minus_tail_failure_objective,ignores rare catastrophic outcomes
combined_stress,material_shift,peg_search_policy,1,84,0.666667,0.560588,0.176316,0.109415,0.063899,0.211461,0.068564,minus_tail_failure_objective,ignores rare catastrophic outcomes
combined_stress,material_shift,peg_search_policy,2,84,0.726190,0.561396,0.164928,0.107285,0.062586,0.211261,0.068782,minus_tail_failure_objective,ignores rare catastrophic outcomes
combined_stress,material_shift,peg_search_policy,3,84,0.690476,0.562204,0.165546,0.108792,0.063816,0.212014,0.069192,minus_tail_failure_objective,ignores rare catastrophic outcomes
combined_stress,material_shift,peg_search_policy,4,84,0.642857,0.563012,0.166164,0.110657,0.065306,0.212887,0.069602,minus_tail_failure_objective,ignores rare catastrophic outcomes
combined_stress,material_shift,peg_search_policy,5,84,0.726190,0.563820,0.166782,0.108593,0.063941,0.212449,0.070012,minus_tail_failure_objective,ignores rare catastrophic outcomes
combined_stress,material_shift,peg_search_policy,6,84,0.642857,0.564628,0.167400,0.111529,0.066210,0.213679,0.070421,minus_tail_failure_objective,ignores rare catastrophic outcomes
combined_stress,material_shift,deformable_pull_policy,0,84,0.642857,0.604901,0.167014,0.110188,0.069072,0.212734,0.071700,minus_tail_failure_objective,ignores rare catastrophic outcomes
combined_stress,material_shift,deformable_pull_policy,1,84,0.642857,0.605749,0.167662,0.110646,0.069546,0.213150,0.072130,minus_tail_failure_objective,ignores rare catastrophic outcomes
combined_stress,material_shift,deformable_pull_policy,2,84,0.642857,0.606597,0.168310,0.111104,0.070020,0.213566,0.072561,minus_tail_failure_objective,ignores rare catastrophic outcomes
combined_stress,material_shift,deformable_pull_policy,3,84,0.666667,0.607445,0.168958,0.110848,0.069975,0.213744,0.072991,minus_tail_failure_objective,ignores rare catastrophic outcomes
combined_stress,material_shift,deformable_pull_policy,4,84,0.583333,0.592285,0.169606,0.113806,0.072266,0.214994,0.073421,minus_tail_failure_objective,ignores rare catastrophic outcomes
combined_stress,material_shift,deformable_pull_policy,5,84,0.630952,0.593133,0.170254,0.112836,0.071702,0.214933,0.073852,minus_tail_failure_objective,ignores rare catastrophic outcomes
combined_stress,material_shift,deformable_pull_policy,6,84,0.559524,0.593981,0.170902,0.115437,0.065729,0.216064,0.074282,minus_tail_failure_objective,ignores rare catastrophic outcomes
combined_stress,material_shift,mobile_place_policy,0,84,0.726190,0.581036,0.169634,0.107383,0.064156,0.211146,0.069569,minus_tail_failure_objective,ignores rare catastrophic outcomes
combined_stress,material_shift,mobile_place_policy,1,84,0.559524,0.581860,0.170264,0.112827,0.068250,0.213217,0.069987,minus_tail_failure_objective,ignores rare catastrophic outcomes
combined_stress,material_shift,mobile_place_policy,2,84,0.559524,0.582684,0.170894,0.113272,0.068711,0.213621,0.070406,minus_tail_failure_objective,ignores rare catastrophic outcomes
combined_stress,material_shift,mobile_place_policy,3,84,0.571429,0.583508,0.171524,0.113360,0.068912,0.213906,0.070824,minus_tail_failure_objective,ignores rare catastrophic outcomes
combined_stress,material_shift,mobile_place_policy,4,84,0.500000,0.584332,0.172154,0.115948,0.070930,0.215024,0.071242,minus_tail_failure_objective,ignores rare catastrophic outcomes
combined_stress,material_shift,mobile_place_policy,5,84,0.619048,0.585156,0.172784,0.112822,0.068796,0.214238,0.071660,minus_tail_failure_objective,ignores rare catastrophic outcomes
combined_stress,material_shift,mobile_place_policy,6,84,0.642857,0.585980,0.173414,0.112552,0.068737,0.214404,0.072078,minus_tail_failure_objective,ignores rare catastrophic outcomes
combined_stress,material_shift,force_limited_twist_policy,0,84,0.654762,0.599973,0.172165,0.114518,0.069230,0.216874,0.069818,minus_tail_failure_objective,ignores rare catastrophic outcomes
combined_stress,material_shift,force_limited_twist_policy,1,84,0.702381,0.600853,0.172837,0.113565,0.068684,0.216830,0.070265,minus_tail_failure_objective,ignores rare catastrophic outcomes
combined_stress,material_shift,force_limited_twist_policy,2,84,0.619048,0.601733,0.173509,0.116541,0.070992,0.218096,0.070712,minus_tail_failure_objective,ignores rare catastrophic outcomes
combined_stress,material_shift,force_limited_twist_policy,3,84,0.595238,0.602613,0.174181,0.117731,0.072003,0.210762,0.071158,minus_tail_failure_objective,ignores rare catastrophic outcomes
combined_stress,material_shift,force_limited_twist_policy,4,84,0.595238,0.587485,0.174853,0.118206,0.072495,0.211194,0.071605,minus_tail_failure_objective,ignores rare catastrophic outcomes
combined_stress,material_shift,force_limited_twist_policy,5,84,0.678571,0.588365,0.175525,0.108178,0.070691,0.210792,0.072052,minus_tail_failure_objective,ignores rare catastrophic outcomes
combined_stress,material_shift,force_limited_twist_policy,6,84,0.678571,0.589245,0.176197,0.108654,0.063179,0.211224,0.072499,minus_tail_failure_objective,ignores rare catastrophic outcomes
combined_stress,operator_bias_shift,contact_grasp_policy,0,84,0.619048,0.587064,0.170031,0.115929,0.067110,0.215900,0.076180,minus_tail_failure_objective,ignores rare catastrophic outcomes
combined_stress,operator_bias_shift,contact_grasp_policy,1,84,0.583333,0.587936,0.170697,0.117471,0.068376,0.216685,0.076623,minus_tail_failure_objective,ignores rare catastrophic outcomes
combined_stress,operator_bias_shift,contact_grasp_policy,2,84,0.690476,0.588808,0.171363,0.114728,0.066528,0.216042,0.077066,minus_tail_failure_objective,ignores rare catastrophic outcomes
combined_stress,operator_bias_shift,contact_grasp_policy,3,84,0.726190,0.589680,0.172029,0.114128,0.066237,0.216112,0.069504,minus_tail_failure_objective,ignores rare catastrophic outcomes
combined_stress,operator_bias_shift,contact_grasp_policy,4,84,0.583333,0.590552,0.172695,0.118885,0.069839,0.217969,0.069947,minus_tail_failure_objective,ignores rare catastrophic outcomes
combined_stress,operator_bias_shift,contact_grasp_policy,5,84,0.666667,0.591424,0.173361,0.116856,0.068510,0.217564,0.070390,minus_tail_failure_objective,ignores rare catastrophic outcomes
combined_stress,operator_bias_shift,contact_grasp_policy,6,84,0.642857,0.592296,0.174027,0.118042,0.069516,0.218230,0.070832,minus_tail_failure_objective,ignores rare catastrophic outcomes
combined_stress,operator_bias_shift,peg_search_policy,0,84,0.666667,0.560317,0.176035,0.116614,0.065389,0.216977,0.076416,minus_tail_failure_objective,ignores rare catastrophic outcomes
combined_stress,operator_bias_shift,peg_search_policy,1,84,0.690476,0.561165,0.176683,0.116358,0.065344,0.217155,0.076846,minus_tail_failure_objective,ignores rare catastrophic outcomes
combined_stress,operator_bias_shift,peg_search_policy,2,84,0.523810,0.562013,0.177331,0.121816,0.069451,0.219238,0.077276,minus_tail_failure_objective,ignores rare catastrophic outcomes
combined_stress,operator_bias_shift,peg_search_policy,3,84,0.690476,0.562861,0.177979,0.117274,0.066292,0.209983,0.069703,minus_tail_failure_objective,ignores rare catastrophic outcomes
combined_stress,operator_bias_shift,peg_search_policy,4,84,0.559524,0.563709,0.178627,0.121661,0.069621,0.211709,0.070133,minus_tail_failure_objective,ignores rare catastrophic outcomes
combined_stress,operator_bias_shift,peg_search_policy,5,84,0.666667,0.564557,0.179275,0.110901,0.067279,0.211053,0.070563,minus_tail_failure_objective,ignores rare catastrophic outcomes
combined_stress,operator_bias_shift,peg_search_policy,6,84,0.630952,0.565405,0.179923,0.112430,0.068532,0.211827,0.070994,minus_tail_failure_objective,ignores rare catastrophic outcomes
combined_stress,operator_bias_shift,deformable_pull_policy,0,84,0.559524,0.595022,0.171544,0.115389,0.067473,0.214273,0.074820,minus_tail_failure_objective,ignores rare catastrophic outcomes
combined_stress,operator_bias_shift,deformable_pull_policy,1,84,0.583333,0.595910,0.172222,0.115154,0.067450,0.214470,0.075271,minus_tail_failure_objective,ignores rare catastrophic outcomes
combined_stress,operator_bias_shift,deformable_pull_policy,2,84,0.630952,0.596798,0.172900,0.114206,0.066909,0.214430,0.075722,minus_tail_failure_objective,ignores rare catastrophic outcomes
combined_stress,operator_bias_shift,deformable_pull_policy,3,84,0.642857,0.597686,0.173578,0.114329,0.067146,0.214747,0.076173,minus_tail_failure_objective,ignores rare catastrophic outcomes
combined_stress,operator_bias_shift,deformable_pull_policy,4,84,0.571429,0.598574,0.174256,0.116952,0.069200,0.215897,0.076624,minus_tail_failure_objective,ignores rare catastrophic outcomes
combined_stress,operator_bias_shift,deformable_pull_policy,5,84,0.595238,0.599462,0.174934,0.116718,0.069177,0.216095,0.077075,minus_tail_failure_objective,ignores rare catastrophic outcomes
combined_stress,operator_bias_shift,deformable_pull_policy,6,84,0.654762,0.600350,0.175612,0.115412,0.068376,0.215936,0.077525,minus_tail_failure_objective,ignores rare catastrophic outcomes
combined_stress,operator_bias_shift,mobile_place_policy,0,84,0.607143,0.573685,0.176061,0.115042,0.072754,0.214306,0.073984,minus_tail_failure_objective,ignores rare catastrophic outcomes
combined_stress,operator_bias_shift,mobile_place_policy,1,84,0.666667,0.574549,0.176721,0.113723,0.063935,0.214134,0.074423,minus_tail_failure_objective,ignores rare catastrophic outcomes
combined_stress,operator_bias_shift,mobile_place_policy,2,84,0.690476,0.575413,0.177381,0.113475,0.063899,0.214320,0.074861,minus_tail_failure_objective,ignores rare catastrophic outcomes
combined_stress,operator_bias_shift,mobile_place_policy,3,84,0.630952,0.576277,0.178041,0.115728,0.065680,0.215339,0.075300,minus_tail_failure_objective,ignores rare catastrophic outcomes
combined_stress,operator_bias_shift,mobile_place_policy,4,84,0.595238,0.577141,0.178701,0.117266,0.066942,0.216121,0.075738,minus_tail_failure_objective,ignores rare catastrophic outcomes
combined_stress,operator_bias_shift,mobile_place_policy,5,84,0.666667,0.578005,0.179361,0.115590,0.065868,0.215830,0.076177,minus_tail_failure_objective,ignores rare catastrophic outcomes
combined_stress,operator_bias_shift,mobile_place_policy,6,84,0.607143,0.578869,0.180021,0.117843,0.067648,0.216850,0.076616,minus_tail_failure_objective,ignores rare catastrophic outcomes
combined_stress,operator_bias_shift,force_limited_twist_policy,0,84,0.726190,0.592126,0.178220,0.116191,0.065393,0.209877,0.073979,minus_tail_failure_objective,ignores rare catastrophic outcomes
combined_stress,operator_bias_shift,force_limited_twist_policy,1,84,0.654762,0.593046,0.178922,0.118831,0.067465,0.211043,0.074446,minus_tail_failure_objective,ignores rare catastrophic outcomes
combined_stress,operator_bias_shift,force_limited_twist_policy,2,84,0.547619,0.593966,0.179624,0.114539,0.069835,0.212567,0.074914,minus_tail_failure_objective,ignores rare catastrophic outcomes
combined_stress,operator_bias_shift,force_limited_twist_policy,3,84,0.690476,0.594886,0.180326,0.110751,0.067235,0.211590,0.075381,minus_tail_failure_objective,ignores rare catastrophic outcomes
combined_stress,operator_bias_shift,force_limited_twist_policy,4,84,0.678571,0.595806,0.169022,0.110825,0.067542,0.212161,0.075656,minus_tail_failure_objective,ignores rare catastrophic outcomes
combined_stress,operator_bias_shift,force_limited_twist_policy,5,84,0.654762,0.596726,0.169724,0.112037,0.068575,0.212851,0.076123,minus_tail_failure_objective,ignores rare catastrophic outcomes
combined_stress,operator_bias_shift,force_limited_twist_policy,6,84,0.642857,0.597646,0.170426,0.112892,0.069349,0.213422,0.076590,minus_tail_failure_objective,ignores rare catastrophic outcomes
combined_stress,rare_contact_mechanism,contact_grasp_policy,0,84,0.654762,0.590049,0.179122,0.116124,0.069021,0.216268,0.078398,minus_tail_failure_objective,ignores rare catastrophic outcomes
combined_stress,rare_contact_mechanism,contact_grasp_policy,1,84,0.690476,0.590945,0.179806,0.115537,0.068744,0.216350,0.070849,minus_tail_failure_objective,ignores rare catastrophic outcomes
combined_stress,rare_contact_mechanism,contact_grasp_policy,2,84,0.619048,0.591841,0.180490,0.118164,0.070802,0.217505,0.071304,minus_tail_failure_objective,ignores rare catastrophic outcomes
combined_stress,rare_contact_mechanism,contact_grasp_policy,3,84,0.630952,0.592737,0.181174,0.118292,0.071044,0.217826,0.071759,minus_tail_failure_objective,ignores rare catastrophic outcomes
combined_stress,rare_contact_mechanism,contact_grasp_policy,4,84,0.642857,0.593633,0.181858,0.118419,0.071285,0.218147,0.072214,minus_tail_failure_objective,ignores rare catastrophic outcomes
combined_stress,rare_contact_mechanism,contact_grasp_policy,5,84,0.702381,0.578521,0.170536,0.116337,0.070021,0.217991,0.072477,minus_tail_failure_objective,ignores rare catastrophic outcomes
combined_stress,rare_contact_mechanism,contact_grasp_policy,6,84,0.595238,0.579417,0.171220,0.120036,0.072858,0.219503,0.072932,minus_tail_failure_objective,ignores rare catastrophic outcomes
combined_stress,rare_contact_mechanism,peg_search_policy,0,84,0.619048,0.555070,0.178951,0.114792,0.072518,0.214062,0.074418,minus_tail_failure_objective,ignores rare catastrophic outcomes
combined_stress,rare_contact_mechanism,peg_search_policy,1,84,0.595238,0.555942,0.179617,0.115978,0.065521,0.214728,0.074861,minus_tail_failure_objective,ignores rare catastrophic outcomes
combined_stress,rare_contact_mechanism,peg_search_policy,2,84,0.666667,0.556814,0.180283,0.114306,0.064451,0.214442,0.075304,minus_tail_failure_objective,ignores rare catastrophic outcomes
combined_stress,rare_contact_mechanism,peg_search_policy,3,84,0.642857,0.557686,0.180949,0.115492,0.065458,0.215108,0.075746,minus_tail_failure_objective,ignores rare catastrophic outcomes
combined_stress,rare_contact_mechanism,peg_search_policy,4,84,0.571429,0.558558,0.181615,0.118106,0.067502,0.216251,0.076189,minus_tail_failure_objective,ignores rare catastrophic outcomes
combined_stress,rare_contact_mechanism,peg_search_policy,5,84,0.750000,0.559430,0.170275,0.112440,0.063630,0.214893,0.076439,minus_tail_failure_objective,ignores rare catastrophic outcomes
combined_stress,rare_contact_mechanism,peg_search_policy,6,84,0.619048,0.560302,0.170941,0.116840,0.066972,0.216630,0.076882,minus_tail_failure_objective,ignores rare catastrophic outcomes
combined_stress,rare_contact_mechanism,deformable_pull_policy,0,84,0.630952,0.602735,0.172175,0.116327,0.070783,0.216647,0.071262,minus_tail_failure_objective,ignores rare catastrophic outcomes
combined_stress,rare_contact_mechanism,deformable_pull_policy,1,84,0.559524,0.603647,0.172871,0.118963,0.072850,0.217809,0.071726,minus_tail_failure_objective,ignores rare catastrophic outcomes
combined_stress,rare_contact_mechanism,deformable_pull_policy,2,84,0.654762,0.588551,0.173567,0.116599,0.071284,0.217305,0.072189,minus_tail_failure_objective,ignores rare catastrophic outcomes
combined_stress,rare_contact_mechanism,deformable_pull_policy,3,84,0.535714,0.589463,0.174263,0.120664,0.074389,0.218943,0.072652,minus_tail_failure_objective,ignores rare catastrophic outcomes
combined_stress,rare_contact_mechanism,deformable_pull_policy,4,84,0.523810,0.590375,0.174959,0.121514,0.067154,0.219510,0.073115,minus_tail_failure_objective,ignores rare catastrophic outcomes
combined_stress,rare_contact_mechanism,deformable_pull_policy,5,84,0.583333,0.591287,0.175655,0.120222,0.066367,0.219363,0.073578,minus_tail_failure_objective,ignores rare catastrophic outcomes
combined_stress,rare_contact_mechanism,deformable_pull_policy,6,84,0.500000,0.592199,0.176351,0.123215,0.068693,0.220645,0.074041,minus_tail_failure_objective,ignores rare catastrophic outcomes
combined_stress,rare_contact_mechanism,mobile_place_policy,0,84,0.630952,0.573310,0.170626,0.112970,0.064575,0.213112,0.074289,minus_tail_failure_objective,ignores rare catastrophic outcomes
combined_stress,rare_contact_mechanism,mobile_place_policy,1,84,0.678571,0.574198,0.171304,0.112022,0.064033,0.213072,0.074740,minus_tail_failure_objective,ignores rare catastrophic outcomes
combined_stress,rare_contact_mechanism,mobile_place_policy,2,84,0.559524,0.575086,0.171982,0.116073,0.067125,0.214699,0.075191,minus_tail_failure_objective,ignores rare catastrophic outcomes
combined_stress,rare_contact_mechanism,mobile_place_policy,3,84,0.630952,0.575974,0.172660,0.114410,0.066065,0.214420,0.075642,minus_tail_failure_objective,ignores rare catastrophic outcomes
combined_stress,rare_contact_mechanism,mobile_place_policy,4,84,0.571429,0.576862,0.173338,0.116676,0.067859,0.215451,0.076093,minus_tail_failure_objective,ignores rare catastrophic outcomes
combined_stress,rare_contact_mechanism,mobile_place_policy,5,84,0.547619,0.577750,0.174016,0.117870,0.068874,0.216126,0.076543,minus_tail_failure_objective,ignores rare catastrophic outcomes
combined_stress,rare_contact_mechanism,mobile_place_policy,6,84,0.583333,0.578638,0.174694,0.117279,0.068592,0.216204,0.076994,minus_tail_failure_objective,ignores rare catastrophic outcomes
combined_stress,rare_contact_mechanism,force_limited_twist_policy,0,84,0.595238,0.594655,0.174962,0.120355,0.070216,0.219687,0.075771,minus_tail_failure_objective,ignores rare catastrophic outcomes
combined_stress,rare_contact_mechanism,force_limited_twist_policy,1,84,0.726190,0.595599,0.175682,0.116938,0.067889,0.210838,0.076250,minus_tail_failure_objective,ignores rare catastrophic outcomes
combined_stress,rare_contact_mechanism,force_limited_twist_policy,2,84,0.690476,0.596543,0.176402,0.118520,0.069196,0.211659,0.076730,minus_tail_failure_objective,ignores rare catastrophic outcomes
combined_stress,rare_contact_mechanism,force_limited_twist_policy,3,84,0.654762,0.597487,0.177122,0.112098,0.070022,0.212480,0.077209,minus_tail_failure_objective,ignores rare catastrophic outcomes
combined_stress,rare_contact_mechanism,force_limited_twist_policy,4,84,0.535714,0.598431,0.177842,0.116180,0.073145,0.214134,0.077689,minus_tail_failure_objective,ignores rare catastrophic outcomes
combined_stress,rare_contact_mechanism,force_limited_twist_policy,5,84,0.654762,0.583367,0.178562,0.113120,0.071078,0.213408,0.078169,minus_tail_failure_objective,ignores rare catastrophic outcomes
combined_stress,rare_contact_mechanism,force_limited_twist_policy,6,84,0.607143,0.584311,0.179282,0.115059,0.072644,0.214348,0.070644,minus_tail_failure_objective,ignores rare catastrophic outcomes
combined_stress,intervention_gap,contact_grasp_policy,0,84,0.654762,0.580435,0.182323,0.119568,0.065764,0.218277,0.078321,minus_tail_failure_objective,ignores rare catastrophic outcomes
combined_stress,intervention_gap,contact_grasp_policy,1,84,0.690476,0.581283,0.182971,0.118955,0.065460,0.218336,0.078752,minus_tail_failure_objective,ignores rare catastrophic outcomes
combined_stress,intervention_gap,contact_grasp_policy,2,84,0.559524,0.582132,0.183619,0.123342,0.068789,0.220062,0.079182,minus_tail_failure_objective,ignores rare catastrophic outcomes
combined_stress,intervention_gap,contact_grasp_policy,3,84,0.571429,0.582979,0.184267,0.123443,0.069003,0.220359,0.079612,minus_tail_failure_objective,ignores rare catastrophic outcomes
combined_stress,intervention_gap,contact_grasp_policy,4,84,0.642857,0.583827,0.184915,0.121758,0.067920,0.220060,0.072039,minus_tail_failure_objective,ignores rare catastrophic outcomes
combined_stress,intervention_gap,contact_grasp_policy,5,84,0.523810,0.584676,0.185563,0.125787,0.070990,0.213663,0.072469,minus_tail_failure_objective,ignores rare catastrophic outcomes
combined_stress,intervention_gap,contact_grasp_policy,6,84,0.666667,0.585523,0.174205,0.121179,0.067883,0.212650,0.072707,minus_tail_failure_objective,ignores rare catastrophic outcomes
combined_stress,intervention_gap,peg_search_policy,0,84,0.559524,0.561920,0.182495,0.120272,0.070813,0.216895,0.074575,minus_tail_failure_objective,ignores rare catastrophic outcomes
combined_stress,intervention_gap,peg_search_policy,1,84,0.571429,0.562744,0.183125,0.120360,0.071014,0.217180,0.074993,minus_tail_failure_objective,ignores rare catastrophic outcomes
combined_stress,intervention_gap,peg_search_policy,2,84,0.595238,0.563568,0.183755,0.120091,0.070956,0.217346,0.075411,minus_tail_failure_objective,ignores rare catastrophic outcomes
combined_stress,intervention_gap,peg_search_policy,3,84,0.595238,0.564392,0.184385,0.120536,0.071417,0.217750,0.075829,minus_tail_failure_objective,ignores rare catastrophic outcomes
combined_stress,intervention_gap,peg_search_policy,4,84,0.630952,0.565216,0.185015,0.119909,0.071099,0.217797,0.076247,minus_tail_failure_objective,ignores rare catastrophic outcomes
combined_stress,intervention_gap,peg_search_policy,5,84,0.607143,0.566040,0.185645,0.121069,0.072079,0.218439,0.076665,minus_tail_failure_objective,ignores rare catastrophic outcomes
combined_stress,intervention_gap,peg_search_policy,6,84,0.654762,0.566864,0.174269,0.119305,0.071034,0.218367,0.076891,minus_tail_failure_objective,ignores rare catastrophic outcomes
combined_stress,intervention_gap,deformable_pull_policy,0,84,0.476190,0.599673,0.180291,0.120005,0.074083,0.215476,0.074540,minus_tail_failure_objective,ignores rare catastrophic outcomes
combined_stress,intervention_gap,deformable_pull_policy,1,84,0.559524,0.600537,0.180951,0.117972,0.072749,0.215067,0.074979,minus_tail_failure_objective,ignores rare catastrophic outcomes
combined_stress,intervention_gap,deformable_pull_policy,2,84,0.571429,0.601401,0.181611,0.118082,0.072973,0.215372,0.075417,minus_tail_failure_objective,ignores rare catastrophic outcomes
combined_stress,intervention_gap,deformable_pull_policy,3,84,0.559524,0.586257,0.182271,0.118906,0.073715,0.215915,0.075856,minus_tail_failure_objective,ignores rare catastrophic outcomes
combined_stress,intervention_gap,deformable_pull_policy,4,84,0.476190,0.587121,0.182931,0.121873,0.076015,0.217172,0.076295,minus_tail_failure_objective,ignores rare catastrophic outcomes
combined_stress,intervention_gap,deformable_pull_policy,5,84,0.630952,0.587985,0.183591,0.117697,0.065120,0.216049,0.076733,minus_tail_failure_objective,ignores rare catastrophic outcomes
combined_stress,intervention_gap,deformable_pull_policy,6,84,0.583333,0.588849,0.184251,0.119592,0.066642,0.216949,0.077172,minus_tail_failure_objective,ignores rare catastrophic outcomes
combined_stress,intervention_gap,mobile_place_policy,0,84,0.678571,0.570417,0.178867,0.118673,0.064037,0.218006,0.077653,minus_tail_failure_objective,ignores rare catastrophic outcomes
combined_stress,intervention_gap,mobile_place_policy,1,84,0.583333,0.571257,0.179509,0.121984,0.066583,0.219370,0.078079,minus_tail_failure_objective,ignores rare catastrophic outcomes
combined_stress,intervention_gap,mobile_place_policy,2,84,0.666667,0.572097,0.180151,0.119938,0.065236,0.218949,0.078506,minus_tail_failure_objective,ignores rare catastrophic outcomes
combined_stress,intervention_gap,mobile_place_policy,3,84,0.642857,0.572937,0.180793,0.121106,0.066225,0.219599,0.078932,minus_tail_failure_objective,ignores rare catastrophic outcomes
combined_stress,intervention_gap,mobile_place_policy,4,84,0.571429,0.573777,0.181435,0.123702,0.068252,0.220725,0.079358,minus_tail_failure_objective,ignores rare catastrophic outcomes
combined_stress,intervention_gap,mobile_place_policy,5,84,0.607143,0.574617,0.182077,0.123085,0.067943,0.212776,0.071780,minus_tail_failure_objective,ignores rare catastrophic outcomes
combined_stress,intervention_gap,mobile_place_policy,6,84,0.654762,0.575457,0.182719,0.122110,0.067375,0.212712,0.072207,minus_tail_failure_objective,ignores rare catastrophic outcomes
combined_stress,intervention_gap,force_limited_twist_policy,0,84,0.738095,0.585953,0.178848,0.112010,0.063874,0.212720,0.076161,minus_tail_failure_objective,ignores rare catastrophic outcomes
combined_stress,intervention_gap,force_limited_twist_policy,1,84,0.654762,0.586849,0.179532,0.114995,0.066192,0.213994,0.076616,minus_tail_failure_objective,ignores rare catastrophic outcomes
combined_stress,intervention_gap,force_limited_twist_policy,2,84,0.666667,0.587745,0.180216,0.115122,0.066434,0.214315,0.077071,minus_tail_failure_objective,ignores rare catastrophic outcomes
combined_stress,intervention_gap,force_limited_twist_policy,3,84,0.619048,0.588641,0.180900,0.117035,0.067973,0.215231,0.077526,minus_tail_failure_objective,ignores rare catastrophic outcomes
combined_stress,intervention_gap,force_limited_twist_policy,4,84,0.666667,0.589537,0.181584,0.116091,0.067436,0.215195,0.077981,minus_tail_failure_objective,ignores rare catastrophic outcomes
combined_stress,intervention_gap,force_limited_twist_policy,5,84,0.583333,0.590433,0.182268,0.119075,0.069753,0.216468,0.078436,minus_tail_failure_objective,ignores rare catastrophic outcomes
combined_stress,intervention_gap,force_limited_twist_policy,6,84,0.666667,0.591329,0.182952,0.117060,0.068438,0.216075,0.078891,minus_tail_failure_objective,ignores rare catastrophic outcomes
combined_stress,compound_spurious_shift,contact_grasp_policy,0,84,0.654762,0.586056,0.183711,0.123726,0.071494,0.219192,0.074823,minus_tail_failure_objective,ignores rare catastrophic outcomes
combined_stress,compound_spurious_shift,contact_grasp_policy,1,84,0.595238,0.570952,0.184401,0.126001,0.073297,0.220232,0.075282,minus_tail_failure_objective,ignores rare catastrophic outcomes
combined_stress,compound_spurious_shift,contact_grasp_policy,2,84,0.583333,0.571856,0.185091,0.126847,0.074062,0.220795,0.075741,minus_tail_failure_objective,ignores rare catastrophic outcomes
combined_stress,compound_spurious_shift,contact_grasp_policy,3,84,0.559524,0.572761,0.185781,0.128050,0.067083,0.221477,0.076200,minus_tail_failure_objective,ignores rare catastrophic outcomes
combined_stress,compound_spurious_shift,contact_grasp_policy,4,84,0.630952,0.573665,0.186471,0.126396,0.066031,0.221206,0.076660,minus_tail_failure_objective,ignores rare catastrophic outcomes
combined_stress,compound_spurious_shift,contact_grasp_policy,5,84,0.630952,0.574569,0.187161,0.126885,0.066537,0.221650,0.077119,minus_tail_failure_objective,ignores rare catastrophic outcomes
combined_stress,compound_spurious_shift,contact_grasp_policy,6,84,0.595238,0.575472,0.187851,0.128445,0.067821,0.214448,0.077578,minus_tail_failure_objective,ignores rare catastrophic outcomes
combined_stress,compound_spurious_shift,peg_search_policy,0,84,0.630952,0.548333,0.193488,0.121312,0.065660,0.215496,0.077635,minus_tail_failure_objective,ignores rare catastrophic outcomes
combined_stress,compound_spurious_shift,peg_search_policy,1,84,0.714286,0.549213,0.182154,0.118507,0.063868,0.215095,0.077890,minus_tail_failure_objective,ignores rare catastrophic outcomes
combined_stress,compound_spurious_shift,peg_search_policy,2,84,0.607143,0.550093,0.182826,0.122197,0.066696,0.216598,0.078336,minus_tail_failure_objective,ignores rare catastrophic outcomes
combined_stress,compound_spurious_shift,peg_search_policy,3,84,0.571429,0.550973,0.183498,0.123745,0.067967,0.217387,0.078783,minus_tail_failure_objective,ignores rare catastrophic outcomes
combined_stress,compound_spurious_shift,peg_search_policy,4,84,0.607143,0.551853,0.184170,0.123149,0.067680,0.217462,0.079230,minus_tail_failure_objective,ignores rare catastrophic outcomes
combined_stress,compound_spurious_shift,peg_search_policy,5,84,0.595238,0.552733,0.184842,0.123982,0.068432,0.218013,0.079677,minus_tail_failure_objective,ignores rare catastrophic outcomes
combined_stress,compound_spurious_shift,peg_search_policy,6,84,0.630952,0.553613,0.185514,0.123386,0.068145,0.218088,0.080123,minus_tail_failure_objective,ignores rare catastrophic outcomes
combined_stress,compound_spurious_shift,deformable_pull_policy,0,84,0.607143,0.584310,0.189952,0.126289,0.067119,0.220598,0.076691,minus_tail_failure_objective,ignores rare catastrophic outcomes
combined_stress,compound_spurious_shift,deformable_pull_policy,1,84,0.654762,0.585230,0.190654,0.125358,0.066595,0.220574,0.077158,minus_tail_failure_objective,ignores rare catastrophic outcomes
combined_stress,compound_spurious_shift,deformable_pull_policy,2,84,0.488095,0.586150,0.191356,0.130855,0.070743,0.222692,0.077625,minus_tail_failure_objective,ignores rare catastrophic outcomes
combined_stress,compound_spurious_shift,deformable_pull_policy,3,84,0.571429,0.587070,0.192058,0.128853,0.069441,0.222311,0.078093,minus_tail_failure_objective,ignores rare catastrophic outcomes
combined_stress,compound_spurious_shift,deformable_pull_policy,4,84,0.607143,0.587990,0.192760,0.128279,0.069176,0.222406,0.078560,minus_tail_failure_objective,ignores rare catastrophic outcomes
combined_stress,compound_spurious_shift,deformable_pull_policy,5,84,0.440476,0.588910,0.193462,0.133777,0.073324,0.216521,0.079027,minus_tail_failure_objective,ignores rare catastrophic outcomes
combined_stress,compound_spurious_shift,deformable_pull_policy,6,84,0.547619,0.589830,0.194164,0.131060,0.071503,0.215901,0.079494,minus_tail_failure_objective,ignores rare catastrophic outcomes
combined_stress,compound_spurious_shift,mobile_place_policy,0,84,0.571429,0.568198,0.186381,0.122524,0.068186,0.216072,0.078337,minus_tail_failure_objective,ignores rare catastrophic outcomes
combined_stress,compound_spurious_shift,mobile_place_policy,1,84,0.595238,0.569094,0.187065,0.122294,0.068168,0.216274,0.078792,minus_tail_failure_objective,ignores rare catastrophic outcomes
combined_stress,compound_spurious_shift,mobile_place_policy,2,84,0.642857,0.569990,0.187749,0.121350,0.067631,0.216238,0.079247,minus_tail_failure_objective,ignores rare catastrophic outcomes
combined_stress,compound_spurious_shift,mobile_place_policy,3,84,0.547619,0.570886,0.188433,0.124692,0.070208,0.217630,0.079702,minus_tail_failure_objective,ignores rare catastrophic outcomes
combined_stress,compound_spurious_shift,mobile_place_policy,4,84,0.547619,0.571782,0.189117,0.125176,0.070709,0.218070,0.080157,minus_tail_failure_objective,ignores rare catastrophic outcomes
combined_stress,compound_spurious_shift,mobile_place_policy,5,84,0.488095,0.572678,0.189801,0.127446,0.072508,0.219106,0.080612,minus_tail_failure_objective,ignores rare catastrophic outcomes
combined_stress,compound_spurious_shift,mobile_place_policy,6,84,0.619048,0.573574,0.190485,0.124002,0.070154,0.218236,0.081067,minus_tail_failure_objective,ignores rare catastrophic outcomes
combined_stress,compound_spurious_shift,force_limited_twist_policy,0,84,0.726190,0.579838,0.183440,0.118870,0.064249,0.215891,0.074851,minus_tail_failure_objective,ignores rare catastrophic outcomes
combined_stress,compound_spurious_shift,force_limited_twist_policy,1,84,0.535714,0.580790,0.184166,0.125099,0.068933,0.218263,0.075334,minus_tail_failure_objective,ignores rare catastrophic outcomes
combined_stress,compound_spurious_shift,force_limited_twist_policy,2,84,0.654762,0.581742,0.184892,0.122043,0.066871,0.217541,0.075818,minus_tail_failure_objective,ignores rare catastrophic outcomes
combined_stress,compound_spurious_shift,force_limited_twist_policy,3,84,0.511905,0.582694,0.185618,0.126844,0.070517,0.219437,0.076301,minus_tail_failure_objective,ignores rare catastrophic outcomes
combined_stress,compound_spurious_shift,force_limited_twist_policy,4,84,0.583333,0.583646,0.186344,0.125216,0.069492,0.219191,0.076785,minus_tail_failure_objective,ignores rare catastrophic outcomes
combined_stress,compound_spurious_shift,force_limited_twist_policy,5,84,0.583333,0.584598,0.187070,0.125732,0.070025,0.219659,0.077269,minus_tail_failure_objective,ignores rare catastrophic outcomes
combined_stress,compound_spurious_shift,force_limited_twist_policy,6,84,0.642857,0.585550,0.187796,0.124461,0.069259,0.219532,0.077752,minus_tail_failure_objective,ignores rare catastrophic outcomes
combined_stress,iid_mechanisms,contact_grasp_policy,0,84,0.738095,0.611465,0.144556,0.071449,0.050805,0.266389,0.071529,minus_cost_constraint,selects too many redundant interventions
combined_stress,iid_mechanisms,contact_grasp_policy,1,84,0.761905,0.612241,0.145150,0.071154,0.050719,0.266531,0.071922,minus_cost_constraint,selects too many redundant interventions
combined_stress,iid_mechanisms,contact_grasp_policy,2,84,0.714286,0.597010,0.145744,0.073001,0.052191,0.267387,0.064312,minus_cost_constraint,selects too many redundant interventions
combined_stress,iid_mechanisms,contact_grasp_policy,3,84,0.666667,0.597786,0.146338,0.074848,0.053663,0.268243,0.064705,minus_cost_constraint,selects too many redundant interventions
combined_stress,iid_mechanisms,contact_grasp_policy,4,84,0.714286,0.598562,0.146932,0.073838,0.053059,0.268147,0.065099,minus_cost_constraint,selects too many redundant interventions
combined_stress,iid_mechanisms,contact_grasp_policy,5,84,0.738095,0.599338,0.147526,0.073542,0.044970,0.268289,0.065492,minus_cost_constraint,selects too many redundant interventions
combined_stress,iid_mechanisms,contact_grasp_policy,6,84,0.761905,0.600114,0.148120,0.073247,0.044885,0.268431,0.065886,minus_cost_constraint,selects too many redundant interventions
combined_stress,iid_mechanisms,peg_search_policy,0,84,0.738095,0.585630,0.151271,0.074066,0.050633,0.268398,0.064227,minus_cost_constraint,selects too many redundant interventions
combined_stress,iid_mechanisms,peg_search_policy,1,84,0.690476,0.586382,0.151847,0.075900,0.052091,0.269242,0.064609,minus_cost_constraint,selects too many redundant interventions
combined_stress,iid_mechanisms,peg_search_policy,2,84,0.607143,0.587134,0.140417,0.078025,0.053861,0.270444,0.064798,minus_cost_constraint,selects too many redundant interventions
combined_stress,iid_mechanisms,peg_search_policy,3,84,0.690476,0.587886,0.140993,0.075930,0.052465,0.269978,0.065179,minus_cost_constraint,selects too many redundant interventions
combined_stress,iid_mechanisms,peg_search_policy,4,84,0.785714,0.572630,0.141569,0.073479,0.050809,0.269394,0.065560,minus_cost_constraint,selects too many redundant interventions
combined_stress,iid_mechanisms,peg_search_policy,5,84,0.726190,0.573382,0.142145,0.075670,0.052527,0.270357,0.065941,minus_cost_constraint,selects too many redundant interventions
combined_stress,iid_mechanisms,peg_search_policy,6,84,0.738095,0.574134,0.142721,0.075718,0.052688,0.270606,0.066323,minus_cost_constraint,selects too many redundant interventions
combined_stress,iid_mechanisms,deformable_pull_policy,0,84,0.619048,0.616519,0.143859,0.079103,0.051320,0.271908,0.068681,minus_cost_constraint,selects too many redundant interventions
combined_stress,iid_mechanisms,deformable_pull_policy,1,84,0.714286,0.617311,0.144465,0.076674,0.049687,0.271344,0.069083,minus_cost_constraint,selects too many redundant interventions
combined_stress,iid_mechanisms,deformable_pull_policy,2,84,0.607143,0.618103,0.145071,0.080315,0.052466,0.272804,0.069485,minus_cost_constraint,selects too many redundant interventions
combined_stress,iid_mechanisms,deformable_pull_policy,3,84,0.678571,0.618895,0.145677,0.078600,0.051351,0.272477,0.069887,minus_cost_constraint,selects too many redundant interventions
combined_stress,iid_mechanisms,deformable_pull_policy,4,84,0.666667,0.619687,0.146283,0.079384,0.052054,0.264980,0.070288,minus_cost_constraint,selects too many redundant interventions
combined_stress,iid_mechanisms,deformable_pull_policy,5,84,0.559524,0.620479,0.146889,0.083026,0.054832,0.266440,0.070690,minus_cost_constraint,selects too many redundant interventions
combined_stress,iid_mechanisms,deformable_pull_policy,6,84,0.666667,0.621271,0.147495,0.072235,0.052459,0.265756,0.071092,minus_cost_constraint,selects too many redundant interventions
combined_stress,iid_mechanisms,mobile_place_policy,0,84,0.619048,0.595519,0.148673,0.080372,0.049825,0.272586,0.068018,minus_cost_constraint,selects too many redundant interventions
combined_stress,iid_mechanisms,mobile_place_policy,1,84,0.654762,0.596287,0.149261,0.079715,0.049476,0.264601,0.068407,minus_cost_constraint,selects too many redundant interventions
combined_stress,iid_mechanisms,mobile_place_policy,2,84,0.654762,0.597055,0.149849,0.080129,0.049905,0.264977,0.068797,minus_cost_constraint,selects too many redundant interventions
combined_stress,iid_mechanisms,mobile_place_policy,3,84,0.678571,0.597823,0.150437,0.071825,0.049335,0.265114,0.069186,minus_cost_constraint,selects too many redundant interventions
combined_stress,iid_mechanisms,mobile_place_policy,4,84,0.678571,0.598591,0.151025,0.072239,0.049765,0.265490,0.069576,minus_cost_constraint,selects too many redundant interventions
combined_stress,iid_mechanisms,mobile_place_policy,5,84,0.678571,0.599359,0.151613,0.072654,0.050194,0.265866,0.069965,minus_cost_constraint,selects too many redundant interventions
combined_stress,iid_mechanisms,mobile_place_policy,6,84,0.702381,0.600127,0.140195,0.071573,0.049638,0.266004,0.070162,minus_cost_constraint,selects too many redundant interventions
combined_stress,iid_mechanisms,force_limited_twist_policy,0,84,0.619048,0.602343,0.142089,0.078716,0.054571,0.271544,0.070069,minus_cost_constraint,selects too many redundant interventions
combined_stress,iid_mechanisms,force_limited_twist_policy,1,84,0.702381,0.603167,0.142719,0.076661,0.053215,0.271114,0.070487,minus_cost_constraint,selects too many redundant interventions
combined_stress,iid_mechanisms,force_limited_twist_policy,2,84,0.642857,0.603991,0.143349,0.078892,0.046970,0.272113,0.070905,minus_cost_constraint,selects too many redundant interventions
combined_stress,iid_mechanisms,force_limited_twist_policy,3,84,0.642857,0.604815,0.143979,0.079337,0.047430,0.272517,0.071323,minus_cost_constraint,selects too many redundant interventions
combined_stress,iid_mechanisms,force_limited_twist_policy,4,84,0.726190,0.605639,0.144609,0.077282,0.046074,0.264084,0.071741,minus_cost_constraint,selects too many redundant interventions
combined_stress,iid_mechanisms,force_limited_twist_policy,5,84,0.738095,0.606463,0.145239,0.077370,0.046276,0.264369,0.072159,minus_cost_constraint,selects too many redundant interventions
combined_stress,iid_mechanisms,force_limited_twist_policy,6,84,0.607143,0.607287,0.145869,0.073739,0.049111,0.266083,0.064573,minus_cost_constraint,selects too many redundant interventions
combined_stress,color_mechanism_confound,contact_grasp_policy,0,84,0.619048,0.597028,0.160975,0.085534,0.050677,0.273322,0.074384,minus_cost_constraint,selects too many redundant interventions
combined_stress,color_mechanism_confound,contact_grasp_policy,1,84,0.642857,0.597884,0.161629,0.085282,0.050637,0.273503,0.074818,minus_cost_constraint,selects too many redundant interventions
combined_stress,color_mechanism_confound,contact_grasp_policy,2,84,0.738095,0.598741,0.150277,0.082107,0.048572,0.272971,0.075060,minus_cost_constraint,selects too many redundant interventions
combined_stress,color_mechanism_confound,contact_grasp_policy,3,84,0.619048,0.599596,0.150931,0.086141,0.051646,0.274582,0.067491,minus_cost_constraint,selects too many redundant interventions
combined_stress,color_mechanism_confound,contact_grasp_policy,4,84,0.702381,0.600452,0.151585,0.084104,0.050308,0.274168,0.067925,minus_cost_constraint,selects too many redundant interventions
combined_stress,color_mechanism_confound,contact_grasp_policy,5,84,0.571429,0.601309,0.152239,0.088495,0.053641,0.267894,0.068360,minus_cost_constraint,selects too many redundant interventions
combined_stress,color_mechanism_confound,contact_grasp_policy,6,84,0.642857,0.602164,0.152893,0.086814,0.052563,0.267599,0.068794,minus_cost_constraint,selects too many redundant interventions
combined_stress,color_mechanism_confound,peg_search_policy,0,84,0.583333,0.575769,0.159116,0.082949,0.052895,0.269972,0.069233,minus_cost_constraint,selects too many redundant interventions
combined_stress,color_mechanism_confound,peg_search_policy,1,84,0.666667,0.576601,0.159752,0.080898,0.051544,0.269547,0.069655,minus_cost_constraint,selects too many redundant interventions
combined_stress,color_mechanism_confound,peg_search_policy,2,84,0.678571,0.577433,0.160388,0.080990,0.051750,0.269836,0.070077,minus_cost_constraint,selects too many redundant interventions
combined_stress,color_mechanism_confound,peg_search_policy,3,84,0.678571,0.578265,0.161024,0.081439,0.052215,0.270244,0.070499,minus_cost_constraint,selects too many redundant interventions
combined_stress,color_mechanism_confound,peg_search_policy,4,84,0.690476,0.579097,0.149654,0.080751,0.051953,0.270533,0.070730,minus_cost_constraint,selects too many redundant interventions
combined_stress,color_mechanism_confound,peg_search_policy,5,84,0.654762,0.579929,0.150290,0.082272,0.053197,0.271298,0.071152,minus_cost_constraint,selects too many redundant interventions
combined_stress,color_mechanism_confound,peg_search_policy,6,84,0.642857,0.580761,0.150926,0.083078,0.053922,0.271825,0.071574,minus_cost_constraint,selects too many redundant interventions
combined_stress,color_mechanism_confound,deformable_pull_policy,0,84,0.690476,0.601834,0.160091,0.079334,0.054426,0.268809,0.071409,minus_cost_constraint,selects too many redundant interventions
combined_stress,color_mechanism_confound,deformable_pull_policy,1,84,0.607143,0.602706,0.160757,0.082305,0.048726,0.270070,0.071852,minus_cost_constraint,selects too many redundant interventions
combined_stress,color_mechanism_confound,deformable_pull_policy,2,84,0.607143,0.603578,0.161423,0.082776,0.049214,0.270498,0.072294,minus_cost_constraint,selects too many redundant interventions
combined_stress,color_mechanism_confound,deformable_pull_policy,3,84,0.535714,0.604450,0.162089,0.085390,0.051258,0.271640,0.072737,minus_cost_constraint,selects too many redundant interventions
combined_stress,color_mechanism_confound,deformable_pull_policy,4,84,0.547619,0.605322,0.150749,0.084724,0.051019,0.271949,0.072988,minus_cost_constraint,selects too many redundant interventions
combined_stress,color_mechanism_confound,deformable_pull_policy,5,84,0.547619,0.606194,0.151415,0.085195,0.051507,0.272377,0.073430,minus_cost_constraint,selects too many redundant interventions
combined_stress,color_mechanism_confound,deformable_pull_policy,6,84,0.642857,0.607066,0.152081,0.082810,0.049918,0.271853,0.073873,minus_cost_constraint,selects too many redundant interventions
combined_stress,color_mechanism_confound,mobile_place_policy,0,84,0.630952,0.585890,0.156691,0.084382,0.048584,0.272609,0.073142,minus_cost_constraint,selects too many redundant interventions
combined_stress,color_mechanism_confound,mobile_place_policy,1,84,0.642857,0.586738,0.157339,0.084483,0.048799,0.272906,0.073573,minus_cost_constraint,selects too many redundant interventions
combined_stress,color_mechanism_confound,mobile_place_policy,2,84,0.714286,0.587586,0.157987,0.082799,0.047716,0.272608,0.074003,minus_cost_constraint,selects too many redundant interventions
combined_stress,color_mechanism_confound,mobile_place_policy,3,84,0.714286,0.588434,0.158635,0.083257,0.048190,0.273024,0.074433,minus_cost_constraint,selects too many redundant interventions
combined_stress,color_mechanism_confound,mobile_place_policy,4,84,0.583333,0.589282,0.159283,0.087643,0.051519,0.274749,0.074864,minus_cost_constraint,selects too many redundant interventions
combined_stress,color_mechanism_confound,mobile_place_policy,5,84,0.630952,0.590130,0.159931,0.086673,0.050955,0.274689,0.067290,minus_cost_constraint,selects too many redundant interventions
combined_stress,color_mechanism_confound,mobile_place_policy,6,84,0.726190,0.590978,0.160579,0.084274,0.049353,0.266149,0.067720,minus_cost_constraint,selects too many redundant interventions
combined_stress,color_mechanism_confound,force_limited_twist_policy,0,84,0.690476,0.607730,0.161370,0.081177,0.051945,0.270476,0.074877,minus_cost_constraint,selects too many redundant interventions
combined_stress,color_mechanism_confound,force_limited_twist_policy,1,84,0.666667,0.608634,0.150054,0.081600,0.052503,0.271158,0.075144,minus_cost_constraint,selects too many redundant interventions
combined_stress,color_mechanism_confound,force_limited_twist_policy,2,84,0.702381,0.609538,0.150744,0.081017,0.052229,0.271245,0.067599,minus_cost_constraint,selects too many redundant interventions
combined_stress,color_mechanism_confound,force_limited_twist_policy,3,84,0.678571,0.610442,0.151434,0.082220,0.053254,0.271927,0.068058,minus_cost_constraint,selects too many redundant interventions
combined_stress,color_mechanism_confound,force_limited_twist_policy,4,84,0.690476,0.595338,0.152124,0.082352,0.053500,0.272252,0.068518,minus_cost_constraint,selects too many redundant interventions
combined_stress,color_mechanism_confound,force_limited_twist_policy,5,84,0.714286,0.596242,0.152814,0.082126,0.053486,0.272458,0.068977,minus_cost_constraint,selects too many redundant interventions
combined_stress,color_mechanism_confound,force_limited_twist_policy,6,84,0.738095,0.597146,0.153504,0.081901,0.053473,0.272663,0.069436,minus_cost_constraint,selects too many redundant interventions
combined_stress,material_shift,contact_grasp_policy,0,84,0.666667,0.593303,0.161983,0.085239,0.048950,0.273387,0.070928,minus_cost_constraint,selects too many redundant interventions
combined_stress,material_shift,contact_grasp_policy,1,84,0.678571,0.594079,0.162577,0.085300,0.049125,0.273648,0.071321,minus_cost_constraint,selects too many redundant interventions
combined_stress,material_shift,contact_grasp_policy,2,84,0.630952,0.594855,0.163171,0.087148,0.050597,0.274504,0.071715,minus_cost_constraint,selects too many redundant interventions
combined_stress,material_shift,contact_grasp_policy,3,84,0.666667,0.595631,0.163765,0.086495,0.050252,0.274527,0.072108,minus_cost_constraint,selects too many redundant interventions
combined_stress,material_shift,contact_grasp_policy,4,84,0.642857,0.596407,0.164359,0.087628,0.051205,0.275145,0.072502,minus_cost_constraint,selects too many redundant interventions
combined_stress,material_shift,contact_grasp_policy,5,84,0.678571,0.597183,0.152947,0.086194,0.050393,0.275168,0.072703,minus_cost_constraint,selects too many redundant interventions
combined_stress,material_shift,contact_grasp_policy,6,84,0.690476,0.597959,0.153541,0.086256,0.050568,0.267425,0.073097,minus_cost_constraint,selects too many redundant interventions
combined_stress,material_shift,peg_search_policy,0,84,0.642857,0.567468,0.156692,0.087789,0.048830,0.267631,0.071438,minus_cost_constraint,selects too many redundant interventions
combined_stress,material_shift,peg_search_policy,1,84,0.678571,0.568220,0.157268,0.087123,0.048472,0.267642,0.071819,minus_cost_constraint,selects too many redundant interventions
combined_stress,material_shift,peg_search_policy,2,84,0.583333,0.568972,0.157844,0.090386,0.050969,0.268962,0.072201,minus_cost_constraint,selects too many redundant interventions
combined_stress,material_shift,peg_search_policy,3,84,0.619048,0.569724,0.158420,0.081716,0.050131,0.268973,0.072582,minus_cost_constraint,selects too many redundant interventions
combined_stress,material_shift,peg_search_policy,4,84,0.630952,0.570476,0.158996,0.081764,0.050292,0.269222,0.072963,minus_cost_constraint,selects too many redundant interventions
combined_stress,material_shift,peg_search_policy,5,84,0.642857,0.571228,0.159572,0.081812,0.050453,0.269471,0.073344,minus_cost_constraint,selects too many redundant interventions
combined_stress,material_shift,peg_search_policy,6,84,0.571429,0.571980,0.160148,0.084361,0.052430,0.270553,0.073725,minus_cost_constraint,selects too many redundant interventions
combined_stress,material_shift,deformable_pull_policy,0,84,0.666667,0.598357,0.161285,0.081318,0.054395,0.269712,0.076084,minus_cost_constraint,selects too many redundant interventions
combined_stress,material_shift,deformable_pull_policy,1,84,0.583333,0.599149,0.161891,0.084245,0.056654,0.270934,0.076486,minus_cost_constraint,selects too many redundant interventions
combined_stress,material_shift,deformable_pull_policy,2,84,0.690476,0.599941,0.162497,0.081458,0.054761,0.270250,0.068884,minus_cost_constraint,selects too many redundant interventions
combined_stress,material_shift,deformable_pull_policy,3,84,0.642857,0.600733,0.163103,0.083314,0.048238,0.271114,0.069285,minus_cost_constraint,selects too many redundant interventions
combined_stress,material_shift,deformable_pull_policy,4,84,0.583333,0.601525,0.163709,0.085527,0.049979,0.272098,0.069687,minus_cost_constraint,selects too many redundant interventions
combined_stress,material_shift,deformable_pull_policy,5,84,0.714286,0.602317,0.164315,0.082026,0.047567,0.271176,0.070089,minus_cost_constraint,selects too many redundant interventions
combined_stress,material_shift,deformable_pull_policy,6,84,0.654762,0.603109,0.164921,0.084239,0.049307,0.272159,0.070490,minus_cost_constraint,selects too many redundant interventions
combined_stress,material_shift,mobile_place_policy,0,84,0.595238,0.593364,0.154093,0.083949,0.053989,0.271104,0.075229,minus_cost_constraint,selects too many redundant interventions
combined_stress,material_shift,mobile_place_policy,1,84,0.583333,0.594132,0.154681,0.084720,0.054678,0.271599,0.075618,minus_cost_constraint,selects too many redundant interventions
combined_stress,material_shift,mobile_place_policy,2,84,0.595238,0.594900,0.155269,0.084777,0.054848,0.271856,0.076008,minus_cost_constraint,selects too many redundant interventions
combined_stress,material_shift,mobile_place_policy,3,84,0.500000,0.595668,0.155857,0.088049,0.057354,0.273184,0.068393,minus_cost_constraint,selects too many redundant interventions
combined_stress,material_shift,mobile_place_policy,4,84,0.678571,0.580428,0.156445,0.083106,0.053891,0.271774,0.068782,minus_cost_constraint,selects too many redundant interventions
combined_stress,material_shift,mobile_place_policy,5,84,0.702381,0.581196,0.157033,0.082806,0.053801,0.271912,0.069172,minus_cost_constraint,selects too many redundant interventions
combined_stress,material_shift,mobile_place_policy,6,84,0.547619,0.581964,0.157621,0.087863,0.057604,0.273836,0.069561,minus_cost_constraint,selects too many redundant interventions
combined_stress,material_shift,force_limited_twist_policy,0,84,0.583333,0.600189,0.159516,0.083431,0.051458,0.270181,0.069468,minus_cost_constraint,selects too many redundant interventions
combined_stress,material_shift,force_limited_twist_policy,1,84,0.619048,0.601013,0.160146,0.082804,0.051140,0.270228,0.069886,minus_cost_constraint,selects too many redundant interventions
combined_stress,material_shift,force_limited_twist_policy,2,84,0.714286,0.601837,0.160776,0.080392,0.049525,0.269679,0.070304,minus_cost_constraint,selects too many redundant interventions
combined_stress,material_shift,force_limited_twist_policy,3,84,0.690476,0.602661,0.161406,0.081551,0.050505,0.270321,0.070722,minus_cost_constraint,selects too many redundant interventions
combined_stress,material_shift,force_limited_twist_policy,4,84,0.690476,0.603485,0.162036,0.081996,0.050965,0.270725,0.071140,minus_cost_constraint,selects too many redundant interventions
combined_stress,material_shift,force_limited_twist_policy,5,84,0.630952,0.604309,0.162666,0.084227,0.052724,0.271724,0.071558,minus_cost_constraint,selects too many redundant interventions
combined_stress,material_shift,force_limited_twist_policy,6,84,0.714286,0.605133,0.163296,0.082172,0.051368,0.271295,0.071976,minus_cost_constraint,selects too many redundant interventions
combined_stress,operator_bias_shift,contact_grasp_policy,0,84,0.595238,0.593384,0.161856,0.086755,0.051710,0.271782,0.070950,minus_cost_constraint,selects too many redundant interventions
combined_stress,operator_bias_shift,contact_grasp_policy,1,84,0.666667,0.594200,0.162480,0.085053,0.050609,0.271468,0.071364,minus_cost_constraint,selects too many redundant interventions
combined_stress,operator_bias_shift,contact_grasp_policy,2,84,0.619048,0.595016,0.163104,0.086922,0.052103,0.272344,0.071778,minus_cost_constraint,selects too many redundant interventions
combined_stress,operator_bias_shift,contact_grasp_policy,3,84,0.630952,0.595832,0.163728,0.087006,0.052300,0.272625,0.072192,minus_cost_constraint,selects too many redundant interventions
combined_stress,operator_bias_shift,contact_grasp_policy,4,84,0.714286,0.596648,0.164352,0.084946,0.050939,0.272192,0.072606,minus_cost_constraint,selects too many redundant interventions
combined_stress,operator_bias_shift,contact_grasp_policy,5,84,0.726190,0.597464,0.164976,0.085030,0.051136,0.272472,0.073020,minus_cost_constraint,selects too many redundant interventions
combined_stress,operator_bias_shift,contact_grasp_policy,6,84,0.630952,0.598280,0.165600,0.088327,0.053669,0.273825,0.073434,minus_cost_constraint,selects too many redundant interventions
combined_stress,operator_bias_shift,peg_search_policy,0,84,0.654762,0.569837,0.158281,0.088061,0.051052,0.274340,0.072632,minus_cost_constraint,selects too many redundant interventions
combined_stress,operator_bias_shift,peg_search_policy,1,84,0.702381,0.570629,0.158887,0.087060,0.050457,0.274252,0.073033,minus_cost_constraint,selects too many redundant interventions
combined_stress,operator_bias_shift,peg_search_policy,2,84,0.702381,0.571421,0.159493,0.087488,0.050900,0.274640,0.073435,minus_cost_constraint,selects too many redundant interventions
combined_stress,operator_bias_shift,peg_search_policy,3,84,0.654762,0.572213,0.160099,0.089344,0.052381,0.275504,0.073837,minus_cost_constraint,selects too many redundant interventions
combined_stress,operator_bias_shift,peg_search_policy,4,84,0.607143,0.573005,0.160705,0.091200,0.053862,0.276369,0.074238,minus_cost_constraint,selects too many redundant interventions
combined_stress,operator_bias_shift,peg_search_policy,5,84,0.583333,0.573797,0.161311,0.092341,0.054824,0.268991,0.074640,minus_cost_constraint,selects too many redundant interventions
combined_stress,operator_bias_shift,peg_search_policy,6,84,0.678571,0.574589,0.161917,0.089911,0.053190,0.268426,0.075042,minus_cost_constraint,selects too many redundant interventions
combined_stress,operator_bias_shift,deformable_pull_policy,0,84,0.630952,0.606318,0.167068,0.086087,0.052778,0.271690,0.072137,minus_cost_constraint,selects too many redundant interventions
combined_stress,operator_bias_shift,deformable_pull_policy,1,84,0.666667,0.607150,0.167704,0.085465,0.052464,0.271741,0.072559,minus_cost_constraint,selects too many redundant interventions
combined_stress,operator_bias_shift,deformable_pull_policy,2,84,0.654762,0.607982,0.168340,0.086271,0.053189,0.272268,0.072981,minus_cost_constraint,selects too many redundant interventions
combined_stress,operator_bias_shift,deformable_pull_policy,3,84,0.785714,0.608814,0.156970,0.082012,0.050332,0.271367,0.073211,minus_cost_constraint,selects too many redundant interventions
combined_stress,operator_bias_shift,deformable_pull_policy,4,84,0.714286,0.609646,0.157606,0.084604,0.052355,0.272489,0.073633,minus_cost_constraint,selects too many redundant interventions
combined_stress,operator_bias_shift,deformable_pull_policy,5,84,0.619048,0.610478,0.158242,0.087910,0.054896,0.273849,0.074056,minus_cost_constraint,selects too many redundant interventions
combined_stress,operator_bias_shift,deformable_pull_policy,6,84,0.511905,0.611310,0.158878,0.091574,0.057697,0.275329,0.074478,minus_cost_constraint,selects too many redundant interventions
combined_stress,operator_bias_shift,mobile_place_policy,0,84,0.666667,0.587845,0.161772,0.086891,0.051450,0.273274,0.072576,minus_cost_constraint,selects too many redundant interventions
combined_stress,operator_bias_shift,mobile_place_policy,1,84,0.702381,0.588653,0.162390,0.086256,0.051123,0.273313,0.072985,minus_cost_constraint,selects too many redundant interventions
combined_stress,operator_bias_shift,mobile_place_policy,2,84,0.642857,0.589461,0.163008,0.088478,0.052873,0.274304,0.073395,minus_cost_constraint,selects too many redundant interventions
combined_stress,operator_bias_shift,mobile_place_policy,3,84,0.559524,0.590269,0.163626,0.091414,0.055141,0.275534,0.073805,minus_cost_constraint,selects too many redundant interventions
combined_stress,operator_bias_shift,mobile_place_policy,4,84,0.690476,0.591077,0.164244,0.087922,0.052738,0.274620,0.074215,minus_cost_constraint,selects too many redundant interventions
combined_stress,operator_bias_shift,mobile_place_policy,5,84,0.690476,0.591885,0.164862,0.088358,0.053190,0.275016,0.074625,minus_cost_constraint,selects too many redundant interventions
combined_stress,operator_bias_shift,mobile_place_policy,6,84,0.607143,0.592693,0.165480,0.091294,0.055459,0.276246,0.075035,minus_cost_constraint,selects too many redundant interventions
combined_stress,operator_bias_shift,force_limited_twist_policy,0,84,0.642857,0.594174,0.166823,0.086458,0.048901,0.272222,0.074565,minus_cost_constraint,selects too many redundant interventions
combined_stress,operator_bias_shift,force_limited_twist_policy,1,84,0.678571,0.595038,0.167483,0.085853,0.048606,0.272289,0.075003,minus_cost_constraint,selects too many redundant interventions
combined_stress,operator_bias_shift,force_limited_twist_policy,2,84,0.702381,0.595902,0.168143,0.085606,0.048570,0.272475,0.075442,minus_cost_constraint,selects too many redundant interventions
combined_stress,operator_bias_shift,force_limited_twist_policy,3,84,0.642857,0.596766,0.156797,0.087078,0.049883,0.273494,0.075688,minus_cost_constraint,selects too many redundant interventions
combined_stress,operator_bias_shift,force_limited_twist_policy,4,84,0.666667,0.597630,0.157457,0.086831,0.049847,0.273680,0.076127,minus_cost_constraint,selects too many redundant interventions
combined_stress,operator_bias_shift,force_limited_twist_policy,5,84,0.702381,0.598494,0.158117,0.086226,0.049552,0.273747,0.076565,minus_cost_constraint,selects too many redundant interventions
combined_stress,operator_bias_shift,force_limited_twist_policy,6,84,0.666667,0.599358,0.158777,0.087764,0.050814,0.274528,0.077004,minus_cost_constraint,selects too many redundant interventions
combined_stress,rare_contact_mechanism,contact_grasp_policy,0,84,0.630952,0.596137,0.158645,0.086035,0.053020,0.272034,0.072854,minus_cost_constraint,selects too many redundant interventions
combined_stress,rare_contact_mechanism,contact_grasp_policy,1,84,0.619048,0.596977,0.159287,0.086846,0.053749,0.272565,0.073281,minus_cost_constraint,selects too many redundant interventions
combined_stress,rare_contact_mechanism,contact_grasp_policy,2,84,0.678571,0.597817,0.159929,0.085514,0.052921,0.272381,0.073707,minus_cost_constraint,selects too many redundant interventions
combined_stress,rare_contact_mechanism,contact_grasp_policy,3,84,0.714286,0.598657,0.160571,0.084897,0.052612,0.272436,0.074133,minus_cost_constraint,selects too many redundant interventions
combined_stress,rare_contact_mechanism,contact_grasp_policy,4,84,0.666667,0.599497,0.161213,0.086779,0.054120,0.273325,0.074559,minus_cost_constraint,selects too many redundant interventions
combined_stress,rare_contact_mechanism,contact_grasp_policy,5,84,0.678571,0.584329,0.161855,0.086875,0.054330,0.273617,0.074986,minus_cost_constraint,selects too many redundant interventions
combined_stress,rare_contact_mechanism,contact_grasp_policy,6,84,0.654762,0.585169,0.162497,0.088043,0.055319,0.274268,0.075412,minus_cost_constraint,selects too many redundant interventions
combined_stress,rare_contact_mechanism,peg_search_policy,0,84,0.678571,0.564358,0.160902,0.083961,0.048486,0.270595,0.070513,minus_cost_constraint,selects too many redundant interventions
combined_stress,rare_contact_mechanism,peg_search_policy,1,84,0.678571,0.565174,0.161526,0.084402,0.048942,0.270995,0.070927,minus_cost_constraint,selects too many redundant interventions
combined_stress,rare_contact_mechanism,peg_search_policy,2,84,0.642857,0.565990,0.162150,0.085914,0.050177,0.271752,0.071341,minus_cost_constraint,selects too many redundant interventions
combined_stress,rare_contact_mechanism,peg_search_policy,3,84,0.559524,0.566806,0.162774,0.088855,0.052450,0.272986,0.071755,minus_cost_constraint,selects too many redundant interventions
combined_stress,rare_contact_mechanism,peg_search_policy,4,84,0.619048,0.567622,0.163398,0.087509,0.051609,0.272790,0.072169,minus_cost_constraint,selects too many redundant interventions
combined_stress,rare_contact_mechanism,peg_search_policy,5,84,0.690476,0.568438,0.164022,0.085807,0.050508,0.272476,0.072583,minus_cost_constraint,selects too many redundant interventions
combined_stress,rare_contact_mechanism,peg_search_policy,6,84,0.559524,0.569254,0.164646,0.090176,0.053819,0.274186,0.072997,minus_cost_constraint,selects too many redundant interventions
combined_stress,rare_contact_mechanism,deformable_pull_policy,0,84,0.595238,0.597791,0.167403,0.090104,0.050285,0.275020,0.076462,minus_cost_constraint,selects too many redundant interventions
combined_stress,rare_contact_mechanism,deformable_pull_policy,1,84,0.607143,0.598647,0.168057,0.090209,0.050504,0.275321,0.076897,minus_cost_constraint,selects too many redundant interventions
combined_stress,rare_contact_mechanism,deformable_pull_policy,2,84,0.595238,0.599503,0.168711,0.091029,0.051242,0.275860,0.077331,minus_cost_constraint,selects too many redundant interventions
combined_stress,rare_contact_mechanism,deformable_pull_policy,3,84,0.583333,0.600359,0.169365,0.091849,0.051980,0.276399,0.077766,minus_cost_constraint,selects too many redundant interventions
combined_stress,rare_contact_mechanism,deformable_pull_policy,4,84,0.690476,0.601215,0.170019,0.089097,0.050123,0.275748,0.078200,minus_cost_constraint,selects too many redundant interventions
combined_stress,rare_contact_mechanism,deformable_pull_policy,5,84,0.559524,0.602071,0.158667,0.092708,0.052989,0.277477,0.070438,minus_cost_constraint,selects too many redundant interventions
combined_stress,rare_contact_mechanism,deformable_pull_policy,6,84,0.583333,0.602927,0.159321,0.092456,0.052949,0.277659,0.070873,minus_cost_constraint,selects too many redundant interventions
combined_stress,rare_contact_mechanism,mobile_place_policy,0,84,0.642857,0.587238,0.168047,0.086893,0.052646,0.272441,0.072952,minus_cost_constraint,selects too many redundant interventions
combined_stress,rare_contact_mechanism,mobile_place_policy,1,84,0.619048,0.588070,0.168683,0.088057,0.053630,0.273087,0.073374,minus_cost_constraint,selects too many redundant interventions
combined_stress,rare_contact_mechanism,mobile_place_policy,2,84,0.511905,0.588902,0.169319,0.091721,0.056431,0.274567,0.073796,minus_cost_constraint,selects too many redundant interventions
combined_stress,rare_contact_mechanism,mobile_place_policy,3,84,0.559524,0.589734,0.169955,0.090741,0.055858,0.274499,0.074218,minus_cost_constraint,selects too many redundant interventions
combined_stress,rare_contact_mechanism,mobile_place_policy,4,84,0.654762,0.590566,0.158585,0.087553,0.053780,0.273954,0.074449,minus_cost_constraint,selects too many redundant interventions
combined_stress,rare_contact_mechanism,mobile_place_policy,5,84,0.666667,0.591398,0.159221,0.087645,0.053986,0.274243,0.074871,minus_cost_constraint,selects too many redundant interventions
combined_stress,rare_contact_mechanism,mobile_place_policy,6,84,0.642857,0.592230,0.159857,0.088809,0.054970,0.274889,0.075293,minus_cost_constraint,selects too many redundant interventions
combined_stress,rare_contact_mechanism,force_limited_twist_policy,0,84,0.607143,0.596471,0.163270,0.087630,0.051513,0.272960,0.076236,minus_cost_constraint,selects too many redundant interventions
combined_stress,rare_contact_mechanism,force_limited_twist_policy,1,84,0.583333,0.597359,0.163948,0.088825,0.052529,0.273634,0.076687,minus_cost_constraint,selects too many redundant interventions
combined_stress,rare_contact_mechanism,force_limited_twist_policy,2,84,0.690476,0.598247,0.164626,0.086090,0.050690,0.272999,0.077138,minus_cost_constraint,selects too many redundant interventions
combined_stress,rare_contact_mechanism,force_limited_twist_policy,3,84,0.630952,0.599135,0.165304,0.088356,0.052484,0.274030,0.077588,minus_cost_constraint,selects too many redundant interventions
combined_stress,rare_contact_mechanism,force_limited_twist_policy,4,84,0.678571,0.600023,0.165982,0.087408,0.051942,0.273990,0.078039,minus_cost_constraint,selects too many redundant interventions
combined_stress,rare_contact_mechanism,force_limited_twist_policy,5,84,0.654762,0.600911,0.166660,0.088602,0.052958,0.274664,0.070486,minus_cost_constraint,selects too many redundant interventions
combined_stress,rare_contact_mechanism,force_limited_twist_policy,6,84,0.702381,0.601799,0.167338,0.087654,0.052416,0.274624,0.070937,minus_cost_constraint,selects too many redundant interventions
combined_stress,intervention_gap,contact_grasp_policy,0,84,0.714286,0.587491,0.162430,0.087501,0.048481,0.273694,0.073271,minus_cost_constraint,selects too many redundant interventions
combined_stress,intervention_gap,contact_grasp_policy,1,84,0.619048,0.588283,0.163036,0.090786,0.051000,0.275034,0.073673,minus_cost_constraint,selects too many redundant interventions
combined_stress,intervention_gap,contact_grasp_policy,2,84,0.761905,0.589075,0.163642,0.086928,0.048329,0.273994,0.074074,minus_cost_constraint,selects too many redundant interventions
combined_stress,intervention_gap,contact_grasp_policy,3,84,0.523810,0.589867,0.164248,0.094498,0.053962,0.276763,0.074476,minus_cost_constraint,selects too many redundant interventions
combined_stress,intervention_gap,contact_grasp_policy,4,84,0.583333,0.590660,0.164854,0.093140,0.053108,0.276555,0.074878,minus_cost_constraint,selects too many redundant interventions
combined_stress,intervention_gap,contact_grasp_policy,5,84,0.630952,0.591452,0.165460,0.092138,0.052512,0.276467,0.075279,minus_cost_constraint,selects too many redundant interventions
combined_stress,intervention_gap,contact_grasp_policy,6,84,0.702381,0.592244,0.166066,0.090423,0.051398,0.276141,0.075681,minus_cost_constraint,selects too many redundant interventions
combined_stress,intervention_gap,peg_search_policy,0,84,0.630952,0.572176,0.165030,0.089606,0.055061,0.273793,0.071164,minus_cost_constraint,selects too many redundant interventions
combined_stress,intervention_gap,peg_search_policy,1,84,0.619048,0.572944,0.165618,0.090378,0.055750,0.274288,0.071553,minus_cost_constraint,selects too many redundant interventions
combined_stress,intervention_gap,peg_search_policy,2,84,0.535714,0.557704,0.166206,0.093292,0.057996,0.275497,0.071942,minus_cost_constraint,selects too many redundant interventions
combined_stress,intervention_gap,peg_search_policy,3,84,0.714286,0.558472,0.166794,0.088349,0.054533,0.274088,0.072332,minus_cost_constraint,selects too many redundant interventions
combined_stress,intervention_gap,peg_search_policy,4,84,0.666667,0.559240,0.167382,0.090192,0.047997,0.274940,0.072721,minus_cost_constraint,selects too many redundant interventions
combined_stress,intervention_gap,peg_search_policy,5,84,0.630952,0.560008,0.167970,0.091677,0.049205,0.275673,0.073111,minus_cost_constraint,selects too many redundant interventions
combined_stress,intervention_gap,peg_search_policy,6,84,0.642857,0.560776,0.168558,0.091735,0.049374,0.275930,0.073500,minus_cost_constraint,selects too many redundant interventions
combined_stress,intervention_gap,deformable_pull_policy,0,84,0.535714,0.595697,0.164097,0.090667,0.051577,0.273381,0.072037,minus_cost_constraint,selects too many redundant interventions
combined_stress,intervention_gap,deformable_pull_policy,1,84,0.595238,0.596505,0.164715,0.089317,0.050731,0.273182,0.072447,minus_cost_constraint,selects too many redundant interventions
combined_stress,intervention_gap,deformable_pull_policy,2,84,0.571429,0.597313,0.165333,0.090468,0.051702,0.273816,0.072857,minus_cost_constraint,selects too many redundant interventions
combined_stress,intervention_gap,deformable_pull_policy,3,84,0.607143,0.598121,0.165951,0.089833,0.051375,0.273855,0.073267,minus_cost_constraint,selects too many redundant interventions
combined_stress,intervention_gap,deformable_pull_policy,4,84,0.571429,0.598929,0.166569,0.091340,0.052606,0.274608,0.073677,minus_cost_constraint,selects too many redundant interventions
combined_stress,intervention_gap,deformable_pull_policy,5,84,0.619048,0.599737,0.167187,0.090348,0.052019,0.274528,0.074087,minus_cost_constraint,selects too many redundant interventions
combined_stress,intervention_gap,deformable_pull_policy,6,84,0.535714,0.600545,0.167805,0.093284,0.054288,0.275757,0.074497,minus_cost_constraint,selects too many redundant interventions
combined_stress,intervention_gap,mobile_place_policy,0,84,0.607143,0.585313,0.164867,0.094838,0.053994,0.270648,0.076617,minus_cost_constraint,selects too many redundant interventions
combined_stress,intervention_gap,mobile_place_policy,1,84,0.571429,0.586097,0.165467,0.096332,0.055211,0.271389,0.077015,minus_cost_constraint,selects too many redundant interventions
combined_stress,intervention_gap,mobile_place_policy,2,84,0.583333,0.586881,0.166067,0.088394,0.054909,0.271654,0.077412,minus_cost_constraint,selects too many redundant interventions
combined_stress,intervention_gap,mobile_place_policy,3,84,0.619048,0.587665,0.166667,0.087746,0.054569,0.271681,0.077810,minus_cost_constraint,selects too many redundant interventions
combined_stress,intervention_gap,mobile_place_policy,4,84,0.523810,0.588449,0.167267,0.091026,0.057084,0.273017,0.078207,minus_cost_constraint,selects too many redundant interventions
combined_stress,intervention_gap,mobile_place_policy,5,84,0.583333,0.589233,0.167867,0.089663,0.056224,0.272806,0.078605,minus_cost_constraint,selects too many redundant interventions
combined_stress,intervention_gap,mobile_place_policy,6,84,0.559524,0.574009,0.168467,0.090801,0.057182,0.273428,0.079003,minus_cost_constraint,selects too many redundant interventions
combined_stress,intervention_gap,force_limited_twist_policy,0,84,0.607143,0.588737,0.167740,0.092097,0.049302,0.275910,0.077119,minus_cost_constraint,selects too many redundant interventions
combined_stress,intervention_gap,force_limited_twist_policy,1,84,0.583333,0.589577,0.168382,0.093265,0.050291,0.276560,0.077546,minus_cost_constraint,selects too many redundant interventions
combined_stress,intervention_gap,force_limited_twist_policy,2,84,0.642857,0.590417,0.169024,0.091933,0.049463,0.276377,0.077972,minus_cost_constraint,selects too many redundant interventions
combined_stress,intervention_gap,force_limited_twist_policy,3,84,0.619048,0.591257,0.169666,0.093101,0.050451,0.277027,0.078398,minus_cost_constraint,selects too many redundant interventions
combined_stress,intervention_gap,force_limited_twist_policy,4,84,0.654762,0.592097,0.170308,0.092483,0.050143,0.277082,0.078824,minus_cost_constraint,selects too many redundant interventions
combined_stress,intervention_gap,force_limited_twist_policy,5,84,0.547619,0.592937,0.170950,0.096151,0.052948,0.278565,0.079251,minus_cost_constraint,selects too many redundant interventions
combined_stress,intervention_gap,force_limited_twist_policy,6,84,0.583333,0.593777,0.171592,0.095533,0.052639,0.278620,0.071673,minus_cost_constraint,selects too many redundant interventions
combined_stress,compound_spurious_shift,contact_grasp_policy,0,84,0.607143,0.581280,0.178672,0.097927,0.051334,0.277769,0.080103,minus_cost_constraint,selects too many redundant interventions
combined_stress,compound_spurious_shift,contact_grasp_policy,1,84,0.630952,0.582128,0.179320,0.097671,0.051289,0.277946,0.080533,minus_cost_constraint,selects too many redundant interventions
combined_stress,compound_spurious_shift,contact_grasp_policy,2,84,0.583333,0.582977,0.179968,0.099558,0.052802,0.278839,0.080963,minus_cost_constraint,selects too many redundant interventions
combined_stress,compound_spurious_shift,contact_grasp_policy,3,84,0.642857,0.583824,0.180616,0.098230,0.051978,0.278659,0.081394,minus_cost_constraint,selects too many redundant interventions
combined_stress,compound_spurious_shift,contact_grasp_policy,4,84,0.654762,0.584673,0.169258,0.097551,0.051726,0.278956,0.073628,minus_cost_constraint,selects too many redundant interventions
combined_stress,compound_spurious_shift,contact_grasp_policy,5,84,0.559524,0.585520,0.169906,0.100866,0.054276,0.280325,0.074058,minus_cost_constraint,selects too many redundant interventions
combined_stress,compound_spurious_shift,contact_grasp_policy,6,84,0.619048,0.586368,0.170554,0.099539,0.053453,0.272142,0.074489,minus_cost_constraint,selects too many redundant interventions
combined_stress,compound_spurious_shift,peg_search_policy,0,84,0.571429,0.562765,0.178871,0.096848,0.055087,0.275791,0.076357,minus_cost_constraint,selects too many redundant interventions
combined_stress,compound_spurious_shift,peg_search_policy,1,84,0.547619,0.563589,0.179501,0.098007,0.056067,0.276433,0.076775,minus_cost_constraint,selects too many redundant interventions
combined_stress,compound_spurious_shift,peg_search_policy,2,84,0.642857,0.564413,0.180131,0.095595,0.054451,0.275885,0.077193,minus_cost_constraint,selects too many redundant interventions
combined_stress,compound_spurious_shift,peg_search_policy,3,84,0.630952,0.565237,0.180761,0.096397,0.055171,0.276408,0.077611,minus_cost_constraint,selects too many redundant interventions
combined_stress,compound_spurious_shift,peg_search_policy,4,84,0.595238,0.566061,0.169385,0.097133,0.055944,0.277169,0.077837,minus_cost_constraint,selects too many redundant interventions
combined_stress,compound_spurious_shift,peg_search_policy,5,84,0.511905,0.566885,0.170015,0.100078,0.058221,0.278407,0.078255,minus_cost_constraint,selects too many redundant interventions
combined_stress,compound_spurious_shift,peg_search_policy,6,84,0.702381,0.567709,0.170645,0.094809,0.054529,0.276906,0.078673,minus_cost_constraint,selects too many redundant interventions
combined_stress,compound_spurious_shift,deformable_pull_policy,0,84,0.642857,0.600518,0.176606,0.099938,0.055460,0.272825,0.076321,minus_cost_constraint,selects too many redundant interventions
combined_stress,compound_spurious_shift,deformable_pull_policy,1,84,0.583333,0.601382,0.177266,0.094186,0.056761,0.273844,0.076760,minus_cost_constraint,selects too many redundant interventions
combined_stress,compound_spurious_shift,deformable_pull_policy,2,84,0.619048,0.586238,0.177926,0.093582,0.056465,0.273911,0.077199,minus_cost_constraint,selects too many redundant interventions
combined_stress,compound_spurious_shift,deformable_pull_policy,3,84,0.440476,0.587102,0.178586,0.099406,0.060841,0.276121,0.077637,minus_cost_constraint,selects too many redundant interventions
combined_stress,compound_spurious_shift,deformable_pull_policy,4,84,0.511905,0.587966,0.179246,0.097730,0.059767,0.275830,0.078076,minus_cost_constraint,selects too many redundant interventions
combined_stress,compound_spurious_shift,deformable_pull_policy,5,84,0.607143,0.588830,0.179906,0.095340,0.050170,0.275302,0.078514,minus_cost_constraint,selects too many redundant interventions
combined_stress,compound_spurious_shift,deformable_pull_policy,6,84,0.523810,0.589694,0.180566,0.098307,0.052470,0.276559,0.078953,minus_cost_constraint,selects too many redundant interventions
combined_stress,compound_spurious_shift,mobile_place_policy,0,84,0.666667,0.571262,0.175228,0.095962,0.048829,0.277140,0.079435,minus_cost_constraint,selects too many redundant interventions
combined_stress,compound_spurious_shift,mobile_place_policy,1,84,0.559524,0.572102,0.175870,0.099630,0.051635,0.278623,0.079861,minus_cost_constraint,selects too many redundant interventions
combined_stress,compound_spurious_shift,mobile_place_policy,2,84,0.630952,0.572942,0.176512,0.097941,0.050547,0.278321,0.080287,minus_cost_constraint,selects too many redundant interventions
combined_stress,compound_spurious_shift,mobile_place_policy,3,84,0.642857,0.573782,0.177154,0.098037,0.050758,0.278614,0.080714,minus_cost_constraint,selects too many redundant interventions
combined_stress,compound_spurious_shift,mobile_place_policy,4,84,0.559524,0.574622,0.177796,0.100991,0.053044,0.279859,0.081140,minus_cost_constraint,selects too many redundant interventions
combined_stress,compound_spurious_shift,mobile_place_policy,5,84,0.642857,0.575462,0.178438,0.098945,0.051697,0.279438,0.081566,minus_cost_constraint,selects too many redundant interventions
combined_stress,compound_spurious_shift,mobile_place_policy,6,84,0.571429,0.576302,0.179080,0.101541,0.053724,0.272560,0.073988,minus_cost_constraint,selects too many redundant interventions
combined_stress,compound_spurious_shift,force_limited_twist_policy,0,84,0.547619,0.586798,0.175179,0.102658,0.053038,0.273640,0.077942,minus_cost_constraint,selects too many redundant interventions
combined_stress,compound_spurious_shift,force_limited_twist_policy,1,84,0.666667,0.587694,0.175863,0.091567,0.050464,0.272890,0.078397,minus_cost_constraint,selects too many redundant interventions
combined_stress,compound_spurious_shift,force_limited_twist_policy,2,84,0.559524,0.588590,0.176547,0.095266,0.053301,0.274401,0.078852,minus_cost_constraint,selects too many redundant interventions
combined_stress,compound_spurious_shift,force_limited_twist_policy,3,84,0.642857,0.589486,0.177231,0.093250,0.051985,0.274008,0.079307,minus_cost_constraint,selects too many redundant interventions
combined_stress,compound_spurious_shift,force_limited_twist_policy,4,84,0.595238,0.590382,0.177915,0.095163,0.053524,0.274924,0.079762,minus_cost_constraint,selects too many redundant interventions
combined_stress,compound_spurious_shift,force_limited_twist_policy,5,84,0.619048,0.591278,0.178599,0.094934,0.053506,0.275126,0.080217,minus_cost_constraint,selects too many redundant interventions
combined_stress,compound_spurious_shift,force_limited_twist_policy,6,84,0.738095,0.592174,0.179283,0.091847,0.051412,0.274375,0.080672,minus_cost_constraint,selects too many redundant interventions
combined_stress,iid_mechanisms,contact_grasp_policy,0,84,0.714286,0.551538,0.247405,0.103793,0.070857,0.195571,0.069662,classifier_only_selection,predictive classifier replaces causal score
combined_stress,iid_mechanisms,contact_grasp_policy,1,84,0.595238,0.552346,0.248023,0.107800,0.073904,0.197157,0.070072,classifier_only_selection,predictive classifier replaces causal score
combined_stress,iid_mechanisms,contact_grasp_policy,2,84,0.750000,0.553154,0.248641,0.103594,0.070982,0.196006,0.070482,classifier_only_selection,predictive classifier replaces causal score
combined_stress,iid_mechanisms,contact_grasp_policy,3,84,0.630952,0.553962,0.249259,0.107601,0.074029,0.197592,0.070892,classifier_only_selection,predictive classifier replaces causal score
combined_stress,iid_mechanisms,contact_grasp_policy,4,84,0.714286,0.554770,0.249877,0.105537,0.072664,0.197155,0.071302,classifier_only_selection,predictive classifier replaces causal score
combined_stress,iid_mechanisms,contact_grasp_policy,5,84,0.630952,0.555578,0.250495,0.108474,0.074933,0.198384,0.071712,classifier_only_selection,predictive classifier replaces causal score
combined_stress,iid_mechanisms,contact_grasp_policy,6,84,0.654762,0.556386,0.251113,0.108195,0.074865,0.190538,0.072122,classifier_only_selection,predictive classifier replaces causal score
combined_stress,iid_mechanisms,peg_search_policy,0,84,0.654762,0.530734,0.245677,0.102158,0.073841,0.192688,0.072746,classifier_only_selection,predictive classifier replaces causal score
combined_stress,iid_mechanisms,peg_search_policy,1,84,0.726190,0.531518,0.246277,0.100438,0.072722,0.192357,0.073143,classifier_only_selection,predictive classifier replaces causal score
combined_stress,iid_mechanisms,peg_search_policy,2,84,0.690476,0.516294,0.246877,0.101933,0.073939,0.193098,0.073541,classifier_only_selection,predictive classifier replaces causal score
combined_stress,iid_mechanisms,peg_search_policy,3,84,0.607143,0.517078,0.247477,0.104856,0.076194,0.194316,0.065935,classifier_only_selection,predictive classifier replaces causal score
combined_stress,iid_mechanisms,peg_search_policy,4,84,0.654762,0.517862,0.248077,0.103850,0.075594,0.194224,0.066332,classifier_only_selection,predictive classifier replaces causal score
combined_stress,iid_mechanisms,peg_search_policy,5,84,0.666667,0.518646,0.248677,0.103916,0.067769,0.194489,0.066730,classifier_only_selection,predictive classifier replaces causal score
combined_stress,iid_mechanisms,peg_search_policy,6,84,0.559524,0.519430,0.249277,0.107553,0.070543,0.195944,0.067127,classifier_only_selection,predictive classifier replaces causal score
combined_stress,iid_mechanisms,deformable_pull_policy,0,84,0.630952,0.562895,0.251685,0.105847,0.073649,0.195881,0.070047,classifier_only_selection,predictive classifier replaces causal score
combined_stress,iid_mechanisms,deformable_pull_policy,1,84,0.619048,0.563719,0.252315,0.106649,0.074369,0.196404,0.070465,classifier_only_selection,predictive classifier replaces causal score
combined_stress,iid_mechanisms,deformable_pull_policy,2,84,0.666667,0.564543,0.252945,0.105665,0.073792,0.196332,0.070883,classifier_only_selection,predictive classifier replaces causal score
combined_stress,iid_mechanisms,deformable_pull_policy,3,84,0.607143,0.565367,0.253575,0.107896,0.075550,0.197332,0.071301,classifier_only_selection,predictive classifier replaces causal score
combined_stress,iid_mechanisms,deformable_pull_policy,4,84,0.678571,0.566191,0.242199,0.105418,0.073987,0.197021,0.071527,classifier_only_selection,predictive classifier replaces causal score
combined_stress,iid_mechanisms,deformable_pull_policy,5,84,0.571429,0.551007,0.242829,0.109077,0.076783,0.198497,0.071945,classifier_only_selection,predictive classifier replaces causal score
combined_stress,iid_mechanisms,deformable_pull_policy,6,84,0.619048,0.551831,0.243459,0.108093,0.076206,0.198424,0.072363,classifier_only_selection,predictive classifier replaces causal score
combined_stress,iid_mechanisms,mobile_place_policy,0,84,0.571429,0.547119,0.248065,0.110965,0.075892,0.191762,0.071860,classifier_only_selection,predictive classifier replaces causal score
combined_stress,iid_mechanisms,mobile_place_policy,1,84,0.642857,0.547919,0.248677,0.109254,0.074782,0.191440,0.072266,classifier_only_selection,predictive classifier replaces causal score
combined_stress,iid_mechanisms,mobile_place_policy,2,84,0.571429,0.548719,0.249289,0.103825,0.076306,0.192546,0.072672,classifier_only_selection,predictive classifier replaces causal score
combined_stress,iid_mechanisms,mobile_place_policy,3,84,0.523810,0.533511,0.249901,0.105685,0.077791,0.193414,0.073078,classifier_only_selection,predictive classifier replaces causal score
combined_stress,iid_mechanisms,mobile_place_policy,4,84,0.595238,0.534311,0.250513,0.103974,0.076682,0.193092,0.073483,classifier_only_selection,predictive classifier replaces causal score
combined_stress,iid_mechanisms,mobile_place_policy,5,84,0.595238,0.535111,0.251125,0.104406,0.077129,0.193484,0.065885,classifier_only_selection,predictive classifier replaces causal score
combined_stress,iid_mechanisms,mobile_place_policy,6,84,0.666667,0.535911,0.251737,0.102695,0.068015,0.193161,0.066291,classifier_only_selection,predictive classifier replaces causal score
combined_stress,iid_mechanisms,force_limited_twist_policy,0,84,0.654762,0.547143,0.248618,0.103873,0.075495,0.194490,0.070625,classifier_only_selection,predictive classifier replaces causal score
combined_stress,iid_mechanisms,force_limited_twist_policy,1,84,0.595238,0.547999,0.249272,0.106122,0.069267,0.195506,0.071060,classifier_only_selection,predictive classifier replaces causal score
combined_stress,iid_mechanisms,force_limited_twist_policy,2,84,0.595238,0.548855,0.249926,0.106584,0.069746,0.195926,0.071494,classifier_only_selection,predictive classifier replaces causal score
combined_stress,iid_mechanisms,force_limited_twist_policy,3,84,0.726190,0.549711,0.250580,0.103118,0.067370,0.195036,0.071929,classifier_only_selection,predictive classifier replaces causal score
combined_stress,iid_mechanisms,force_limited_twist_policy,4,84,0.619048,0.550567,0.251234,0.106795,0.070184,0.196528,0.072363,classifier_only_selection,predictive classifier replaces causal score
combined_stress,iid_mechanisms,force_limited_twist_policy,5,84,0.619048,0.551423,0.251888,0.107257,0.070663,0.196948,0.072798,classifier_only_selection,predictive classifier replaces causal score
combined_stress,iid_mechanisms,force_limited_twist_policy,6,84,0.619048,0.552279,0.252542,0.107720,0.071141,0.197368,0.073232,classifier_only_selection,predictive classifier replaces causal score
combined_stress,color_mechanism_confound,contact_grasp_policy,0,84,0.571429,0.539421,0.256341,0.111261,0.071707,0.195898,0.073557,classifier_only_selection,predictive classifier replaces causal score
combined_stress,color_mechanism_confound,contact_grasp_policy,1,84,0.702381,0.540309,0.257019,0.107813,0.069349,0.195024,0.074008,classifier_only_selection,predictive classifier replaces causal score
combined_stress,color_mechanism_confound,contact_grasp_policy,2,84,0.702381,0.541197,0.257697,0.108293,0.069845,0.195460,0.074459,classifier_only_selection,predictive classifier replaces causal score
combined_stress,color_mechanism_confound,contact_grasp_policy,3,84,0.547619,0.542085,0.258375,0.113416,0.073716,0.197444,0.074910,classifier_only_selection,predictive classifier replaces causal score
combined_stress,color_mechanism_confound,contact_grasp_policy,4,84,0.619048,0.542973,0.259053,0.111753,0.072655,0.197166,0.075361,classifier_only_selection,predictive classifier replaces causal score
combined_stress,color_mechanism_confound,contact_grasp_policy,5,84,0.666667,0.543861,0.259731,0.110805,0.072114,0.197125,0.075812,classifier_only_selection,predictive classifier replaces causal score
combined_stress,color_mechanism_confound,contact_grasp_policy,6,84,0.607143,0.544749,0.260409,0.113070,0.073908,0.198157,0.076263,classifier_only_selection,predictive classifier replaces causal score
combined_stress,color_mechanism_confound,peg_search_policy,0,84,0.630952,0.523193,0.258045,0.108566,0.074655,0.194112,0.070980,classifier_only_selection,predictive classifier replaces causal score
combined_stress,color_mechanism_confound,peg_search_policy,1,84,0.511905,0.524057,0.258705,0.112605,0.077733,0.195727,0.071418,classifier_only_selection,predictive classifier replaces causal score
combined_stress,color_mechanism_confound,peg_search_policy,2,84,0.607143,0.524921,0.259365,0.110214,0.076140,0.195198,0.071857,classifier_only_selection,predictive classifier replaces causal score
combined_stress,color_mechanism_confound,peg_search_policy,3,84,0.642857,0.509777,0.260025,0.109610,0.075844,0.195265,0.072295,classifier_only_selection,predictive classifier replaces causal score
combined_stress,color_mechanism_confound,peg_search_policy,4,84,0.559524,0.510641,0.260685,0.112577,0.078144,0.196522,0.072734,classifier_only_selection,predictive classifier replaces causal score
combined_stress,color_mechanism_confound,peg_search_policy,5,84,0.630952,0.511505,0.261345,0.110901,0.077070,0.196232,0.073173,classifier_only_selection,predictive classifier replaces causal score
combined_stress,color_mechanism_confound,peg_search_policy,6,84,0.476190,0.512369,0.262005,0.116011,0.072923,0.198204,0.073611,classifier_only_selection,predictive classifier replaces causal score
combined_stress,color_mechanism_confound,deformable_pull_policy,0,84,0.595238,0.550530,0.260435,0.109965,0.072024,0.195013,0.073815,classifier_only_selection,predictive classifier replaces causal score
combined_stress,color_mechanism_confound,deformable_pull_policy,1,84,0.595238,0.551434,0.261125,0.110454,0.072530,0.195457,0.074274,classifier_only_selection,predictive classifier replaces causal score
combined_stress,color_mechanism_confound,deformable_pull_policy,2,84,0.523810,0.552338,0.261815,0.113086,0.074592,0.196615,0.074733,classifier_only_selection,predictive classifier replaces causal score
combined_stress,color_mechanism_confound,deformable_pull_policy,3,84,0.571429,0.553242,0.262505,0.112146,0.074060,0.196583,0.075192,classifier_only_selection,predictive classifier replaces causal score
combined_stress,color_mechanism_confound,deformable_pull_policy,4,84,0.523810,0.554146,0.263195,0.114063,0.075603,0.197503,0.075651,classifier_only_selection,predictive classifier replaces causal score
combined_stress,color_mechanism_confound,deformable_pull_policy,5,84,0.523810,0.555050,0.263885,0.114552,0.076109,0.197947,0.076110,classifier_only_selection,predictive classifier replaces causal score
combined_stress,color_mechanism_confound,deformable_pull_policy,6,84,0.547619,0.555954,0.264575,0.114327,0.076095,0.198153,0.076569,classifier_only_selection,predictive classifier replaces causal score
combined_stress,color_mechanism_confound,mobile_place_policy,0,84,0.452381,0.539810,0.260608,0.120358,0.078911,0.202259,0.070213,classifier_only_selection,predictive classifier replaces causal score
combined_stress,color_mechanism_confound,mobile_place_policy,1,84,0.571429,0.540690,0.261280,0.117262,0.076808,0.201500,0.070660,classifier_only_selection,predictive classifier replaces causal score
combined_stress,color_mechanism_confound,mobile_place_policy,2,84,0.511905,0.541570,0.261952,0.119524,0.078598,0.194524,0.071106,classifier_only_selection,predictive classifier replaces causal score
combined_stress,color_mechanism_confound,mobile_place_policy,3,84,0.559524,0.542450,0.262624,0.118571,0.078052,0.194479,0.071553,classifier_only_selection,predictive classifier replaces causal score
combined_stress,color_mechanism_confound,mobile_place_policy,4,84,0.559524,0.527322,0.263296,0.111043,0.078063,0.194911,0.072000,classifier_only_selection,predictive classifier replaces causal score
combined_stress,color_mechanism_confound,mobile_place_policy,5,84,0.571429,0.528202,0.263968,0.111161,0.078296,0.195224,0.072447,classifier_only_selection,predictive classifier replaces causal score
combined_stress,color_mechanism_confound,mobile_place_policy,6,84,0.619048,0.529082,0.264640,0.110208,0.069746,0.195180,0.072893,classifier_only_selection,predictive classifier replaces causal score
combined_stress,color_mechanism_confound,force_limited_twist_policy,0,84,0.571429,0.554850,0.260417,0.111650,0.077181,0.196130,0.076474,classifier_only_selection,predictive classifier replaces causal score
combined_stress,color_mechanism_confound,force_limited_twist_policy,1,84,0.571429,0.539778,0.261131,0.112157,0.077704,0.196590,0.076950,classifier_only_selection,predictive classifier replaces causal score
combined_stress,color_mechanism_confound,force_limited_twist_policy,2,84,0.642857,0.540714,0.261845,0.110520,0.076671,0.196336,0.069421,classifier_only_selection,predictive classifier replaces causal score
combined_stress,color_mechanism_confound,force_limited_twist_policy,3,84,0.678571,0.541650,0.262559,0.109955,0.068411,0.196439,0.069896,classifier_only_selection,predictive classifier replaces causal score
combined_stress,color_mechanism_confound,force_limited_twist_policy,4,84,0.619048,0.542586,0.263273,0.112247,0.070232,0.197494,0.070372,classifier_only_selection,predictive classifier replaces causal score
combined_stress,color_mechanism_confound,force_limited_twist_policy,5,84,0.595238,0.543522,0.263987,0.113468,0.071275,0.198192,0.070847,classifier_only_selection,predictive classifier replaces causal score
combined_stress,color_mechanism_confound,force_limited_twist_policy,6,84,0.583333,0.544458,0.264701,0.114332,0.072058,0.198771,0.071323,classifier_only_selection,predictive classifier replaces causal score
combined_stress,material_shift,contact_grasp_policy,0,84,0.559524,0.533855,0.269057,0.112593,0.078762,0.195638,0.077373,classifier_only_selection,predictive classifier replaces causal score
combined_stress,material_shift,contact_grasp_policy,1,84,0.523810,0.534663,0.257669,0.113320,0.071521,0.196392,0.077591,classifier_only_selection,predictive classifier replaces causal score
combined_stress,material_shift,contact_grasp_policy,2,84,0.607143,0.535471,0.258287,0.111256,0.070157,0.195954,0.069997,classifier_only_selection,predictive classifier replaces causal score
combined_stress,material_shift,contact_grasp_policy,3,84,0.559524,0.536279,0.258905,0.113121,0.071646,0.196826,0.070406,classifier_only_selection,predictive classifier replaces causal score
combined_stress,material_shift,contact_grasp_policy,4,84,0.571429,0.537087,0.259523,0.113200,0.071839,0.197103,0.070816,classifier_only_selection,predictive classifier replaces causal score
combined_stress,material_shift,contact_grasp_policy,5,84,0.642857,0.537895,0.260141,0.111493,0.070733,0.196785,0.071226,classifier_only_selection,predictive classifier replaces causal score
combined_stress,material_shift,contact_grasp_policy,6,84,0.571429,0.538703,0.260759,0.114072,0.072742,0.197895,0.071636,classifier_only_selection,predictive classifier replaces causal score
combined_stress,material_shift,peg_search_policy,0,84,0.595238,0.513052,0.267329,0.116105,0.072146,0.199807,0.072452,classifier_only_selection,predictive classifier replaces causal score
combined_stress,material_shift,peg_search_policy,1,84,0.678571,0.513836,0.267929,0.114028,0.070768,0.199358,0.072850,classifier_only_selection,predictive classifier replaces causal score
combined_stress,material_shift,peg_search_policy,2,84,0.571429,0.514620,0.268529,0.117666,0.073542,0.200813,0.073248,classifier_only_selection,predictive classifier replaces causal score
combined_stress,material_shift,peg_search_policy,3,84,0.547619,0.515404,0.257123,0.118022,0.074032,0.201435,0.073453,classifier_only_selection,predictive classifier replaces causal score
combined_stress,material_shift,peg_search_policy,4,84,0.642857,0.516188,0.257723,0.115588,0.072394,0.200867,0.073851,classifier_only_selection,predictive classifier replaces causal score
combined_stress,material_shift,peg_search_policy,5,84,0.595238,0.516972,0.258323,0.117440,0.073871,0.201727,0.074248,classifier_only_selection,predictive classifier replaces causal score
combined_stress,material_shift,peg_search_policy,6,84,0.523810,0.517756,0.258923,0.120006,0.075866,0.194821,0.074646,classifier_only_selection,predictive classifier replaces causal score
combined_stress,material_shift,deformable_pull_policy,0,84,0.595238,0.545213,0.261331,0.118299,0.070968,0.194759,0.077565,classifier_only_selection,predictive classifier replaces causal score
combined_stress,material_shift,deformable_pull_policy,1,84,0.500000,0.546037,0.261961,0.121601,0.073505,0.196115,0.077983,classifier_only_selection,predictive classifier replaces causal score
combined_stress,material_shift,deformable_pull_policy,2,84,0.488095,0.546861,0.262591,0.114400,0.073745,0.196638,0.070397,classifier_only_selection,predictive classifier replaces causal score
combined_stress,material_shift,deformable_pull_policy,3,84,0.559524,0.547685,0.263221,0.112702,0.072648,0.196328,0.070815,classifier_only_selection,predictive classifier replaces causal score
combined_stress,material_shift,deformable_pull_policy,4,84,0.511905,0.548509,0.263851,0.114575,0.074147,0.197208,0.071233,classifier_only_selection,predictive classifier replaces causal score
combined_stress,material_shift,deformable_pull_policy,5,84,0.535714,0.549333,0.264481,0.114306,0.074089,0.197374,0.071651,classifier_only_selection,predictive classifier replaces causal score
combined_stress,material_shift,deformable_pull_policy,6,84,0.595238,0.550157,0.265111,0.112965,0.073252,0.197183,0.072069,classifier_only_selection,predictive classifier replaces causal score
combined_stress,material_shift,mobile_place_policy,0,84,0.642857,0.529436,0.257712,0.112200,0.070395,0.197572,0.071375,classifier_only_selection,predictive classifier replaces causal score
combined_stress,material_shift,mobile_place_policy,1,84,0.535714,0.530236,0.258324,0.115846,0.073178,0.199035,0.071780,classifier_only_selection,predictive classifier replaces causal score
combined_stress,material_shift,mobile_place_policy,2,84,0.607143,0.531036,0.258936,0.114135,0.072068,0.198713,0.072186,classifier_only_selection,predictive classifier replaces causal score
combined_stress,material_shift,mobile_place_policy,3,84,0.476190,0.531836,0.259548,0.118495,0.075370,0.200414,0.072592,classifier_only_selection,predictive classifier replaces causal score
combined_stress,material_shift,mobile_place_policy,4,84,0.547619,0.532636,0.260160,0.116784,0.074260,0.200092,0.072998,classifier_only_selection,predictive classifier replaces causal score
combined_stress,material_shift,mobile_place_policy,5,84,0.571429,0.533436,0.260772,0.116501,0.074189,0.200246,0.073404,classifier_only_selection,predictive classifier replaces causal score
combined_stress,material_shift,mobile_place_policy,6,84,0.523810,0.534236,0.261384,0.118362,0.075674,0.201114,0.073809,classifier_only_selection,predictive classifier replaces causal score
combined_stress,material_shift,force_limited_twist_policy,0,84,0.523810,0.545469,0.258265,0.119183,0.074890,0.202324,0.070140,classifier_only_selection,predictive classifier replaces causal score
combined_stress,material_shift,force_limited_twist_policy,1,84,0.535714,0.546325,0.258919,0.119288,0.075109,0.202625,0.070574,classifier_only_selection,predictive classifier replaces causal score
combined_stress,material_shift,force_limited_twist_policy,2,84,0.607143,0.547181,0.259573,0.117608,0.074031,0.194327,0.071009,classifier_only_selection,predictive classifier replaces causal score
combined_stress,material_shift,force_limited_twist_policy,3,84,0.583333,0.548037,0.260227,0.118785,0.075028,0.194985,0.071443,classifier_only_selection,predictive classifier replaces causal score
combined_stress,material_shift,force_limited_twist_policy,4,84,0.595238,0.548893,0.260881,0.110886,0.074767,0.195286,0.071878,classifier_only_selection,predictive classifier replaces causal score
combined_stress,material_shift,force_limited_twist_policy,5,84,0.654762,0.549749,0.261535,0.109563,0.073948,0.195110,0.072312,classifier_only_selection,predictive classifier replaces causal score
combined_stress,material_shift,force_limited_twist_policy,6,84,0.630952,0.550605,0.262189,0.110740,0.074946,0.195768,0.072747,classifier_only_selection,predictive classifier replaces causal score
combined_stress,operator_bias_shift,contact_grasp_policy,0,84,0.547619,0.535176,0.270788,0.121069,0.073429,0.202062,0.078045,classifier_only_selection,predictive classifier replaces causal score
combined_stress,operator_bias_shift,contact_grasp_policy,1,84,0.642857,0.536024,0.271436,0.118670,0.071827,0.201526,0.078475,classifier_only_selection,predictive classifier replaces causal score
combined_stress,operator_bias_shift,contact_grasp_policy,2,84,0.500000,0.536872,0.272084,0.123413,0.075416,0.203370,0.078905,classifier_only_selection,predictive classifier replaces causal score
combined_stress,operator_bias_shift,contact_grasp_policy,3,84,0.654762,0.537720,0.272732,0.119229,0.072516,0.202239,0.071332,classifier_only_selection,predictive classifier replaces causal score
combined_stress,operator_bias_shift,contact_grasp_policy,4,84,0.666667,0.538568,0.273380,0.119330,0.072731,0.194532,0.071762,classifier_only_selection,predictive classifier replaces causal score
combined_stress,operator_bias_shift,contact_grasp_policy,5,84,0.583333,0.539416,0.274028,0.122288,0.075022,0.195781,0.072192,classifier_only_selection,predictive classifier replaces causal score
combined_stress,operator_bias_shift,contact_grasp_policy,6,84,0.630952,0.540264,0.262670,0.112533,0.073510,0.195721,0.072431,classifier_only_selection,predictive classifier replaces causal score
combined_stress,operator_bias_shift,peg_search_policy,0,84,0.535714,0.516661,0.270776,0.119261,0.076655,0.199847,0.074295,classifier_only_selection,predictive classifier replaces causal score
combined_stress,operator_bias_shift,peg_search_policy,1,84,0.440476,0.517485,0.271406,0.122563,0.079191,0.201203,0.074714,classifier_only_selection,predictive classifier replaces causal score
combined_stress,operator_bias_shift,peg_search_policy,2,84,0.535714,0.518309,0.272036,0.120151,0.077576,0.200655,0.075132,classifier_only_selection,predictive classifier replaces causal score
combined_stress,operator_bias_shift,peg_search_policy,3,84,0.511905,0.519133,0.272666,0.121310,0.078556,0.201297,0.075550,classifier_only_selection,predictive classifier replaces causal score
combined_stress,operator_bias_shift,peg_search_policy,4,84,0.583333,0.519957,0.273296,0.119612,0.077459,0.200987,0.075968,classifier_only_selection,predictive classifier replaces causal score
combined_stress,operator_bias_shift,peg_search_policy,5,84,0.595238,0.520781,0.261920,0.118920,0.077194,0.201272,0.076194,classifier_only_selection,predictive classifier replaces causal score
combined_stress,operator_bias_shift,peg_search_policy,6,84,0.666667,0.505597,0.262550,0.117222,0.076097,0.200961,0.076612,classifier_only_selection,predictive classifier replaces causal score
combined_stress,operator_bias_shift,deformable_pull_policy,0,84,0.488095,0.554414,0.268972,0.117948,0.079161,0.198071,0.074267,classifier_only_selection,predictive classifier replaces causal score
combined_stress,operator_bias_shift,deformable_pull_policy,1,84,0.523810,0.555278,0.269632,0.117344,0.078866,0.198138,0.074706,classifier_only_selection,predictive classifier replaces causal score
combined_stress,operator_bias_shift,deformable_pull_policy,2,84,0.511905,0.540134,0.270292,0.118168,0.079608,0.198681,0.075144,classifier_only_selection,predictive classifier replaces causal score
combined_stress,operator_bias_shift,deformable_pull_policy,3,84,0.511905,0.540998,0.270952,0.118635,0.080091,0.199105,0.075583,classifier_only_selection,predictive classifier replaces causal score
combined_stress,operator_bias_shift,deformable_pull_policy,4,84,0.476190,0.541862,0.271612,0.120173,0.073349,0.199886,0.076021,classifier_only_selection,predictive classifier replaces causal score
combined_stress,operator_bias_shift,deformable_pull_policy,5,84,0.428571,0.542726,0.272272,0.122069,0.074870,0.200786,0.076460,classifier_only_selection,predictive classifier replaces causal score
combined_stress,operator_bias_shift,deformable_pull_policy,6,84,0.607143,0.543590,0.272932,0.117178,0.071460,0.199424,0.076899,classifier_only_selection,predictive classifier replaces causal score
combined_stress,operator_bias_shift,mobile_place_policy,0,84,0.559524,0.525157,0.267249,0.120525,0.071959,0.201910,0.077375,classifier_only_selection,predictive classifier replaces causal score
combined_stress,operator_bias_shift,mobile_place_policy,1,84,0.535714,0.525997,0.267891,0.121693,0.072947,0.202560,0.077801,classifier_only_selection,predictive classifier replaces causal score
combined_stress,operator_bias_shift,mobile_place_policy,2,84,0.452381,0.526837,0.268533,0.124647,0.075234,0.203805,0.078228,classifier_only_selection,predictive classifier replaces causal score
combined_stress,operator_bias_shift,mobile_place_policy,3,84,0.559524,0.527677,0.269175,0.121887,0.073368,0.203146,0.078654,classifier_only_selection,predictive classifier replaces causal score
combined_stress,operator_bias_shift,mobile_place_policy,4,84,0.666667,0.528517,0.269817,0.119126,0.071502,0.194482,0.071076,classifier_only_selection,predictive classifier replaces causal score
combined_stress,operator_bias_shift,mobile_place_policy,5,84,0.547619,0.529357,0.270459,0.123151,0.074567,0.196085,0.071503,classifier_only_selection,predictive classifier replaces causal score
combined_stress,operator_bias_shift,mobile_place_policy,6,84,0.607143,0.530197,0.271101,0.113815,0.073259,0.195902,0.071929,classifier_only_selection,predictive classifier replaces causal score
combined_stress,operator_bias_shift,force_limited_twist_policy,0,84,0.666667,0.540694,0.267430,0.112447,0.070766,0.196148,0.075886,classifier_only_selection,predictive classifier replaces causal score
combined_stress,operator_bias_shift,force_limited_twist_policy,1,84,0.595238,0.541590,0.268114,0.115074,0.072824,0.197302,0.076341,classifier_only_selection,predictive classifier replaces causal score
combined_stress,operator_bias_shift,force_limited_twist_policy,2,84,0.678571,0.542486,0.268798,0.113059,0.071508,0.196909,0.076796,classifier_only_selection,predictive classifier replaces causal score
combined_stress,operator_bias_shift,force_limited_twist_policy,3,84,0.595238,0.543382,0.269482,0.116043,0.073826,0.198182,0.077251,classifier_only_selection,predictive classifier replaces causal score
combined_stress,operator_bias_shift,force_limited_twist_policy,4,84,0.500000,0.544278,0.270166,0.119385,0.076403,0.199575,0.077706,classifier_only_selection,predictive classifier replaces causal score
combined_stress,operator_bias_shift,force_limited_twist_policy,5,84,0.523810,0.545174,0.270850,0.119155,0.076385,0.199777,0.078161,classifier_only_selection,predictive classifier replaces causal score
combined_stress,operator_bias_shift,force_limited_twist_policy,6,84,0.583333,0.546070,0.271534,0.117854,0.075588,0.199621,0.078616,classifier_only_selection,predictive classifier replaces causal score
combined_stress,rare_contact_mechanism,contact_grasp_policy,0,84,0.678571,0.531201,0.275465,0.114640,0.069404,0.197997,0.076711,classifier_only_selection,predictive classifier replaces causal score
combined_stress,rare_contact_mechanism,contact_grasp_policy,1,84,0.559524,0.532073,0.276131,0.118683,0.072487,0.199616,0.077154,classifier_only_selection,predictive classifier replaces causal score
combined_stress,rare_contact_mechanism,contact_grasp_policy,2,84,0.583333,0.532945,0.276797,0.118440,0.072456,0.199806,0.077597,classifier_only_selection,predictive classifier replaces causal score
combined_stress,rare_contact_mechanism,contact_grasp_policy,3,84,0.583333,0.533817,0.265457,0.118131,0.072476,0.200234,0.077847,classifier_only_selection,predictive classifier replaces causal score
combined_stress,rare_contact_mechanism,contact_grasp_policy,4,84,0.559524,0.534689,0.266123,0.119316,0.073483,0.200900,0.078290,classifier_only_selection,predictive classifier replaces causal score
combined_stress,rare_contact_mechanism,contact_grasp_policy,5,84,0.571429,0.535561,0.266789,0.119430,0.073711,0.201209,0.078733,classifier_only_selection,predictive classifier replaces causal score
combined_stress,rare_contact_mechanism,contact_grasp_policy,6,84,0.630952,0.536433,0.267455,0.118116,0.072901,0.201042,0.079175,classifier_only_selection,predictive classifier replaces causal score
combined_stress,rare_contact_mechanism,peg_search_policy,0,84,0.595238,0.504454,0.269279,0.118462,0.078068,0.200384,0.076752,classifier_only_selection,predictive classifier replaces causal score
combined_stress,rare_contact_mechanism,peg_search_policy,1,84,0.583333,0.505302,0.269927,0.119277,0.078801,0.200919,0.077182,classifier_only_selection,predictive classifier replaces causal score
combined_stress,rare_contact_mechanism,peg_search_policy,2,84,0.571429,0.506150,0.270575,0.120093,0.071531,0.201455,0.077612,classifier_only_selection,predictive classifier replaces causal score
combined_stress,rare_contact_mechanism,peg_search_policy,3,84,0.571429,0.506998,0.271223,0.120551,0.072005,0.201871,0.078043,classifier_only_selection,predictive classifier replaces causal score
combined_stress,rare_contact_mechanism,peg_search_policy,4,84,0.500000,0.507846,0.271871,0.123152,0.074037,0.203001,0.078473,classifier_only_selection,predictive classifier replaces causal score
combined_stress,rare_contact_mechanism,peg_search_policy,5,84,0.559524,0.508694,0.272519,0.121824,0.073213,0.202822,0.078903,classifier_only_selection,predictive classifier replaces causal score
combined_stress,rare_contact_mechanism,peg_search_policy,6,84,0.630952,0.509542,0.273167,0.120139,0.072130,0.202523,0.079334,classifier_only_selection,predictive classifier replaces causal score
combined_stress,rare_contact_mechanism,deformable_pull_policy,0,84,0.571429,0.539159,0.277195,0.123547,0.079298,0.196846,0.075355,classifier_only_selection,predictive classifier replaces causal score
combined_stress,rare_contact_mechanism,deformable_pull_policy,1,84,0.488095,0.540047,0.265867,0.117742,0.072660,0.198116,0.075614,classifier_only_selection,predictive classifier replaces causal score
combined_stress,rare_contact_mechanism,deformable_pull_policy,2,84,0.523810,0.540935,0.266545,0.117151,0.072378,0.198194,0.076064,classifier_only_selection,predictive classifier replaces causal score
combined_stress,rare_contact_mechanism,deformable_pull_policy,3,84,0.523810,0.541823,0.267223,0.117631,0.072874,0.198630,0.076515,classifier_only_selection,predictive classifier replaces causal score
combined_stress,rare_contact_mechanism,deformable_pull_policy,4,84,0.583333,0.542711,0.267901,0.116326,0.072073,0.198471,0.076966,classifier_only_selection,predictive classifier replaces causal score
combined_stress,rare_contact_mechanism,deformable_pull_policy,5,84,0.583333,0.543599,0.268579,0.116806,0.072570,0.198907,0.077417,classifier_only_selection,predictive classifier replaces causal score
combined_stress,rare_contact_mechanism,deformable_pull_policy,6,84,0.440476,0.544487,0.269257,0.121571,0.076181,0.200772,0.077868,classifier_only_selection,predictive classifier replaces causal score
combined_stress,rare_contact_mechanism,mobile_place_policy,0,84,0.488095,0.533830,0.269405,0.118324,0.078471,0.198189,0.074322,classifier_only_selection,predictive classifier replaces causal score
combined_stress,rare_contact_mechanism,mobile_place_policy,1,84,0.630952,0.534694,0.270065,0.114506,0.075840,0.197184,0.074760,classifier_only_selection,predictive classifier replaces causal score
combined_stress,rare_contact_mechanism,mobile_place_policy,2,84,0.547619,0.535558,0.270725,0.117473,0.078139,0.198442,0.075199,classifier_only_selection,predictive classifier replaces causal score
combined_stress,rare_contact_mechanism,mobile_place_policy,3,84,0.595238,0.520414,0.271385,0.116511,0.077584,0.198389,0.075637,classifier_only_selection,predictive classifier replaces causal score
combined_stress,rare_contact_mechanism,mobile_place_policy,4,84,0.630952,0.521278,0.272045,0.115906,0.077289,0.198456,0.076076,classifier_only_selection,predictive classifier replaces causal score
combined_stress,rare_contact_mechanism,mobile_place_policy,5,84,0.583333,0.522142,0.272705,0.117802,0.078810,0.199356,0.076514,classifier_only_selection,predictive classifier replaces causal score
combined_stress,rare_contact_mechanism,mobile_place_policy,6,84,0.547619,0.523006,0.273365,0.119340,0.072068,0.200138,0.076953,classifier_only_selection,predictive classifier replaces causal score
combined_stress,rare_contact_mechanism,force_limited_twist_policy,0,84,0.690476,0.536263,0.271764,0.116986,0.069301,0.200931,0.074320,classifier_only_selection,predictive classifier replaces causal score
combined_stress,rare_contact_mechanism,force_limited_twist_policy,1,84,0.642857,0.537183,0.272466,0.118913,0.070854,0.201859,0.074787,classifier_only_selection,predictive classifier replaces causal score
combined_stress,rare_contact_mechanism,force_limited_twist_policy,2,84,0.619048,0.538103,0.273168,0.120125,0.071887,0.202549,0.075254,classifier_only_selection,predictive classifier replaces causal score
combined_stress,rare_contact_mechanism,force_limited_twist_policy,3,84,0.571429,0.539023,0.273870,0.122051,0.073440,0.203477,0.075721,classifier_only_selection,predictive classifier replaces causal score
combined_stress,rare_contact_mechanism,force_limited_twist_policy,4,84,0.583333,0.539943,0.274572,0.122191,0.073695,0.203810,0.076189,classifier_only_selection,predictive classifier replaces causal score
combined_stress,rare_contact_mechanism,force_limited_twist_policy,5,84,0.630952,0.540863,0.275274,0.121260,0.073171,0.195782,0.076656,classifier_only_selection,predictive classifier replaces causal score
combined_stress,rare_contact_mechanism,force_limited_twist_policy,6,84,0.571429,0.541783,0.275976,0.123544,0.074983,0.196829,0.077123,classifier_only_selection,predictive classifier replaces causal score
combined_stress,intervention_gap,contact_grasp_policy,0,84,0.535714,0.535724,0.278203,0.121404,0.076255,0.200500,0.075691,classifier_only_selection,predictive classifier replaces causal score
combined_stress,intervention_gap,contact_grasp_policy,1,84,0.559524,0.536548,0.278833,0.121134,0.076197,0.200666,0.076109,classifier_only_selection,predictive classifier replaces causal score
combined_stress,intervention_gap,contact_grasp_policy,2,84,0.642857,0.537372,0.279463,0.119079,0.074841,0.200236,0.076527,classifier_only_selection,predictive classifier replaces causal score
combined_stress,intervention_gap,contact_grasp_policy,3,84,0.595238,0.538196,0.280093,0.120953,0.076340,0.201116,0.076945,classifier_only_selection,predictive classifier replaces causal score
combined_stress,intervention_gap,contact_grasp_policy,4,84,0.619048,0.539020,0.280723,0.120684,0.076281,0.201282,0.077364,classifier_only_selection,predictive classifier replaces causal score
combined_stress,intervention_gap,contact_grasp_policy,5,84,0.464286,0.539844,0.281353,0.125771,0.080116,0.203234,0.077782,classifier_only_selection,predictive classifier replaces causal score
combined_stress,intervention_gap,contact_grasp_policy,6,84,0.547619,0.540668,0.269977,0.122936,0.078293,0.202805,0.078008,classifier_only_selection,predictive classifier replaces causal score
combined_stress,intervention_gap,peg_search_policy,0,84,0.547619,0.509432,0.272359,0.122619,0.075093,0.202162,0.075965,classifier_only_selection,predictive classifier replaces causal score
combined_stress,intervention_gap,peg_search_policy,1,84,0.630952,0.510232,0.272971,0.120551,0.073724,0.201721,0.076371,classifier_only_selection,predictive classifier replaces causal score
combined_stress,intervention_gap,peg_search_policy,2,84,0.535714,0.511032,0.273583,0.123839,0.076247,0.203065,0.076776,classifier_only_selection,predictive classifier replaces causal score
combined_stress,intervention_gap,peg_search_policy,3,84,0.464286,0.511832,0.274195,0.126414,0.078252,0.204172,0.077182,classifier_only_selection,predictive classifier replaces causal score
combined_stress,intervention_gap,peg_search_policy,4,84,0.464286,0.512632,0.274807,0.126846,0.078699,0.204564,0.077588,classifier_only_selection,predictive classifier replaces causal score
combined_stress,intervention_gap,peg_search_policy,5,84,0.476190,0.513432,0.275419,0.126921,0.078887,0.204837,0.077994,classifier_only_selection,predictive classifier replaces causal score
combined_stress,intervention_gap,peg_search_policy,6,84,0.488095,0.514232,0.276031,0.126995,0.079075,0.205109,0.078400,classifier_only_selection,predictive classifier replaces causal score
combined_stress,intervention_gap,deformable_pull_policy,0,84,0.571429,0.550233,0.272841,0.120836,0.077747,0.201196,0.077497,classifier_only_selection,predictive classifier replaces causal score
combined_stress,intervention_gap,deformable_pull_policy,1,84,0.535714,0.551073,0.273483,0.122361,0.078995,0.201965,0.077923,classifier_only_selection,predictive classifier replaces causal score
combined_stress,intervention_gap,deformable_pull_policy,2,84,0.428571,0.535905,0.274125,0.126029,0.081801,0.203448,0.078350,classifier_only_selection,predictive classifier replaces causal score
combined_stress,intervention_gap,deformable_pull_policy,3,84,0.500000,0.536745,0.274767,0.124340,0.080713,0.203146,0.078776,classifier_only_selection,predictive classifier replaces causal score
combined_stress,intervention_gap,deformable_pull_policy,4,84,0.547619,0.537585,0.275409,0.123365,0.072141,0.203082,0.079202,classifier_only_selection,predictive classifier replaces causal score
combined_stress,intervention_gap,deformable_pull_policy,5,84,0.500000,0.538425,0.276051,0.125247,0.073649,0.203970,0.079628,classifier_only_selection,predictive classifier replaces causal score
combined_stress,intervention_gap,deformable_pull_policy,6,84,0.464286,0.539265,0.276693,0.126772,0.074897,0.204739,0.080055,classifier_only_selection,predictive classifier replaces causal score
combined_stress,intervention_gap,mobile_place_policy,0,84,0.464286,0.529065,0.277184,0.125204,0.078480,0.202861,0.076742,classifier_only_selection,predictive classifier replaces causal score
combined_stress,intervention_gap,mobile_place_policy,1,84,0.488095,0.529881,0.277808,0.124931,0.078417,0.203022,0.077156,classifier_only_selection,predictive classifier replaces causal score
combined_stress,intervention_gap,mobile_place_policy,2,84,0.511905,0.530697,0.278432,0.124657,0.078354,0.203184,0.077570,classifier_only_selection,predictive classifier replaces causal score
combined_stress,intervention_gap,mobile_place_policy,3,84,0.452381,0.531513,0.279056,0.126883,0.080108,0.204180,0.077984,classifier_only_selection,predictive classifier replaces causal score
combined_stress,intervention_gap,mobile_place_policy,4,84,0.559524,0.532329,0.279680,0.124109,0.078229,0.203508,0.078398,classifier_only_selection,predictive classifier replaces causal score
combined_stress,intervention_gap,mobile_place_policy,5,84,0.583333,0.533145,0.280304,0.123836,0.078166,0.203670,0.078812,classifier_only_selection,predictive classifier replaces causal score
combined_stress,intervention_gap,mobile_place_policy,6,84,0.428571,0.517953,0.280928,0.128919,0.081996,0.205618,0.079226,classifier_only_selection,predictive classifier replaces causal score
combined_stress,intervention_gap,force_limited_twist_policy,0,84,0.500000,0.541697,0.275187,0.125679,0.077700,0.204365,0.073767,classifier_only_selection,predictive classifier replaces causal score
combined_stress,intervention_gap,force_limited_twist_policy,1,84,0.547619,0.542569,0.275853,0.124722,0.077150,0.204317,0.074209,classifier_only_selection,predictive classifier replaces causal score
combined_stress,intervention_gap,force_limited_twist_policy,2,84,0.630952,0.543441,0.276519,0.122693,0.075821,0.203912,0.074652,classifier_only_selection,predictive classifier replaces causal score
combined_stress,intervention_gap,force_limited_twist_policy,3,84,0.571429,0.544313,0.277185,0.124950,0.077606,0.204935,0.075094,classifier_only_selection,predictive classifier replaces causal score
combined_stress,intervention_gap,force_limited_twist_policy,4,84,0.476190,0.545185,0.277851,0.128279,0.080170,0.198311,0.075537,classifier_only_selection,predictive classifier replaces causal score
combined_stress,intervention_gap,force_limited_twist_policy,5,84,0.654762,0.546057,0.278517,0.123393,0.076764,0.196954,0.075980,classifier_only_selection,predictive classifier replaces causal score
combined_stress,intervention_gap,force_limited_twist_policy,6,84,0.523810,0.530921,0.279183,0.119789,0.079627,0.198691,0.076422,classifier_only_selection,predictive classifier replaces causal score
combined_stress,compound_spurious_shift,contact_grasp_policy,0,84,0.511905,0.522553,0.279384,0.124871,0.081021,0.200261,0.078802,classifier_only_selection,predictive classifier replaces causal score
combined_stress,compound_spurious_shift,contact_grasp_policy,1,84,0.464286,0.523433,0.280056,0.126775,0.074547,0.201169,0.079249,classifier_only_selection,predictive classifier replaces causal score
combined_stress,compound_spurious_shift,contact_grasp_policy,2,84,0.607143,0.524313,0.280728,0.122965,0.071925,0.200173,0.079696,classifier_only_selection,predictive classifier replaces causal score
combined_stress,compound_spurious_shift,contact_grasp_policy,3,84,0.535714,0.525193,0.281400,0.125584,0.073974,0.201319,0.080142,classifier_only_selection,predictive classifier replaces causal score
combined_stress,compound_spurious_shift,contact_grasp_policy,4,84,0.559524,0.526073,0.282071,0.125345,0.073947,0.201513,0.080589,classifier_only_selection,predictive classifier replaces causal score
combined_stress,compound_spurious_shift,contact_grasp_policy,5,84,0.535714,0.526953,0.282743,0.126535,0.074958,0.202183,0.081036,classifier_only_selection,predictive classifier replaces causal score
combined_stress,compound_spurious_shift,contact_grasp_policy,6,84,0.523810,0.527833,0.283415,0.127368,0.075709,0.202734,0.081483,classifier_only_selection,predictive classifier replaces causal score
combined_stress,compound_spurious_shift,peg_search_policy,0,84,0.523810,0.509069,0.283146,0.125110,0.078537,0.200324,0.077629,classifier_only_selection,predictive classifier replaces causal score
combined_stress,compound_spurious_shift,peg_search_policy,1,84,0.535714,0.509925,0.283800,0.125216,0.078756,0.200624,0.078064,classifier_only_selection,predictive classifier replaces causal score
combined_stress,compound_spurious_shift,peg_search_policy,2,84,0.511905,0.510781,0.284454,0.126392,0.079753,0.201283,0.078498,classifier_only_selection,predictive classifier replaces causal score
combined_stress,compound_spurious_shift,peg_search_policy,3,84,0.440476,0.511637,0.285108,0.128998,0.081789,0.202417,0.078933,classifier_only_selection,predictive classifier replaces causal score
combined_stress,compound_spurious_shift,peg_search_policy,4,84,0.535714,0.496485,0.285762,0.126603,0.080192,0.201884,0.079367,classifier_only_selection,predictive classifier replaces causal score
combined_stress,compound_spurious_shift,peg_search_policy,5,84,0.535714,0.497341,0.286416,0.127066,0.080670,0.202304,0.079802,classifier_only_selection,predictive classifier replaces causal score
combined_stress,compound_spurious_shift,peg_search_policy,6,84,0.583333,0.498197,0.287070,0.126100,0.072107,0.202248,0.080236,classifier_only_selection,predictive classifier replaces causal score
combined_stress,compound_spurious_shift,deformable_pull_policy,0,84,0.440476,0.532086,0.282296,0.133571,0.083013,0.207545,0.078252,classifier_only_selection,predictive classifier replaces causal score
combined_stress,compound_spurious_shift,deformable_pull_policy,1,84,0.440476,0.532982,0.282980,0.134055,0.075510,0.207985,0.078707,classifier_only_selection,predictive classifier replaces causal score
combined_stress,compound_spurious_shift,deformable_pull_policy,2,84,0.500000,0.533878,0.283664,0.132754,0.074713,0.199825,0.079162,classifier_only_selection,predictive classifier replaces causal score
combined_stress,compound_spurious_shift,deformable_pull_policy,3,84,0.500000,0.534774,0.284348,0.133239,0.075214,0.200265,0.079617,classifier_only_selection,predictive classifier replaces causal score
combined_stress,compound_spurious_shift,deformable_pull_policy,4,84,0.392857,0.535670,0.285032,0.128933,0.077571,0.201777,0.080072,classifier_only_selection,predictive classifier replaces causal score
combined_stress,compound_spurious_shift,deformable_pull_policy,5,84,0.440476,0.536566,0.285716,0.127989,0.077034,0.201741,0.080527,classifier_only_selection,predictive classifier replaces causal score
combined_stress,compound_spurious_shift,deformable_pull_policy,6,84,0.440476,0.537462,0.286400,0.128474,0.077535,0.202181,0.080982,classifier_only_selection,predictive classifier replaces causal score
combined_stress,compound_spurious_shift,mobile_place_policy,0,84,0.500000,0.524062,0.284490,0.131368,0.078511,0.206111,0.076031,classifier_only_selection,predictive classifier replaces causal score
combined_stress,compound_spurious_shift,mobile_place_policy,1,84,0.571429,0.524934,0.285156,0.129696,0.077442,0.205824,0.076474,classifier_only_selection,predictive classifier replaces causal score
combined_stress,compound_spurious_shift,mobile_place_policy,2,84,0.380952,0.525806,0.285822,0.135882,0.082082,0.208157,0.076916,classifier_only_selection,predictive classifier replaces causal score
combined_stress,compound_spurious_shift,mobile_place_policy,3,84,0.535714,0.526678,0.286488,0.131710,0.079195,0.199033,0.077359,classifier_only_selection,predictive classifier replaces causal score
combined_stress,compound_spurious_shift,mobile_place_policy,4,84,0.488095,0.527550,0.287154,0.133610,0.080721,0.199938,0.077802,classifier_only_selection,predictive classifier replaces causal score
combined_stress,compound_spurious_shift,mobile_place_policy,5,84,0.583333,0.528422,0.287820,0.123220,0.078652,0.199413,0.078244,classifier_only_selection,predictive classifier replaces causal score
combined_stress,compound_spurious_shift,mobile_place_policy,6,84,0.500000,0.513286,0.288486,0.126192,0.080957,0.200675,0.078687,classifier_only_selection,predictive classifier replaces causal score
combined_stress,compound_spurious_shift,force_limited_twist_policy,0,84,0.404762,0.532798,0.291577,0.134414,0.078875,0.206977,0.079257,classifier_only_selection,predictive classifier replaces causal score
combined_stress,compound_spurious_shift,force_limited_twist_policy,1,84,0.428571,0.533726,0.280279,0.133421,0.078408,0.207195,0.079536,classifier_only_selection,predictive classifier replaces causal score
combined_stress,compound_spurious_shift,force_limited_twist_policy,2,84,0.488095,0.534654,0.280987,0.132137,0.077629,0.207055,0.080007,classifier_only_selection,predictive classifier replaces causal score
combined_stress,compound_spurious_shift,force_limited_twist_policy,3,84,0.416667,0.535582,0.281695,0.134782,0.079705,0.208226,0.080479,classifier_only_selection,predictive classifier replaces causal score
combined_stress,compound_spurious_shift,force_limited_twist_policy,4,84,0.500000,0.536510,0.282403,0.132784,0.078407,0.199844,0.080950,classifier_only_selection,predictive classifier replaces causal score
combined_stress,compound_spurious_shift,force_limited_twist_policy,5,84,0.511905,0.537438,0.283111,0.132929,0.078667,0.200181,0.081421,classifier_only_selection,predictive classifier replaces causal score
combined_stress,compound_spurious_shift,force_limited_twist_policy,6,84,0.607143,0.538366,0.283819,0.122570,0.076629,0.199685,0.081893,classifier_only_selection,predictive classifier replaces causal score
