method,split,task,regime,mean_success_rate,ci95_success_rate,mean_causal_mechanism_recall,ci95_causal_mechanism_recall,mean_spurious_dependence_rate,ci95_spurious_dependence_rate,mean_tail_failure_rate,ci95_tail_failure_rate,mean_damage_rate,ci95_damage_rate,mean_selection_cost,ci95_selection_cost,mean_calibration_error,ci95_calibration_error,groups,episodes_per_group
diversity_coreset_selection,clean_budget,contact_grasp_policy,color_mechanism_confound,0.608844,0.035066,0.478940,0.003787,0.319948,0.001075,0.141173,0.001287,0.092360,0.001087,0.188312,0.002700,0.106559,0.000715,7,84
diversity_coreset_selection,clean_budget,contact_grasp_policy,compound_spurious_shift,0.532313,0.044887,0.464615,0.001395,0.349875,0.001066,0.155868,0.001767,0.094443,0.001457,0.196403,0.000946,0.115472,0.002580,7,84
diversity_coreset_selection,clean_budget,contact_grasp_policy,iid_mechanisms,0.668367,0.050259,0.485680,0.001280,0.302252,0.000979,0.131803,0.001390,0.088924,0.001047,0.187273,0.002006,0.106696,0.000649,7,84
diversity_coreset_selection,clean_budget,contact_grasp_policy,intervention_gap,0.562925,0.058658,0.467874,0.001306,0.338918,0.000999,0.146606,0.002084,0.091900,0.001653,0.191618,0.000990,0.111823,0.000663,7,84
diversity_coreset_selection,clean_budget,contact_grasp_policy,material_shift,0.603741,0.023727,0.467878,0.001280,0.324567,0.003616,0.137883,0.000863,0.090252,0.002857,0.187523,0.000696,0.109783,0.002660,7,84
diversity_coreset_selection,clean_budget,contact_grasp_policy,operator_bias_shift,0.620748,0.041186,0.467293,0.003810,0.327588,0.001027,0.143479,0.000848,0.090122,0.002955,0.191561,0.000448,0.112953,0.000682,7,84
diversity_coreset_selection,clean_budget,contact_grasp_policy,rare_contact_mechanism,0.549320,0.057927,0.472505,0.003796,0.331582,0.001056,0.145384,0.003630,0.094070,0.000927,0.188396,0.000501,0.110485,0.000702,7,84
diversity_coreset_selection,clean_budget,deformable_pull_policy,color_mechanism_confound,0.544218,0.032088,0.488868,0.003778,0.320543,0.002827,0.141539,0.000927,0.093659,0.000754,0.190776,0.000615,0.108032,0.002368,7,84
diversity_coreset_selection,clean_budget,deformable_pull_policy,compound_spurious_shift,0.489796,0.045379,0.472967,0.001421,0.351003,0.001085,0.154817,0.001716,0.094446,0.001410,0.194428,0.000919,0.117309,0.001888,7,84
diversity_coreset_selection,clean_budget,deformable_pull_policy,iid_mechanisms,0.620748,0.043333,0.495856,0.001306,0.304748,0.000999,0.131906,0.001449,0.090058,0.001166,0.187405,0.000756,0.106036,0.000663,7,84
diversity_coreset_selection,clean_budget,deformable_pull_policy,intervention_gap,0.500000,0.019052,0.481202,0.001331,0.338632,0.003906,0.148563,0.000792,0.094930,0.000738,0.192335,0.000674,0.112694,0.000611,7,84
diversity_coreset_selection,clean_budget,deformable_pull_policy,material_shift,0.532313,0.042817,0.478054,0.001306,0.320202,0.002861,0.141684,0.002745,0.091844,0.002778,0.187892,0.002085,0.111300,0.002412,7,84
diversity_coreset_selection,clean_budget,deformable_pull_policy,operator_bias_shift,0.568027,0.032489,0.483063,0.001370,0.327418,0.003570,0.145215,0.001931,0.091872,0.000841,0.189967,0.002669,0.109330,0.001931,7,84
diversity_coreset_selection,clean_budget,deformable_pull_policy,rare_contact_mechanism,0.500000,0.040092,0.481568,0.001408,0.331528,0.001075,0.148245,0.001132,0.093614,0.000907,0.193706,0.000643,0.111515,0.002575,7,84
diversity_coreset_selection,clean_budget,force_limited_twist_policy,color_mechanism_confound,0.607143,0.051926,0.475795,0.001485,0.319900,0.001133,0.138825,0.002186,0.089322,0.002585,0.189363,0.001148,0.106754,0.000754,7,84
diversity_coreset_selection,clean_budget,force_limited_twist_policy,compound_spurious_shift,0.525510,0.023014,0.470007,0.001472,0.347654,0.002817,0.153227,0.002440,0.094539,0.000676,0.191483,0.000691,0.117614,0.000716,7,84
diversity_coreset_selection,clean_budget,force_limited_twist_policy,iid_mechanisms,0.617347,0.046786,0.492440,0.001357,0.299342,0.001037,0.128841,0.001933,0.090544,0.001593,0.184623,0.001017,0.104937,0.000689,7,84
diversity_coreset_selection,clean_budget,force_limited_twist_policy,intervention_gap,0.542517,0.030490,0.468994,0.001383,0.338638,0.003876,0.148080,0.001065,0.090447,0.000951,0.192702,0.000780,0.115290,0.000637,7,84
diversity_coreset_selection,clean_budget,force_limited_twist_policy,material_shift,0.585034,0.027622,0.474638,0.001357,0.325087,0.001037,0.142178,0.001305,0.089495,0.001776,0.191410,0.000815,0.112653,0.000689,7,84
diversity_coreset_selection,clean_budget,force_limited_twist_policy,operator_bias_shift,0.561224,0.034319,0.479392,0.003783,0.332112,0.001085,0.146211,0.000980,0.094040,0.000820,0.192809,0.000629,0.109409,0.001888,7,84
diversity_coreset_selection,clean_budget,force_limited_twist_policy,rare_contact_mechanism,0.581633,0.045947,0.475000,0.001460,0.335764,0.001114,0.143967,0.002626,0.091089,0.001424,0.188497,0.000984,0.113568,0.000741,7,84
diversity_coreset_selection,clean_budget,mobile_place_policy,color_mechanism_confound,0.557823,0.021858,0.466571,0.001395,0.316706,0.003558,0.140285,0.000802,0.089885,0.000711,0.190044,0.000644,0.110600,0.001894,7,84
diversity_coreset_selection,clean_budget,mobile_place_policy,compound_spurious_shift,0.489796,0.028545,0.451079,0.001383,0.350903,0.003876,0.155563,0.000967,0.092543,0.000831,0.195180,0.000697,0.117854,0.000637,7,84
diversity_coreset_selection,clean_budget,mobile_place_policy,iid_mechanisms,0.590136,0.041633,0.473077,0.005279,0.303980,0.000970,0.129651,0.001725,0.091548,0.001619,0.184587,0.000920,0.106125,0.002632,7,84
diversity_coreset_selection,clean_budget,mobile_place_policy,intervention_gap,0.540816,0.026874,0.462178,0.001293,0.338966,0.000989,0.149544,0.000997,0.093672,0.000871,0.194111,0.000656,0.113535,0.000656,7,84
diversity_coreset_selection,clean_budget,mobile_place_policy,material_shift,0.561224,0.040231,0.464422,0.001267,0.322865,0.003944,0.142439,0.001334,0.090158,0.001109,0.191340,0.000800,0.109158,0.000578,7,84
diversity_coreset_selection,clean_budget,mobile_place_policy,operator_bias_shift,0.549320,0.050259,0.460524,0.004804,0.325116,0.001018,0.146053,0.001494,0.093377,0.002488,0.192868,0.000714,0.112946,0.000676,7,84
diversity_coreset_selection,clean_budget,mobile_place_policy,rare_contact_mechanism,0.559524,0.029250,0.462375,0.001370,0.333451,0.003883,0.146398,0.002713,0.091784,0.000790,0.190637,0.002650,0.111154,0.002414,7,84
diversity_coreset_selection,clean_budget,peg_search_policy,color_mechanism_confound,0.593537,0.035434,0.451371,0.001370,0.317335,0.003883,0.140635,0.002410,0.090114,0.000611,0.188781,0.002883,0.107748,0.002431,7,84
diversity_coreset_selection,clean_budget,peg_search_policy,compound_spurious_shift,0.556122,0.046587,0.437503,0.001357,0.351035,0.003891,0.154631,0.003240,0.092878,0.001331,0.193279,0.002592,0.114663,0.002419,7,84
diversity_coreset_selection,clean_budget,peg_search_policy,iid_mechanisms,0.644558,0.033555,0.453535,0.003849,0.303068,0.000951,0.130599,0.001026,0.088070,0.003063,0.186682,0.000599,0.103365,0.000630,7,84
diversity_coreset_selection,clean_budget,peg_search_policy,intervention_gap,0.576531,0.035590,0.443962,0.001267,0.335618,0.000970,0.149271,0.001374,0.092216,0.001147,0.193626,0.001773,0.113686,0.000643,7,84
diversity_coreset_selection,clean_budget,peg_search_policy,material_shift,0.571429,0.071647,0.449454,0.001242,0.323668,0.003960,0.142539,0.002611,0.091004,0.001538,0.188161,0.002820,0.110999,0.000565,7,84
diversity_coreset_selection,clean_budget,peg_search_policy,operator_bias_shift,0.513605,0.049216,0.448871,0.001306,0.330120,0.000999,0.146030,0.001874,0.093508,0.001521,0.191805,0.000951,0.110794,0.000663,7,84
diversity_coreset_selection,clean_budget,peg_search_policy,rare_contact_mechanism,0.588435,0.052880,0.448137,0.003810,0.331371,0.003583,0.143826,0.001590,0.093503,0.001186,0.191065,0.000725,0.112170,0.000629,7,84
diversity_coreset_selection,combined_stress,contact_grasp_policy,color_mechanism_confound,0.460884,0.015870,0.453621,0.001447,0.367807,0.001104,0.159688,0.002553,0.093825,0.000816,0.200581,0.002558,0.123465,0.000735,7,84
diversity_coreset_selection,combined_stress,contact_grasp_policy,compound_spurious_shift,0.413265,0.040000,0.440742,0.004735,0.397104,0.001095,0.175342,0.001576,0.099520,0.002329,0.207964,0.001798,0.128518,0.000728,7,84
diversity_coreset_selection,combined_stress,contact_grasp_policy,iid_mechanisms,0.581633,0.043033,0.464338,0.001319,0.354809,0.001008,0.146202,0.000831,0.092214,0.000555,0.196345,0.000393,0.118805,0.000669,7,84
diversity_coreset_selection,combined_stress,contact_grasp_policy,intervention_gap,0.469388,0.039721,0.452651,0.001344,0.385774,0.002851,0.163898,0.001516,0.098360,0.001256,0.202675,0.000858,0.126900,0.000651,7,84
diversity_coreset_selection,combined_stress,contact_grasp_policy,material_shift,0.484694,0.032886,0.453756,0.005238,0.370533,0.002858,0.161006,0.000976,0.096948,0.002805,0.203959,0.000553,0.126541,0.000638,7,84
diversity_coreset_selection,combined_stress,contact_grasp_policy,operator_bias_shift,0.482993,0.033333,0.456960,0.001383,0.378111,0.001056,0.162493,0.002645,0.097856,0.001238,0.200931,0.002257,0.123674,0.000702,7,84
diversity_coreset_selection,combined_stress,contact_grasp_policy,rare_contact_mechanism,0.505102,0.035590,0.450836,0.005157,0.383895,0.003545,0.165188,0.001094,0.097806,0.001816,0.203741,0.002293,0.124714,0.000668,7,84
diversity_coreset_selection,combined_stress,deformable_pull_policy,color_mechanism_confound,0.465986,0.033166,0.467930,0.001472,0.369425,0.003823,0.158105,0.003172,0.096012,0.000530,0.199197,0.001844,0.125282,0.000683,7,84
diversity_coreset_selection,combined_stress,deformable_pull_policy,compound_spurious_shift,0.345238,0.032998,0.448902,0.001460,0.402686,0.001114,0.177709,0.000856,0.099327,0.002110,0.208810,0.001894,0.129611,0.000741,7,84
diversity_coreset_selection,combined_stress,deformable_pull_policy,iid_mechanisms,0.532313,0.039675,0.476609,0.003810,0.349753,0.001027,0.148229,0.001405,0.095597,0.001156,0.197916,0.000775,0.120640,0.000682,7,84
diversity_coreset_selection,combined_stress,deformable_pull_policy,intervention_gap,0.423469,0.041006,0.454353,0.001370,0.391658,0.002844,0.168110,0.001497,0.095761,0.001278,0.205787,0.000906,0.130486,0.000664,7,84
diversity_coreset_selection,combined_stress,deformable_pull_policy,material_shift,0.476190,0.044389,0.461453,0.001344,0.375768,0.001027,0.162477,0.001753,0.094125,0.001443,0.202834,0.002157,0.126253,0.002391,7,84
diversity_coreset_selection,combined_stress,deformable_pull_policy,operator_bias_shift,0.420068,0.035538,0.463390,0.001408,0.378965,0.001075,0.164679,0.001589,0.097663,0.001352,0.204291,0.000921,0.127256,0.002369,7,84
diversity_coreset_selection,combined_stress,deformable_pull_policy,rare_contact_mechanism,0.457483,0.045501,0.457421,0.004727,0.379720,0.001104,0.165521,0.001137,0.098241,0.002918,0.205882,0.000595,0.124863,0.000735,7,84
diversity_coreset_selection,combined_stress,force_limited_twist_policy,color_mechanism_confound,0.515306,0.030852,0.463554,0.001524,0.367906,0.001162,0.157725,0.001486,0.095182,0.001298,0.202095,0.000927,0.123570,0.000774,7,84
diversity_coreset_selection,combined_stress,force_limited_twist_policy,compound_spurious_shift,0.423469,0.043759,0.445492,0.004684,0.403605,0.002808,0.172529,0.003185,0.099342,0.002436,0.203898,0.000850,0.130707,0.002556,7,84
diversity_coreset_selection,combined_stress,force_limited_twist_policy,iid_mechanisms,0.523810,0.037069,0.470455,0.001395,0.352046,0.001066,0.151229,0.001332,0.094227,0.001113,0.200504,0.000773,0.120387,0.002580,7,84
diversity_coreset_selection,combined_stress,force_limited_twist_policy,intervention_gap,0.423469,0.033720,0.453129,0.001421,0.389072,0.001085,0.166142,0.000673,0.097361,0.000547,0.203895,0.000499,0.130333,0.000722,7,84
diversity_coreset_selection,combined_stress,force_limited_twist_policy,material_shift,0.491497,0.046027,0.455300,0.003792,0.376346,0.002837,0.157791,0.002317,0.096331,0.002196,0.199467,0.000941,0.124829,0.000677,7,84
diversity_coreset_selection,combined_stress,force_limited_twist_policy,operator_bias_shift,0.454082,0.037218,0.456982,0.001460,0.382782,0.001114,0.162945,0.002563,0.096228,0.000954,0.200609,0.001775,0.126900,0.000741,7,84
diversity_coreset_selection,combined_stress,force_limited_twist_policy,rare_contact_mechanism,0.457483,0.035224,0.457263,0.001498,0.379648,0.001143,0.165393,0.002481,0.097142,0.001334,0.203379,0.002298,0.127570,0.000761,7,84
diversity_coreset_selection,combined_stress,mobile_place_policy,color_mechanism_confound,0.460884,0.031681,0.451746,0.001434,0.370272,0.001095,0.158247,0.001090,0.096821,0.000939,0.201190,0.000707,0.124677,0.002360,7,84
diversity_coreset_selection,combined_stress,mobile_place_policy,compound_spurious_shift,0.355442,0.020638,0.435414,0.001421,0.400409,0.001085,0.173963,0.001092,0.099691,0.000999,0.206280,0.000772,0.132590,0.000722,7,84
diversity_coreset_selection,combined_stress,mobile_place_policy,iid_mechanisms,0.508503,0.049028,0.457655,0.001306,0.353668,0.000999,0.150033,0.001414,0.094458,0.001085,0.198711,0.000671,0.119842,0.000663,7,84
diversity_coreset_selection,combined_stress,mobile_place_policy,intervention_gap,0.396259,0.049814,0.443729,0.001331,0.389813,0.003590,0.166946,0.001393,0.099619,0.001000,0.203921,0.000610,0.126900,0.000622,7,84
diversity_coreset_selection,combined_stress,mobile_place_policy,material_shift,0.498299,0.032773,0.442499,0.003825,0.371107,0.003603,0.160060,0.002035,0.096088,0.002600,0.200883,0.002547,0.126461,0.001912,7,84
diversity_coreset_selection,combined_stress,mobile_place_policy,operator_bias_shift,0.406463,0.041811,0.444677,0.001370,0.377915,0.003883,0.167119,0.001542,0.097449,0.001266,0.203961,0.002418,0.125356,0.002666,7,84
diversity_coreset_selection,combined_stress,mobile_place_policy,rare_contact_mechanism,0.428571,0.022771,0.442054,0.001408,0.379464,0.001075,0.164428,0.001384,0.096392,0.001233,0.203948,0.000891,0.129223,0.000715,7,84
diversity_coreset_selection,combined_stress,peg_search_policy,color_mechanism_confound,0.515306,0.024267,0.431833,0.001408,0.365113,0.001075,0.156367,0.000720,0.093903,0.000675,0.200641,0.000598,0.124897,0.001890,7,84
diversity_coreset_selection,combined_stress,peg_search_policy,compound_spurious_shift,0.382653,0.018659,0.417125,0.001395,0.396467,0.001066,0.173791,0.000853,0.098275,0.000812,0.206815,0.000676,0.132499,0.000708,7,84
diversity_coreset_selection,combined_stress,peg_search_policy,iid_mechanisms,0.511905,0.047219,0.437974,0.001280,0.348683,0.000979,0.149811,0.001778,0.092782,0.001443,0.198788,0.000906,0.119038,0.000649,7,84
diversity_coreset_selection,combined_stress,peg_search_policy,intervention_gap,0.433673,0.037019,0.420800,0.001306,0.385823,0.000999,0.165288,0.002013,0.095588,0.001044,0.202034,0.000751,0.125632,0.001909,7,84
diversity_coreset_selection,combined_stress,peg_search_policy,material_shift,0.484694,0.051352,0.431966,0.004838,0.374698,0.000979,0.159762,0.003460,0.098478,0.000900,0.199987,0.002819,0.126938,0.000649,7,84
diversity_coreset_selection,combined_stress,peg_search_policy,operator_bias_shift,0.431973,0.041899,0.430598,0.003810,0.375416,0.002851,0.162335,0.001309,0.099088,0.001028,0.202044,0.000696,0.125106,0.000651,7,84
diversity_coreset_selection,combined_stress,peg_search_policy,rare_contact_mechanism,0.428571,0.024944,0.425390,0.001383,0.380172,0.003564,0.166186,0.000919,0.096610,0.000874,0.205567,0.000760,0.127731,0.002396,7,84
diversity_coreset_selection,heldout_mechanism,contact_grasp_policy,color_mechanism_confound,0.571429,0.030551,0.465688,0.001472,0.350288,0.003823,0.148135,0.002417,0.092816,0.000891,0.192875,0.000840,0.119777,0.000683,7,84
diversity_coreset_selection,heldout_mechanism,contact_grasp_policy,compound_spurious_shift,0.443878,0.057767,0.447675,0.001460,0.384310,0.001114,0.168500,0.002645,0.095703,0.001835,0.201921,0.002399,0.124625,0.000741,7,84
diversity_coreset_selection,heldout_mechanism,contact_grasp_policy,iid_mechanisms,0.586735,0.023727,0.475245,0.001344,0.332990,0.003583,0.140382,0.000862,0.092927,0.000764,0.192544,0.000661,0.114468,0.000629,7,84
diversity_coreset_selection,heldout_mechanism,contact_grasp_policy,intervention_gap,0.486395,0.042731,0.451631,0.001370,0.373876,0.001047,0.160406,0.001186,0.093358,0.000929,0.200794,0.000630,0.124762,0.000695,7,84
diversity_coreset_selection,heldout_mechanism,contact_grasp_policy,material_shift,0.532313,0.056634,0.458042,0.001344,0.355755,0.001027,0.154489,0.001972,0.091418,0.001564,0.198709,0.001498,0.121293,0.001901,7,84
diversity_coreset_selection,heldout_mechanism,contact_grasp_policy,operator_bias_shift,0.530612,0.054092,0.460723,0.001408,0.359510,0.001075,0.155466,0.002301,0.094187,0.001891,0.198850,0.001184,0.121533,0.002369,7,84
diversity_coreset_selection,heldout_mechanism,contact_grasp_policy,rare_contact_mechanism,0.486395,0.038249,0.456953,0.005137,0.361913,0.002824,0.158821,0.000747,0.096561,0.002672,0.201213,0.000475,0.119123,0.000703,7,84
diversity_coreset_selection,heldout_mechanism,deformable_pull_policy,color_mechanism_confound,0.522109,0.047881,0.469554,0.003756,0.352225,0.001143,0.149781,0.001839,0.094442,0.002600,0.195825,0.000986,0.117367,0.002339,7,84
diversity_coreset_selection,heldout_mechanism,deformable_pull_policy,compound_spurious_shift,0.372449,0.035538,0.463687,0.001485,0.379920,0.001133,0.168468,0.002902,0.100092,0.001221,0.200873,0.001929,0.127043,0.000754,7,84
diversity_coreset_selection,heldout_mechanism,deformable_pull_policy,iid_mechanisms,0.539116,0.044887,0.477072,0.001370,0.338544,0.001047,0.144624,0.001456,0.090352,0.001167,0.195600,0.000762,0.117957,0.000695,7,84
diversity_coreset_selection,heldout_mechanism,deformable_pull_policy,intervention_gap,0.406463,0.029876,0.463471,0.005178,0.373217,0.001066,0.162216,0.003097,0.099503,0.002360,0.198889,0.001934,0.121724,0.000708,7,84
diversity_coreset_selection,heldout_mechanism,deformable_pull_policy,material_shift,0.481293,0.050881,0.475878,0.001370,0.352733,0.001047,0.152558,0.002325,0.096245,0.001437,0.194938,0.000969,0.117784,0.000695,7,84
diversity_coreset_selection,heldout_mechanism,deformable_pull_policy,operator_bias_shift,0.472789,0.026805,0.470431,0.001434,0.362397,0.001095,0.155776,0.001288,0.095427,0.001137,0.197944,0.000832,0.122059,0.001885,7,84
diversity_coreset_selection,heldout_mechanism,deformable_pull_policy,rare_contact_mechanism,0.452381,0.050662,0.464528,0.001472,0.366632,0.001123,0.160900,0.001204,0.094142,0.000880,0.200146,0.002537,0.120898,0.000748,7,84
diversity_coreset_selection,heldout_mechanism,force_limited_twist_policy,color_mechanism_confound,0.510204,0.028087,0.470049,0.001549,0.351125,0.001181,0.150299,0.001425,0.093939,0.001260,0.196117,0.000920,0.117024,0.000787,7,84
diversity_coreset_selection,heldout_mechanism,force_limited_twist_policy,compound_spurious_shift,0.465986,0.029439,0.453713,0.005067,0.382974,0.003785,0.167718,0.002237,0.098033,0.002545,0.201736,0.002550,0.127250,0.000716,7,84
diversity_coreset_selection,heldout_mechanism,force_limited_twist_policy,iid_mechanisms,0.568027,0.031681,0.475790,0.001421,0.334395,0.001085,0.141687,0.001156,0.091260,0.000995,0.193452,0.000735,0.117821,0.000722,7,84
diversity_coreset_selection,heldout_mechanism,force_limited_twist_policy,intervention_gap,0.498299,0.042731,0.462544,0.001447,0.372766,0.002824,0.157809,0.001888,0.095941,0.001620,0.198576,0.001113,0.125254,0.000703,7,84
diversity_coreset_selection,heldout_mechanism,force_limited_twist_policy,material_shift,0.571429,0.028350,0.465448,0.005157,0.355445,0.003853,0.152804,0.002223,0.094073,0.002652,0.196752,0.002565,0.117757,0.000657,7,84
diversity_coreset_selection,heldout_mechanism,force_limited_twist_policy,operator_bias_shift,0.523810,0.044096,0.464320,0.005107,0.359773,0.001133,0.153291,0.000725,0.095846,0.002288,0.196591,0.000401,0.120676,0.002544,7,84
diversity_coreset_selection,heldout_mechanism,force_limited_twist_policy,rare_contact_mechanism,0.477891,0.034319,0.460093,0.001524,0.361835,0.002805,0.156447,0.001511,0.093429,0.001292,0.198743,0.000929,0.119176,0.000742,7,84
diversity_coreset_selection,heldout_mechanism,mobile_place_policy,color_mechanism_confound,0.528912,0.025892,0.459237,0.003769,0.347770,0.003526,0.149956,0.001161,0.095563,0.001053,0.196247,0.000847,0.117537,0.002602,7,84
diversity_coreset_selection,heldout_mechanism,mobile_place_policy,compound_spurious_shift,0.442177,0.042731,0.444632,0.001447,0.384347,0.002824,0.165249,0.001129,0.097980,0.000836,0.200871,0.000591,0.126417,0.001934,7,84
diversity_coreset_selection,heldout_mechanism,mobile_place_policy,iid_mechanisms,0.547619,0.035642,0.466273,0.001331,0.335441,0.003590,0.142307,0.001189,0.093382,0.001048,0.193478,0.000812,0.114477,0.000622,7,84
diversity_coreset_selection,heldout_mechanism,mobile_place_policy,intervention_gap,0.500000,0.041366,0.444993,0.004786,0.369501,0.001037,0.159186,0.001388,0.095785,0.002880,0.200081,0.000754,0.123542,0.000689,7,84
diversity_coreset_selection,heldout_mechanism,mobile_place_policy,material_shift,0.522109,0.029876,0.449071,0.001331,0.353061,0.001018,0.155212,0.001503,0.093331,0.002241,0.197067,0.002542,0.121220,0.001904,7,84
diversity_coreset_selection,heldout_mechanism,mobile_place_policy,operator_bias_shift,0.455782,0.038682,0.446152,0.001395,0.361191,0.003558,0.155612,0.001389,0.094710,0.002045,0.197341,0.000887,0.121017,0.000655,7,84
diversity_coreset_selection,heldout_mechanism,mobile_place_policy,rare_contact_mechanism,0.448980,0.021430,0.448169,0.001434,0.362790,0.001095,0.156112,0.001207,0.094457,0.001093,0.197650,0.000822,0.122631,0.000728,7,84
diversity_coreset_selection,heldout_mechanism,peg_search_policy,color_mechanism_confound,0.552721,0.022111,0.438306,0.001434,0.348903,0.001095,0.147779,0.000793,0.091836,0.000752,0.194414,0.000648,0.119707,0.000728,7,84
diversity_coreset_selection,heldout_mechanism,peg_search_policy,compound_spurious_shift,0.452381,0.055777,0.423038,0.001421,0.379838,0.001085,0.163926,0.002020,0.095190,0.001621,0.199985,0.001003,0.125878,0.000722,7,84
diversity_coreset_selection,heldout_mechanism,peg_search_policy,iid_mechanisms,0.527211,0.036260,0.443287,0.001306,0.331603,0.000999,0.141250,0.000920,0.090549,0.000728,0.192203,0.000537,0.112110,0.000663,7,84
diversity_coreset_selection,heldout_mechanism,peg_search_policy,intervention_gap,0.457483,0.034854,0.430193,0.001331,0.371803,0.001018,0.159854,0.002262,0.095519,0.001296,0.197403,0.000941,0.119649,0.000676,7,84
diversity_coreset_selection,heldout_mechanism,peg_search_policy,material_shift,0.503401,0.042208,0.439805,0.003825,0.357798,0.000999,0.154661,0.001609,0.096511,0.001322,0.199205,0.000858,0.120133,0.000663,7,84
diversity_coreset_selection,heldout_mechanism,peg_search_policy,operator_bias_shift,0.520408,0.057317,0.431053,0.001370,0.363269,0.001047,0.156332,0.001982,0.092146,0.001570,0.199160,0.000953,0.122689,0.000695,7,84
diversity_coreset_selection,heldout_mechanism,peg_search_policy,rare_contact_mechanism,0.491497,0.040000,0.428198,0.001408,0.362929,0.003860,0.154933,0.001538,0.094291,0.002354,0.197253,0.000924,0.121835,0.000650,7,84
diversity_coreset_selection,heldout_object,contact_grasp_policy,color_mechanism_confound,0.549320,0.033555,0.468026,0.005147,0.339920,0.003845,0.149041,0.001238,0.094666,0.001939,0.195333,0.001876,0.113209,0.000663,7,84
diversity_coreset_selection,heldout_object,contact_grasp_policy,compound_spurious_shift,0.455782,0.031269,0.457714,0.001421,0.376288,0.001085,0.164385,0.001213,0.098218,0.001047,0.201028,0.000765,0.121945,0.002570,7,84
diversity_coreset_selection,heldout_object,contact_grasp_policy,iid_mechanisms,0.595238,0.033775,0.478179,0.001306,0.328215,0.000999,0.139889,0.001429,0.092288,0.001210,0.192707,0.000825,0.112861,0.000663,7,84
diversity_coreset_selection,heldout_object,contact_grasp_policy,intervention_gap,0.510204,0.046786,0.462166,0.003815,0.359365,0.003590,0.155761,0.001319,0.096767,0.001032,0.197744,0.000715,0.119940,0.000622,7,84
diversity_coreset_selection,heldout_object,contact_grasp_policy,material_shift,0.518707,0.031740,0.460617,0.001306,0.342134,0.000999,0.149330,0.002514,0.091596,0.001788,0.193196,0.001821,0.117078,0.002617,7,84
diversity_coreset_selection,heldout_object,contact_grasp_policy,operator_bias_shift,0.472789,0.037317,0.466370,0.001370,0.348193,0.001047,0.153319,0.002912,0.095902,0.000874,0.194172,0.001649,0.115461,0.000695,7,84
diversity_coreset_selection,heldout_object,contact_grasp_policy,rare_contact_mechanism,0.530612,0.049065,0.464787,0.001408,0.355667,0.001075,0.155036,0.001447,0.095122,0.001129,0.198895,0.000722,0.117656,0.002369,7,84
diversity_coreset_selection,heldout_object,deformable_pull_policy,color_mechanism_confound,0.527211,0.021430,0.471817,0.001460,0.339820,0.001114,0.149662,0.000543,0.092108,0.002589,0.195600,0.001921,0.114062,0.000741,7,84
diversity_coreset_selection,heldout_object,deformable_pull_policy,compound_spurious_shift,0.404762,0.028350,0.466790,0.003774,0.371575,0.003532,0.164786,0.000994,0.099849,0.000833,0.200796,0.000685,0.121936,0.002607,7,84
diversity_coreset_selection,heldout_object,deformable_pull_policy,iid_mechanisms,0.549320,0.042426,0.482218,0.005228,0.323155,0.002854,0.141026,0.001538,0.093618,0.001836,0.193336,0.000790,0.113759,0.000644,7,84
diversity_coreset_selection,heldout_object,deformable_pull_policy,intervention_gap,0.430272,0.042731,0.464784,0.001357,0.363530,0.001037,0.160093,0.001197,0.094008,0.000939,0.200290,0.000632,0.122561,0.000689,7,84
diversity_coreset_selection,heldout_object,deformable_pull_policy,material_shift,0.474490,0.051783,0.473803,0.001331,0.347366,0.001018,0.151084,0.003212,0.093289,0.001417,0.192665,0.000915,0.115854,0.002395,7,84
diversity_coreset_selection,heldout_object,deformable_pull_policy,operator_bias_shift,0.462585,0.038921,0.471428,0.001395,0.349043,0.002837,0.154278,0.001064,0.093794,0.000811,0.197241,0.000592,0.120394,0.000677,7,84
diversity_coreset_selection,heldout_object,deformable_pull_policy,rare_contact_mechanism,0.479592,0.033278,0.474573,0.001434,0.358349,0.001095,0.155129,0.000966,0.096206,0.000818,0.197875,0.000637,0.119264,0.002565,7,84
diversity_coreset_selection,heldout_object,force_limited_twist_policy,color_mechanism_confound,0.549320,0.052033,0.472885,0.005087,0.342703,0.001152,0.146293,0.002423,0.094566,0.001759,0.191305,0.001002,0.116402,0.002334,7,84
diversity_coreset_selection,heldout_object,force_limited_twist_policy,compound_spurious_shift,0.493197,0.033720,0.457390,0.001498,0.371752,0.003507,0.163164,0.000676,0.094613,0.000479,0.200894,0.000515,0.121285,0.000707,7,84
diversity_coreset_selection,heldout_object,force_limited_twist_policy,iid_mechanisms,0.561224,0.017213,0.479223,0.001383,0.322990,0.002840,0.141450,0.000901,0.090939,0.000866,0.193971,0.000739,0.112875,0.002600,7,84
diversity_coreset_selection,heldout_object,force_limited_twist_policy,intervention_gap,0.501701,0.038921,0.459857,0.001408,0.358486,0.002834,0.154019,0.001035,0.093186,0.001861,0.195934,0.000664,0.120633,0.000683,7,84
diversity_coreset_selection,heldout_object,force_limited_twist_policy,material_shift,0.535714,0.038442,0.470808,0.005188,0.347200,0.001056,0.147742,0.001899,0.095115,0.002506,0.192806,0.000622,0.116113,0.000702,7,84
diversity_coreset_selection,heldout_object,force_limited_twist_policy,operator_bias_shift,0.549320,0.034319,0.463604,0.003774,0.348687,0.001104,0.153461,0.001510,0.093983,0.002444,0.197000,0.001777,0.115948,0.000735,7,84
diversity_coreset_selection,heldout_object,force_limited_twist_policy,rare_contact_mechanism,0.530612,0.046068,0.463852,0.004701,0.355819,0.001133,0.152650,0.001688,0.094342,0.002525,0.196543,0.000913,0.117909,0.002343,7,84
diversity_coreset_selection,heldout_object,mobile_place_policy,color_mechanism_confound,0.534014,0.064693,0.458045,0.001421,0.338286,0.001085,0.146066,0.001632,0.091432,0.001161,0.193270,0.000627,0.117259,0.000722,7,84
diversity_coreset_selection,heldout_object,mobile_place_policy,compound_spurious_shift,0.435374,0.038730,0.441993,0.001408,0.370348,0.002834,0.161843,0.001528,0.094377,0.001317,0.198432,0.000939,0.123056,0.000683,7,84
diversity_coreset_selection,heldout_object,mobile_place_policy,iid_mechanisms,0.551020,0.045745,0.467964,0.004830,0.328120,0.000989,0.142338,0.002675,0.094468,0.001293,0.191959,0.002793,0.114532,0.000656,7,84
diversity_coreset_selection,heldout_object,mobile_place_policy,intervention_gap,0.477891,0.037218,0.454285,0.003820,0.361020,0.003914,0.157990,0.001253,0.097637,0.000985,0.199188,0.000697,0.120519,0.000604,7,84
diversity_coreset_selection,heldout_object,mobile_place_policy,material_shift,0.517007,0.034854,0.454975,0.001293,0.342039,0.000989,0.148216,0.001199,0.091568,0.000996,0.194309,0.000693,0.114175,0.000656,7,84
diversity_coreset_selection,heldout_object,mobile_place_policy,operator_bias_shift,0.477891,0.019341,0.455128,0.001357,0.352474,0.003577,0.155203,0.002762,0.094415,0.000669,0.195848,0.002697,0.116689,0.002405,7,84
diversity_coreset_selection,heldout_object,mobile_place_policy,rare_contact_mechanism,0.474490,0.045092,0.450185,0.001395,0.355713,0.003868,0.154515,0.001100,0.092887,0.000850,0.197216,0.000656,0.120566,0.000644,7,84
diversity_coreset_selection,heldout_object,peg_search_policy,color_mechanism_confound,0.549320,0.034694,0.439662,0.001395,0.339738,0.003868,0.146601,0.001271,0.090485,0.001143,0.193979,0.000897,0.117323,0.000644,7,84
diversity_coreset_selection,heldout_object,peg_search_policy,compound_spurious_shift,0.430272,0.049740,0.425234,0.001383,0.373018,0.003876,0.163882,0.001502,0.094783,0.001209,0.200157,0.000841,0.123951,0.000637,7,84
diversity_coreset_selection,heldout_object,peg_search_policy,iid_mechanisms,0.574830,0.037317,0.452100,0.003839,0.324601,0.000970,0.138980,0.002909,0.093059,0.000993,0.189269,0.001973,0.114632,0.000643,7,84
diversity_coreset_selection,heldout_object,peg_search_policy,intervention_gap,0.479592,0.055008,0.435173,0.001293,0.360210,0.000989,0.157278,0.001468,0.095300,0.001080,0.198525,0.000621,0.119038,0.000656,7,84
diversity_coreset_selection,heldout_object,peg_search_policy,material_shift,0.544218,0.030429,0.436825,0.001267,0.347096,0.003622,0.148745,0.001036,0.090625,0.000923,0.195015,0.000739,0.114412,0.000589,7,84
diversity_coreset_selection,heldout_object,peg_search_policy,operator_bias_shift,0.535714,0.024944,0.438005,0.005228,0.348010,0.002854,0.152421,0.000469,0.096271,0.000442,0.196761,0.000507,0.118431,0.000644,7,84
diversity_coreset_selection,heldout_object,peg_search_policy,rare_contact_mechanism,0.489796,0.010715,0.435051,0.001370,0.356171,0.003570,0.156609,0.000485,0.093623,0.000588,0.198406,0.001935,0.118807,0.002639,7,84
diversity_coreset_selection,small_budget,contact_grasp_policy,color_mechanism_confound,0.603741,0.036616,0.468592,0.001408,0.328344,0.001075,0.141388,0.001611,0.089060,0.001366,0.190946,0.000926,0.114698,0.000715,7,84
diversity_coreset_selection,small_budget,contact_grasp_policy,compound_spurious_shift,0.522109,0.050516,0.451980,0.001395,0.363416,0.003868,0.156571,0.001793,0.093742,0.002142,0.195658,0.000988,0.120263,0.000644,7,84
diversity_coreset_selection,small_budget,contact_grasp_policy,iid_mechanisms,0.579932,0.038006,0.473045,0.001280,0.315793,0.003937,0.134853,0.001274,0.088785,0.002194,0.188453,0.000756,0.108056,0.001935,7,84
diversity_coreset_selection,small_budget,contact_grasp_policy,intervention_gap,0.534014,0.040870,0.457525,0.003825,0.350744,0.003603,0.154619,0.002698,0.094239,0.003360,0.195634,0.002918,0.120016,0.000609,7,84
diversity_coreset_selection,small_budget,contact_grasp_policy,material_shift,0.535714,0.030972,0.471250,0.001280,0.336393,0.000979,0.148212,0.001095,0.093512,0.000929,0.195360,0.000668,0.114546,0.000649,7,84
diversity_coreset_selection,small_budget,contact_grasp_policy,operator_bias_shift,0.561224,0.022443,0.468379,0.001344,0.342845,0.003898,0.146916,0.001981,0.092918,0.000486,0.191309,0.000607,0.113198,0.000617,7,84
diversity_coreset_selection,small_budget,contact_grasp_policy,rare_contact_mechanism,0.506803,0.043162,0.462156,0.001383,0.346839,0.003876,0.151740,0.001111,0.092128,0.000823,0.195978,0.000608,0.118733,0.000637,7,84
diversity_coreset_selection,small_budget,deformable_pull_policy,color_mechanism_confound,0.528912,0.026387,0.478425,0.001434,0.330902,0.001095,0.143331,0.002346,0.090727,0.000793,0.190137,0.000664,0.113983,0.000728,7,84
diversity_coreset_selection,small_budget,deformable_pull_policy,compound_spurious_shift,0.462585,0.036515,0.462524,0.003783,0.363077,0.003545,0.161652,0.002507,0.096689,0.002810,0.197339,0.002716,0.118714,0.000668,7,84
diversity_coreset_selection,small_budget,deformable_pull_policy,iid_mechanisms,0.576531,0.023254,0.483126,0.001306,0.313392,0.000999,0.134454,0.001987,0.088833,0.002055,0.187054,0.000599,0.109673,0.002617,7,84
diversity_coreset_selection,small_budget,deformable_pull_policy,intervention_gap,0.467687,0.016667,0.468472,0.001331,0.352422,0.001018,0.156805,0.002184,0.092845,0.000815,0.196440,0.002638,0.117557,0.002606,7,84
diversity_coreset_selection,small_budget,deformable_pull_policy,material_shift,0.545918,0.035066,0.481332,0.001306,0.339137,0.000999,0.146596,0.001196,0.093395,0.000994,0.193825,0.000693,0.113959,0.000663,7,84
diversity_coreset_selection,small_budget,deformable_pull_policy,operator_bias_shift,0.455782,0.046865,0.470333,0.001370,0.344638,0.001047,0.151504,0.001470,0.094819,0.002811,0.194871,0.000749,0.116535,0.000695,7,84
diversity_coreset_selection,small_budget,deformable_pull_policy,rare_contact_mechanism,0.506803,0.039063,0.468838,0.001408,0.347033,0.003860,0.148565,0.000951,0.093762,0.003338,0.192845,0.000557,0.116405,0.000650,7,84
diversity_coreset_selection,small_budget,force_limited_twist_policy,color_mechanism_confound,0.564626,0.031740,0.479117,0.001485,0.328429,0.001133,0.143601,0.003301,0.092767,0.000530,0.190114,0.001838,0.114932,0.000754,7,84
diversity_coreset_selection,small_budget,force_limited_twist_policy,compound_spurious_shift,0.503401,0.048228,0.457321,0.001472,0.366474,0.001123,0.160347,0.001581,0.093503,0.002026,0.198891,0.000829,0.117953,0.000748,7,84
diversity_coreset_selection,small_budget,force_limited_twist_policy,iid_mechanisms,0.608844,0.026176,0.479754,0.001357,0.319877,0.001037,0.137951,0.000745,0.088272,0.000672,0.190751,0.001917,0.111020,0.002386,7,84
diversity_coreset_selection,small_budget,force_limited_twist_policy,intervention_gap,0.540816,0.027352,0.470029,0.003796,0.352313,0.001056,0.153110,0.002610,0.095557,0.000753,0.194188,0.002497,0.115546,0.000702,7,84
diversity_coreset_selection,small_budget,force_limited_twist_policy,material_shift,0.568027,0.051604,0.477959,0.001357,0.333617,0.001037,0.142758,0.001823,0.093322,0.001461,0.190762,0.000910,0.112827,0.000689,7,84
diversity_coreset_selection,small_budget,force_limited_twist_policy,operator_bias_shift,0.527211,0.036968,0.468992,0.001421,0.340641,0.001085,0.147301,0.001623,0.091376,0.001376,0.192331,0.000933,0.116443,0.000722,7,84
diversity_coreset_selection,small_budget,force_limited_twist_policy,rare_contact_mechanism,0.557823,0.042731,0.466887,0.004718,0.344294,0.001114,0.150468,0.001154,0.093120,0.002909,0.195922,0.000643,0.113742,0.000741,7,84
diversity_coreset_selection,small_budget,mobile_place_policy,color_mechanism_confound,0.566327,0.037019,0.463119,0.005178,0.333583,0.001066,0.142930,0.003033,0.093617,0.001660,0.189091,0.000735,0.111987,0.000708,7,84
diversity_coreset_selection,small_budget,mobile_place_policy,compound_spurious_shift,0.457483,0.025386,0.452201,0.003796,0.364349,0.001056,0.160353,0.002712,0.098244,0.000885,0.195779,0.001903,0.118043,0.000702,7,84
diversity_coreset_selection,small_budget,mobile_place_policy,iid_mechanisms,0.561224,0.056339,0.469625,0.001267,0.312281,0.000970,0.138578,0.001379,0.090388,0.000969,0.192011,0.000522,0.109662,0.000643,7,84
diversity_coreset_selection,small_budget,mobile_place_policy,intervention_gap,0.479592,0.032088,0.449579,0.001293,0.348982,0.002865,0.151548,0.001036,0.092803,0.001940,0.193855,0.000686,0.115956,0.002442,7,84
diversity_coreset_selection,small_budget,mobile_place_policy,material_shift,0.542517,0.059129,0.460970,0.005279,0.338026,0.000970,0.144646,0.002275,0.094348,0.002425,0.190659,0.000694,0.115091,0.002417,7,84
diversity_coreset_selection,small_budget,mobile_place_policy,operator_bias_shift,0.506803,0.020905,0.459359,0.001331,0.345423,0.001018,0.148164,0.001175,0.093644,0.001056,0.192424,0.000782,0.113244,0.000676,7,84
diversity_coreset_selection,small_budget,mobile_place_policy,rare_contact_mechanism,0.518707,0.044638,0.454350,0.004778,0.346897,0.001047,0.150299,0.001681,0.094171,0.002515,0.194750,0.000893,0.117060,0.000695,7,84
diversity_coreset_selection,small_budget,peg_search_policy,color_mechanism_confound,0.561224,0.033166,0.443389,0.004778,0.332382,0.001047,0.143242,0.000599,0.092309,0.002860,0.191640,0.000453,0.113648,0.000695,7,84
diversity_coreset_selection,small_budget,peg_search_policy,compound_spurious_shift,0.481293,0.023254,0.429521,0.004786,0.364367,0.001037,0.159545,0.001012,0.096001,0.002714,0.197708,0.000705,0.120536,0.000689,7,84
diversity_coreset_selection,small_budget,peg_search_policy,iid_mechanisms,0.600340,0.027822,0.454700,0.001242,0.314685,0.003635,0.135627,0.003123,0.090529,0.000733,0.186231,0.000637,0.111497,0.000576,7,84
diversity_coreset_selection,small_budget,peg_search_policy,intervention_gap,0.534014,0.028545,0.431406,0.001267,0.355810,0.000970,0.151375,0.001284,0.093622,0.002465,0.194301,0.000776,0.116238,0.002417,7,84
diversity_coreset_selection,small_budget,peg_search_policy,material_shift,0.559524,0.015275,0.439185,0.003849,0.337000,0.000951,0.145565,0.000812,0.092756,0.002463,0.193103,0.000627,0.112297,0.001921,7,84
diversity_coreset_selection,small_budget,peg_search_policy,operator_bias_shift,0.530612,0.054331,0.436315,0.001306,0.338306,0.000999,0.148998,0.002392,0.092211,0.003144,0.191884,0.002237,0.115441,0.002617,7,84
diversity_coreset_selection,small_budget,peg_search_policy,rare_contact_mechanism,0.505102,0.045216,0.437868,0.001344,0.348133,0.001027,0.152649,0.002488,0.092578,0.001223,0.193292,0.002388,0.115810,0.002601,7,84
failure_mining_selection,clean_budget,contact_grasp_policy,color_mechanism_confound,0.600340,0.049329,0.498643,0.001370,0.287888,0.003883,0.125694,0.002733,0.083187,0.001379,0.221889,0.002383,0.101505,0.002431,7,84
failure_mining_selection,clean_budget,contact_grasp_policy,compound_spurious_shift,0.547619,0.019720,0.482871,0.001357,0.321157,0.002847,0.142599,0.000965,0.085464,0.000876,0.229019,0.002487,0.109748,0.002619,7,84
failure_mining_selection,clean_budget,contact_grasp_policy,iid_mechanisms,0.687075,0.027756,0.501406,0.004865,0.273450,0.000951,0.114874,0.000397,0.081819,0.002724,0.219733,0.000386,0.097419,0.001921,7,84
failure_mining_selection,clean_budget,contact_grasp_policy,intervention_gap,0.593537,0.047610,0.488914,0.001267,0.304564,0.002872,0.133903,0.001749,0.083843,0.001444,0.227760,0.000948,0.106257,0.000611,7,84
failure_mining_selection,clean_budget,contact_grasp_policy,material_shift,0.629252,0.045379,0.494678,0.001242,0.297404,0.000951,0.127536,0.002815,0.082140,0.001290,0.223165,0.002494,0.103782,0.000630,7,84
failure_mining_selection,clean_budget,contact_grasp_policy,operator_bias_shift,0.600340,0.049065,0.494879,0.001306,0.298934,0.000999,0.129088,0.001342,0.084169,0.001014,0.224625,0.000624,0.103891,0.000663,7,84
failure_mining_selection,clean_budget,contact_grasp_policy,rare_contact_mechanism,0.576531,0.052880,0.493130,0.004795,0.300774,0.003583,0.130518,0.001502,0.087012,0.001118,0.225508,0.000700,0.105912,0.000629,7,84
failure_mining_selection,clean_budget,deformable_pull_policy,color_mechanism_confound,0.591837,0.036260,0.503843,0.001395,0.290082,0.003558,0.124402,0.001357,0.082100,0.001649,0.222572,0.000816,0.104069,0.000655,7,84
failure_mining_selection,clean_budget,deformable_pull_policy,compound_spurious_shift,0.481293,0.022690,0.491069,0.004769,0.320454,0.001056,0.139779,0.001098,0.089126,0.002422,0.227205,0.000753,0.109191,0.000702,7,84
failure_mining_selection,clean_budget,deformable_pull_policy,iid_mechanisms,0.615646,0.037317,0.518288,0.001267,0.272400,0.000970,0.117670,0.003059,0.083389,0.000742,0.218882,0.002607,0.101198,0.000643,7,84
failure_mining_selection,clean_budget,deformable_pull_policy,intervention_gap,0.510204,0.032773,0.497514,0.001293,0.304163,0.000989,0.134100,0.001443,0.084808,0.001227,0.226317,0.000836,0.104763,0.000656,7,84
failure_mining_selection,clean_budget,deformable_pull_policy,material_shift,0.544218,0.044012,0.500126,0.001267,0.296354,0.000970,0.127310,0.001770,0.084945,0.002215,0.223594,0.000926,0.101845,0.001916,7,84
failure_mining_selection,clean_budget,deformable_pull_policy,operator_bias_shift,0.545918,0.054705,0.508206,0.001331,0.300364,0.003590,0.130902,0.001540,0.087080,0.001113,0.225258,0.000658,0.104790,0.000622,7,84
failure_mining_selection,clean_budget,deformable_pull_policy,rare_contact_mechanism,0.571429,0.036362,0.499751,0.001370,0.305749,0.001047,0.133447,0.001093,0.083487,0.000898,0.226868,0.001753,0.106945,0.002382,7,84
failure_mining_selection,clean_budget,force_limited_twist_policy,color_mechanism_confound,0.624150,0.030062,0.502814,0.005137,0.288182,0.003838,0.125117,0.000871,0.085702,0.000793,0.224057,0.000720,0.100790,0.001901,7,84
failure_mining_selection,clean_budget,force_limited_twist_policy,compound_spurious_shift,0.561224,0.039581,0.488719,0.001434,0.319278,0.001095,0.137308,0.001526,0.085233,0.001275,0.226410,0.000865,0.110980,0.000728,7,84
failure_mining_selection,clean_budget,force_limited_twist_policy,iid_mechanisms,0.681973,0.020817,0.504048,0.001319,0.270882,0.001008,0.115358,0.002372,0.079538,0.002446,0.217995,0.002414,0.100467,0.002400,7,84
failure_mining_selection,clean_budget,force_limited_twist_policy,intervention_gap,0.574830,0.036616,0.490490,0.001344,0.308057,0.001027,0.135799,0.001629,0.082741,0.001376,0.226768,0.002170,0.107726,0.002391,7,84
failure_mining_selection,clean_budget,force_limited_twist_policy,material_shift,0.610544,0.035901,0.501893,0.001319,0.294836,0.001008,0.124998,0.001096,0.083380,0.000898,0.222707,0.000637,0.102257,0.000669,7,84
failure_mining_selection,clean_budget,force_limited_twist_policy,operator_bias_shift,0.630952,0.037417,0.495999,0.001383,0.300370,0.003564,0.129143,0.001150,0.081670,0.000897,0.225199,0.000659,0.106242,0.001928,7,84
failure_mining_selection,clean_budget,force_limited_twist_policy,rare_contact_mechanism,0.598639,0.039347,0.498367,0.001421,0.301867,0.001085,0.130578,0.001191,0.084443,0.000971,0.225939,0.000686,0.105744,0.002570,7,84
failure_mining_selection,clean_budget,mobile_place_policy,color_mechanism_confound,0.574830,0.059317,0.487347,0.001357,0.290597,0.001037,0.127250,0.002712,0.082237,0.000936,0.222760,0.002868,0.102747,0.002596,7,84
failure_mining_selection,clean_budget,mobile_place_policy,compound_spurious_shift,0.557823,0.039907,0.472695,0.001344,0.319560,0.001027,0.142221,0.001313,0.084093,0.001069,0.228949,0.002706,0.110338,0.002391,7,84
failure_mining_selection,clean_budget,mobile_place_policy,iid_mechanisms,0.647959,0.036311,0.496736,0.001229,0.277698,0.000941,0.114535,0.002246,0.080964,0.000514,0.217192,0.000418,0.100855,0.000623,7,84
failure_mining_selection,clean_budget,mobile_place_policy,intervention_gap,0.549320,0.040231,0.484291,0.003844,0.305417,0.000960,0.131233,0.001280,0.087429,0.001026,0.224150,0.000675,0.108519,0.001919,7,84
failure_mining_selection,clean_budget,mobile_place_policy,material_shift,0.579932,0.042208,0.487721,0.005310,0.289646,0.000941,0.126723,0.001556,0.086758,0.001267,0.224157,0.000809,0.102453,0.002431,7,84
failure_mining_selection,clean_budget,mobile_place_policy,operator_bias_shift,0.552721,0.058910,0.489183,0.001293,0.298982,0.000989,0.132792,0.001590,0.086497,0.001165,0.226230,0.002280,0.105604,0.000656,7,84
failure_mining_selection,clean_budget,mobile_place_policy,rare_contact_mechanism,0.552721,0.037367,0.488647,0.001331,0.303447,0.003590,0.131998,0.001175,0.087142,0.001014,0.226338,0.000781,0.105987,0.000622,7,84
failure_mining_selection,clean_budget,peg_search_policy,color_mechanism_confound,0.610544,0.038682,0.477019,0.001331,0.291450,0.002854,0.124334,0.001712,0.084714,0.001459,0.222789,0.000997,0.102335,0.000644,7,84
failure_mining_selection,clean_budget,peg_search_policy,compound_spurious_shift,0.503401,0.044305,0.463991,0.001319,0.321631,0.002858,0.141756,0.001407,0.089374,0.001103,0.229548,0.000725,0.109614,0.000638,7,84
failure_mining_selection,clean_budget,peg_search_policy,iid_mechanisms,0.654762,0.041988,0.479779,0.005331,0.275295,0.003983,0.118107,0.001497,0.084411,0.001241,0.222200,0.000855,0.097077,0.000546,7,84
failure_mining_selection,clean_budget,peg_search_policy,intervention_gap,0.532313,0.029565,0.461800,0.004873,0.305723,0.000941,0.135215,0.001083,0.086417,0.002658,0.227772,0.000658,0.104304,0.000623,7,84
failure_mining_selection,clean_budget,peg_search_policy,material_shift,0.603741,0.041276,0.468477,0.001203,0.292388,0.000922,0.124402,0.002764,0.081687,0.001278,0.220991,0.000818,0.104474,0.000610,7,84
failure_mining_selection,clean_budget,peg_search_policy,operator_bias_shift,0.549320,0.042120,0.470967,0.001267,0.295634,0.000970,0.132549,0.002834,0.085826,0.001252,0.223850,0.002615,0.105754,0.000643,7,84
failure_mining_selection,clean_budget,peg_search_policy,rare_contact_mechanism,0.559524,0.038778,0.465559,0.001306,0.299875,0.000999,0.130142,0.001306,0.083726,0.001067,0.224850,0.000719,0.103698,0.000663,7,84
failure_mining_selection,combined_stress,contact_grasp_policy,color_mechanism_confound,0.554422,0.032146,0.478429,0.001408,0.330744,0.001075,0.141088,0.001563,0.085945,0.001346,0.234548,0.000929,0.118596,0.001890,7,84
failure_mining_selection,combined_stress,contact_grasp_policy,compound_spurious_shift,0.418367,0.057703,0.461816,0.001395,0.361667,0.003558,0.157633,0.002201,0.089365,0.001796,0.239804,0.001151,0.125239,0.000655,7,84
failure_mining_selection,combined_stress,contact_grasp_policy,iid_mechanisms,0.603741,0.032489,0.482882,0.001280,0.317573,0.003616,0.132318,0.001000,0.082907,0.000890,0.231324,0.000724,0.111945,0.000596,7,84
failure_mining_selection,combined_stress,contact_grasp_policy,intervention_gap,0.494898,0.036311,0.465076,0.001306,0.348132,0.000999,0.150256,0.003154,0.088213,0.002428,0.235703,0.001755,0.121548,0.002617,7,84
failure_mining_selection,combined_stress,contact_grasp_policy,material_shift,0.528912,0.055511,0.481087,0.001280,0.338367,0.000979,0.146609,0.001989,0.089453,0.001584,0.235106,0.002568,0.119582,0.000649,7,84
failure_mining_selection,combined_stress,contact_grasp_policy,operator_bias_shift,0.545918,0.036158,0.478216,0.001344,0.342738,0.003898,0.144288,0.001424,0.088895,0.001218,0.234571,0.000889,0.118200,0.000617,7,84
failure_mining_selection,combined_stress,contact_grasp_policy,rare_contact_mechanism,0.522109,0.036515,0.471993,0.001383,0.346368,0.003876,0.149315,0.000890,0.087492,0.000692,0.238934,0.000595,0.121443,0.002410,7,84
failure_mining_selection,combined_stress,deformable_pull_policy,color_mechanism_confound,0.481293,0.026387,0.488010,0.001434,0.333863,0.001095,0.141872,0.001317,0.087528,0.001164,0.233868,0.000848,0.119217,0.000728,7,84
failure_mining_selection,combined_stress,deformable_pull_policy,compound_spurious_shift,0.380952,0.043801,0.469822,0.001421,0.360175,0.001085,0.159689,0.002939,0.091647,0.002618,0.239123,0.002074,0.123854,0.000722,7,84
failure_mining_selection,combined_stress,deformable_pull_policy,iid_mechanisms,0.513605,0.032773,0.492711,0.001306,0.317449,0.000999,0.133526,0.001174,0.084866,0.000989,0.230939,0.000701,0.111495,0.000663,7,84
failure_mining_selection,combined_stress,deformable_pull_policy,intervention_gap,0.448980,0.043419,0.478057,0.001331,0.353802,0.001018,0.152090,0.002840,0.088817,0.001001,0.236452,0.002054,0.120479,0.002395,7,84
failure_mining_selection,combined_stress,deformable_pull_policy,material_shift,0.494898,0.036667,0.490917,0.001306,0.341673,0.000999,0.146356,0.000887,0.090322,0.000692,0.237590,0.000515,0.119186,0.000663,7,84
failure_mining_selection,combined_stress,deformable_pull_policy,operator_bias_shift,0.440476,0.030123,0.479918,0.001370,0.346808,0.001047,0.150168,0.001219,0.088666,0.001808,0.238279,0.000761,0.121757,0.000695,7,84
failure_mining_selection,combined_stress,deformable_pull_policy,rare_contact_mechanism,0.447279,0.046627,0.478423,0.001408,0.347123,0.003860,0.148421,0.001311,0.088492,0.001819,0.236696,0.000685,0.121594,0.000650,7,84
failure_mining_selection,combined_stress,force_limited_twist_policy,color_mechanism_confound,0.527211,0.035538,0.486531,0.003761,0.331132,0.001133,0.139533,0.001030,0.089197,0.000865,0.232532,0.000664,0.118934,0.001876,7,84
failure_mining_selection,combined_stress,force_limited_twist_policy,compound_spurious_shift,0.408163,0.044012,0.467022,0.001472,0.366743,0.001123,0.161285,0.001053,0.090162,0.000804,0.241887,0.002131,0.123059,0.000748,7,84
failure_mining_selection,combined_stress,force_limited_twist_policy,iid_mechanisms,0.603741,0.043419,0.489455,0.001357,0.321960,0.002847,0.135160,0.003258,0.084111,0.001376,0.231702,0.002532,0.113869,0.002611,7,84
failure_mining_selection,combined_stress,force_limited_twist_policy,intervention_gap,0.440476,0.038103,0.475157,0.005188,0.353434,0.001056,0.150826,0.001620,0.093298,0.000998,0.236092,0.000754,0.120666,0.000702,7,84
failure_mining_selection,combined_stress,force_limited_twist_policy,material_shift,0.523810,0.054840,0.483087,0.004786,0.335893,0.001037,0.142297,0.001367,0.090090,0.000985,0.234392,0.000572,0.117966,0.000689,7,84
failure_mining_selection,combined_stress,force_limited_twist_policy,operator_bias_shift,0.474490,0.038586,0.478694,0.001421,0.342553,0.001085,0.147071,0.001466,0.088316,0.001226,0.236046,0.000838,0.121576,0.000722,7,84
failure_mining_selection,combined_stress,force_limited_twist_policy,rare_contact_mechanism,0.476190,0.041051,0.472015,0.001460,0.345840,0.001114,0.151082,0.001429,0.088388,0.002124,0.238782,0.002180,0.118869,0.000741,7,84
failure_mining_selection,combined_stress,mobile_place_policy,color_mechanism_confound,0.486395,0.032375,0.468479,0.004761,0.335766,0.001066,0.141247,0.001111,0.088736,0.003017,0.232943,0.000700,0.116955,0.000708,7,84
failure_mining_selection,combined_stress,mobile_place_policy,compound_spurious_shift,0.391156,0.036868,0.457561,0.005188,0.364099,0.001056,0.158103,0.002393,0.094115,0.001397,0.238351,0.000772,0.122973,0.000702,7,84
failure_mining_selection,combined_stress,mobile_place_policy,iid_mechanisms,0.537415,0.047062,0.479559,0.001267,0.315559,0.000970,0.137569,0.001928,0.086750,0.001581,0.231872,0.002336,0.114648,0.000643,7,84
failure_mining_selection,combined_stress,mobile_place_policy,intervention_gap,0.457483,0.036311,0.459513,0.001293,0.347868,0.000989,0.150203,0.001023,0.087814,0.000823,0.237129,0.000586,0.118585,0.000656,7,84
failure_mining_selection,combined_stress,mobile_place_policy,material_shift,0.489796,0.032375,0.466330,0.004847,0.339784,0.000970,0.143262,0.001200,0.088926,0.002788,0.234238,0.000706,0.117766,0.002632,7,84
failure_mining_selection,combined_stress,mobile_place_policy,operator_bias_shift,0.481293,0.054092,0.469293,0.001331,0.346815,0.001018,0.147084,0.001664,0.089970,0.001288,0.235732,0.000777,0.118200,0.000676,7,84
failure_mining_selection,combined_stress,mobile_place_policy,rare_contact_mechanism,0.437075,0.067495,0.459710,0.001370,0.347925,0.001047,0.150879,0.001846,0.089419,0.002689,0.238619,0.000730,0.122010,0.000695,7,84
failure_mining_selection,combined_stress,peg_search_policy,color_mechanism_confound,0.493197,0.020276,0.448865,0.001370,0.334306,0.001047,0.143472,0.000636,0.087296,0.002443,0.235306,0.000581,0.118528,0.000695,7,84
failure_mining_selection,combined_stress,peg_search_policy,compound_spurious_shift,0.425170,0.053333,0.434997,0.001357,0.363858,0.001037,0.159260,0.002087,0.090634,0.001731,0.241254,0.001053,0.125377,0.000689,7,84
failure_mining_selection,combined_stress,peg_search_policy,iid_mechanisms,0.552721,0.033720,0.464750,0.001242,0.314274,0.000951,0.131662,0.001382,0.087061,0.001163,0.229692,0.000785,0.116339,0.000630,7,84
failure_mining_selection,combined_stress,peg_search_policy,intervention_gap,0.455782,0.058878,0.441456,0.001267,0.352722,0.003622,0.151585,0.001971,0.088636,0.001364,0.238069,0.000890,0.118751,0.000589,7,84
failure_mining_selection,combined_stress,peg_search_policy,material_shift,0.464286,0.024944,0.446948,0.001242,0.338498,0.000951,0.146584,0.001247,0.088320,0.002206,0.237040,0.000773,0.116027,0.000630,7,84
failure_mining_selection,combined_stress,peg_search_policy,operator_bias_shift,0.486395,0.027148,0.446365,0.001306,0.339439,0.000999,0.145032,0.001129,0.086442,0.000985,0.234168,0.000720,0.116877,0.001909,7,84
failure_mining_selection,combined_stress,peg_search_policy,rare_contact_mechanism,0.447279,0.026387,0.447918,0.001344,0.348901,0.001027,0.149067,0.002883,0.089378,0.000877,0.234568,0.000697,0.117241,0.000682,7,84
failure_mining_selection,heldout_mechanism,contact_grasp_policy,color_mechanism_confound,0.564626,0.041006,0.485768,0.001434,0.316824,0.001095,0.133845,0.001476,0.084963,0.001220,0.228911,0.000827,0.113745,0.000728,7,84
failure_mining_selection,heldout_mechanism,contact_grasp_policy,compound_spurious_shift,0.482993,0.037367,0.468595,0.001421,0.343897,0.001085,0.149371,0.002383,0.086819,0.000422,0.233344,0.000425,0.118902,0.000722,7,84
failure_mining_selection,heldout_mechanism,contact_grasp_policy,iid_mechanisms,0.583333,0.057831,0.489061,0.001306,0.299353,0.000999,0.125134,0.001458,0.081811,0.001041,0.225414,0.000571,0.107589,0.002404,7,84
failure_mining_selection,heldout_mechanism,contact_grasp_policy,intervention_gap,0.489796,0.036868,0.475335,0.001331,0.336402,0.001018,0.145075,0.003544,0.086911,0.000823,0.231680,0.001986,0.114761,0.002395,7,84
failure_mining_selection,heldout_mechanism,contact_grasp_policy,material_shift,0.556122,0.066137,0.487506,0.001306,0.323758,0.000999,0.138351,0.002232,0.087586,0.001739,0.232270,0.001006,0.113116,0.000663,7,84
failure_mining_selection,heldout_mechanism,contact_grasp_policy,operator_bias_shift,0.513605,0.053264,0.477251,0.001370,0.329451,0.001047,0.142214,0.001917,0.086087,0.002227,0.233212,0.000954,0.116067,0.000695,7,84
failure_mining_selection,heldout_mechanism,contact_grasp_policy,rare_contact_mechanism,0.501701,0.019341,0.475668,0.001408,0.329700,0.003860,0.140979,0.000958,0.086272,0.001836,0.231772,0.000787,0.115859,0.000650,7,84
failure_mining_selection,heldout_mechanism,deformable_pull_policy,color_mechanism_confound,0.542517,0.049591,0.498627,0.001460,0.318583,0.003526,0.134586,0.001397,0.087051,0.001112,0.229225,0.000790,0.113542,0.001914,7,84
failure_mining_selection,heldout_mechanism,deformable_pull_policy,compound_spurious_shift,0.464286,0.040092,0.479879,0.001447,0.347905,0.001104,0.151656,0.002851,0.088222,0.001195,0.233978,0.001617,0.119091,0.000735,7,84
failure_mining_selection,heldout_mechanism,deformable_pull_policy,iid_mechanisms,0.539116,0.031681,0.502168,0.001331,0.304729,0.001018,0.126898,0.001275,0.084653,0.001089,0.226072,0.000767,0.106424,0.000676,7,84
failure_mining_selection,heldout_mechanism,deformable_pull_policy,intervention_gap,0.440476,0.041366,0.491594,0.001357,0.332136,0.001037,0.144511,0.001072,0.090954,0.000831,0.232822,0.000577,0.115018,0.000689,7,84
failure_mining_selection,heldout_mechanism,deformable_pull_policy,material_shift,0.498299,0.025676,0.493753,0.005228,0.320557,0.003590,0.139965,0.000879,0.090391,0.000762,0.233064,0.000649,0.114101,0.000622,7,84
failure_mining_selection,heldout_mechanism,deformable_pull_policy,operator_bias_shift,0.440476,0.039110,0.491378,0.005178,0.328731,0.001066,0.142672,0.002835,0.090869,0.001900,0.230095,0.000812,0.113028,0.000708,7,84
failure_mining_selection,heldout_mechanism,deformable_pull_policy,rare_contact_mechanism,0.459184,0.030912,0.485376,0.001434,0.327380,0.001095,0.142779,0.002689,0.087113,0.002087,0.230713,0.000835,0.115158,0.000728,7,84
failure_mining_selection,heldout_mechanism,force_limited_twist_policy,color_mechanism_confound,0.549320,0.013878,0.490585,0.001511,0.314539,0.002808,0.136943,0.000781,0.085343,0.000819,0.231921,0.000762,0.111171,0.000736,7,84
failure_mining_selection,heldout_mechanism,force_limited_twist_policy,compound_spurious_shift,0.513605,0.023570,0.477376,0.005097,0.348015,0.001143,0.148916,0.002149,0.090560,0.001820,0.233303,0.000786,0.119556,0.002339,7,84
failure_mining_selection,heldout_mechanism,force_limited_twist_policy,iid_mechanisms,0.598639,0.025820,0.494636,0.004769,0.304497,0.001056,0.125889,0.001235,0.085507,0.001977,0.226210,0.000799,0.108942,0.000702,7,84
failure_mining_selection,heldout_mechanism,force_limited_twist_policy,intervention_gap,0.525510,0.038921,0.486704,0.001408,0.337316,0.001075,0.146696,0.001383,0.089570,0.001147,0.235169,0.001788,0.114371,0.001890,7,84
failure_mining_selection,heldout_mechanism,force_limited_twist_policy,material_shift,0.581633,0.046786,0.488507,0.001383,0.320325,0.003564,0.138242,0.001802,0.085009,0.001471,0.232964,0.000973,0.113189,0.002618,7,84
failure_mining_selection,heldout_mechanism,force_limited_twist_policy,operator_bias_shift,0.559524,0.030551,0.488164,0.001447,0.330023,0.001104,0.138706,0.001500,0.086851,0.001303,0.230654,0.000916,0.115443,0.001883,7,84
failure_mining_selection,heldout_mechanism,force_limited_twist_policy,rare_contact_mechanism,0.552721,0.026387,0.486125,0.001485,0.329930,0.003815,0.141642,0.002662,0.086944,0.000872,0.231221,0.002353,0.116145,0.000689,7,84
failure_mining_selection,heldout_mechanism,mobile_place_policy,color_mechanism_confound,0.508503,0.056634,0.478104,0.005157,0.320280,0.001085,0.139286,0.003271,0.088945,0.002966,0.229526,0.002550,0.109851,0.000722,7,84
failure_mining_selection,heldout_mechanism,mobile_place_policy,compound_spurious_shift,0.455782,0.053333,0.468912,0.001408,0.348193,0.001075,0.154559,0.001772,0.091941,0.001404,0.236516,0.002563,0.116725,0.001890,7,84
failure_mining_selection,heldout_mechanism,mobile_place_policy,iid_mechanisms,0.568027,0.030000,0.483449,0.001293,0.299203,0.000989,0.127855,0.001048,0.083427,0.000895,0.227790,0.000657,0.106950,0.000656,7,84
failure_mining_selection,heldout_mechanism,mobile_place_policy,intervention_gap,0.450680,0.038249,0.467483,0.001319,0.334572,0.001008,0.143851,0.001474,0.087587,0.001225,0.232030,0.000818,0.114119,0.001906,7,84
failure_mining_selection,heldout_mechanism,mobile_place_policy,material_shift,0.505102,0.048266,0.477321,0.004830,0.323608,0.000989,0.141000,0.002318,0.089912,0.001348,0.230429,0.002749,0.114764,0.000656,7,84
failure_mining_selection,heldout_mechanism,mobile_place_policy,operator_bias_shift,0.482993,0.016777,0.470613,0.004786,0.325101,0.001037,0.142322,0.001058,0.089479,0.002329,0.232941,0.000756,0.114848,0.000689,7,84
failure_mining_selection,heldout_mechanism,mobile_place_policy,rare_contact_mechanism,0.503401,0.035901,0.474818,0.003792,0.329691,0.001066,0.142150,0.002832,0.089840,0.001160,0.230641,0.001698,0.113029,0.000708,7,84
failure_mining_selection,heldout_mechanism,peg_search_policy,color_mechanism_confound,0.539116,0.023727,0.464331,0.003792,0.316520,0.001066,0.135593,0.002514,0.088399,0.000764,0.227773,0.002097,0.109805,0.000708,7,84
failure_mining_selection,heldout_mechanism,peg_search_policy,compound_spurious_shift,0.455782,0.050589,0.449903,0.003796,0.345651,0.001056,0.151532,0.002363,0.091758,0.001480,0.233595,0.002182,0.116367,0.000702,7,84
failure_mining_selection,heldout_mechanism,peg_search_policy,iid_mechanisms,0.576531,0.040369,0.465335,0.001267,0.302478,0.003944,0.128829,0.001439,0.082822,0.001221,0.228661,0.000876,0.107132,0.000578,7,84
failure_mining_selection,heldout_mechanism,peg_search_policy,intervention_gap,0.467687,0.039347,0.448408,0.003829,0.335411,0.003929,0.145074,0.002795,0.088548,0.002832,0.231193,0.000769,0.116069,0.002697,7,84
failure_mining_selection,heldout_mechanism,peg_search_policy,material_shift,0.522109,0.020000,0.463780,0.001267,0.320022,0.000970,0.137842,0.002531,0.088649,0.000927,0.228929,0.001927,0.114837,0.000643,7,84
failure_mining_selection,heldout_mechanism,peg_search_policy,operator_bias_shift,0.549320,0.037908,0.455813,0.001331,0.327431,0.001018,0.138583,0.002336,0.085629,0.001076,0.229174,0.000755,0.110955,0.000676,7,84
failure_mining_selection,heldout_mechanism,peg_search_policy,rare_contact_mechanism,0.511905,0.046944,0.455146,0.005198,0.328367,0.001047,0.140903,0.001779,0.089305,0.001269,0.231877,0.000930,0.114646,0.000695,7,84
failure_mining_selection,heldout_object,contact_grasp_policy,color_mechanism_confound,0.571429,0.048838,0.486590,0.001395,0.308021,0.003868,0.132085,0.001111,0.083085,0.000741,0.228035,0.000510,0.111018,0.000644,7,84
failure_mining_selection,heldout_object,contact_grasp_policy,compound_spurious_shift,0.534014,0.027622,0.470258,0.001383,0.342585,0.001056,0.146048,0.000870,0.086932,0.002466,0.232445,0.000624,0.116715,0.000702,7,84
failure_mining_selection,heldout_object,contact_grasp_policy,iid_mechanisms,0.603741,0.032886,0.499627,0.001267,0.292713,0.000970,0.125691,0.002026,0.084748,0.001138,0.224700,0.002587,0.107481,0.000643,7,84
failure_mining_selection,heldout_object,contact_grasp_policy,intervention_gap,0.556122,0.050074,0.479781,0.001293,0.325172,0.000989,0.139753,0.001805,0.085356,0.001449,0.230877,0.000899,0.111521,0.000656,7,84
failure_mining_selection,heldout_object,contact_grasp_policy,material_shift,0.525510,0.030732,0.481705,0.001267,0.316847,0.000970,0.134524,0.001542,0.085374,0.002080,0.228456,0.000895,0.108251,0.001916,7,84
failure_mining_selection,heldout_object,contact_grasp_policy,operator_bias_shift,0.564626,0.036667,0.488243,0.003815,0.317984,0.003906,0.137178,0.001256,0.088120,0.001051,0.230118,0.000784,0.111522,0.000611,7,84
failure_mining_selection,heldout_object,contact_grasp_policy,rare_contact_mechanism,0.576531,0.035224,0.481987,0.001370,0.325019,0.002844,0.140194,0.000822,0.084841,0.000669,0.231820,0.001853,0.112516,0.002613,7,84
failure_mining_selection,heldout_object,deformable_pull_policy,color_mechanism_confound,0.527211,0.029565,0.494801,0.001421,0.306050,0.002830,0.132026,0.001479,0.084217,0.001650,0.226160,0.000713,0.109478,0.000690,7,84
failure_mining_selection,heldout_object,deformable_pull_policy,compound_spurious_shift,0.459184,0.049591,0.486040,0.005167,0.342862,0.001075,0.150840,0.003364,0.091687,0.002141,0.233518,0.002922,0.114423,0.000715,7,84
failure_mining_selection,heldout_object,deformable_pull_policy,iid_mechanisms,0.600340,0.025892,0.508086,0.001293,0.294358,0.000989,0.125911,0.000797,0.084186,0.000706,0.227114,0.000575,0.106123,0.000656,7,84
failure_mining_selection,heldout_object,deformable_pull_policy,intervention_gap,0.479592,0.058878,0.491392,0.001319,0.329181,0.001008,0.141609,0.002037,0.088014,0.001608,0.231025,0.000961,0.111776,0.000669,7,84
failure_mining_selection,heldout_object,deformable_pull_policy,material_shift,0.503401,0.024267,0.494737,0.004830,0.315062,0.003609,0.135082,0.002220,0.087374,0.002703,0.226484,0.000739,0.111411,0.002477,7,84
failure_mining_selection,heldout_object,deformable_pull_policy,operator_bias_shift,0.511905,0.028350,0.490860,0.001357,0.320394,0.001037,0.140580,0.001025,0.084699,0.000895,0.232391,0.000678,0.112972,0.001899,7,84
failure_mining_selection,heldout_object,deformable_pull_policy,rare_contact_mechanism,0.472789,0.029565,0.489332,0.003792,0.325830,0.001066,0.139383,0.001348,0.087926,0.002299,0.230107,0.000834,0.112874,0.000708,7,84
failure_mining_selection,heldout_object,force_limited_twist_policy,color_mechanism_confound,0.566327,0.056437,0.491906,0.001472,0.311124,0.001123,0.134312,0.002213,0.083626,0.001255,0.227716,0.002637,0.108727,0.000748,7,84
failure_mining_selection,heldout_object,force_limited_twist_policy,compound_spurious_shift,0.484694,0.023727,0.481824,0.004718,0.334940,0.001114,0.147454,0.000784,0.091056,0.000739,0.233407,0.000644,0.115091,0.002555,7,84
failure_mining_selection,heldout_object,force_limited_twist_policy,iid_mechanisms,0.608844,0.043928,0.501127,0.001344,0.298100,0.001027,0.123566,0.002531,0.082995,0.000942,0.222371,0.000683,0.103319,0.000682,7,84
failure_mining_selection,heldout_object,force_limited_twist_policy,intervention_gap,0.547619,0.021602,0.487075,0.004778,0.326328,0.001047,0.138371,0.000953,0.088955,0.000874,0.229295,0.000693,0.112475,0.000695,7,84
failure_mining_selection,heldout_object,force_limited_twist_policy,material_shift,0.593537,0.043033,0.492352,0.005218,0.310228,0.001027,0.133161,0.001047,0.087705,0.000787,0.228928,0.000537,0.110757,0.000682,7,84
failure_mining_selection,heldout_object,force_limited_twist_policy,operator_bias_shift,0.532313,0.018856,0.485934,0.001408,0.317084,0.003551,0.136149,0.000915,0.085056,0.002261,0.228545,0.000742,0.112215,0.000661,7,84
failure_mining_selection,heldout_object,force_limited_twist_policy,rare_contact_mechanism,0.544218,0.032489,0.492943,0.001447,0.323777,0.003532,0.138915,0.001036,0.088383,0.000873,0.231163,0.000710,0.111832,0.002592,7,84
failure_mining_selection,heldout_object,mobile_place_policy,color_mechanism_confound,0.559524,0.037417,0.479969,0.005188,0.308923,0.001056,0.130852,0.001644,0.087374,0.001711,0.226475,0.000932,0.108785,0.000702,7,84
failure_mining_selection,heldout_object,mobile_place_policy,compound_spurious_shift,0.472789,0.031681,0.469331,0.004778,0.337466,0.001047,0.146464,0.001324,0.091511,0.001136,0.231938,0.000802,0.114946,0.000695,7,84
failure_mining_selection,heldout_object,mobile_place_policy,iid_mechanisms,0.622449,0.051604,0.483625,0.003844,0.295154,0.000960,0.123524,0.001414,0.083731,0.003166,0.225003,0.000620,0.104012,0.001919,7,84
failure_mining_selection,heldout_object,mobile_place_policy,intervention_gap,0.481293,0.025386,0.475260,0.001280,0.325933,0.000979,0.144879,0.001228,0.088899,0.001076,0.234426,0.000771,0.113765,0.000649,7,84
failure_mining_selection,heldout_object,mobile_place_policy,material_shift,0.508503,0.025313,0.479423,0.001255,0.312427,0.003952,0.138699,0.000577,0.086355,0.000526,0.230260,0.002615,0.110389,0.000572,7,84
failure_mining_selection,heldout_object,mobile_place_policy,operator_bias_shift,0.501701,0.033555,0.480361,0.003820,0.319655,0.003596,0.140327,0.001025,0.089658,0.000802,0.231867,0.000610,0.112101,0.000616,7,84
failure_mining_selection,heldout_object,mobile_place_policy,rare_contact_mechanism,0.505102,0.026387,0.470745,0.001357,0.322455,0.001037,0.141643,0.001328,0.085762,0.001715,0.233118,0.000833,0.114778,0.000689,7,84
failure_mining_selection,heldout_object,peg_search_policy,color_mechanism_confound,0.542517,0.039063,0.459598,0.001357,0.308902,0.001037,0.134697,0.001092,0.085082,0.002226,0.229943,0.000615,0.111261,0.000689,7,84
failure_mining_selection,heldout_object,peg_search_policy,compound_spurious_shift,0.508503,0.036616,0.446010,0.001344,0.338663,0.001027,0.149618,0.001339,0.086692,0.001482,0.235691,0.000766,0.118253,0.000682,7,84
failure_mining_selection,heldout_object,peg_search_policy,iid_mechanisms,0.596939,0.035798,0.468059,0.001229,0.295307,0.000941,0.127751,0.001251,0.081754,0.001030,0.225242,0.002738,0.105464,0.000623,7,84
failure_mining_selection,heldout_object,peg_search_policy,intervention_gap,0.488095,0.060461,0.458733,0.001255,0.323650,0.000960,0.142924,0.004070,0.088769,0.000992,0.230431,0.002859,0.114697,0.000636,7,84
failure_mining_selection,heldout_object,peg_search_policy,material_shift,0.561224,0.022443,0.466145,0.001229,0.312581,0.003967,0.132575,0.000735,0.086766,0.000645,0.227429,0.000589,0.111841,0.001935,7,84
failure_mining_selection,heldout_object,peg_search_policy,operator_bias_shift,0.545918,0.050000,0.461250,0.001293,0.317149,0.000989,0.138229,0.002047,0.086328,0.001675,0.230779,0.001045,0.110593,0.000656,7,84
failure_mining_selection,heldout_object,peg_search_policy,rare_contact_mechanism,0.484694,0.068826,0.460483,0.001331,0.324870,0.001018,0.139368,0.001796,0.088311,0.001279,0.230240,0.000655,0.110913,0.000676,7,84
failure_mining_selection,small_budget,contact_grasp_policy,color_mechanism_confound,0.578231,0.033333,0.490053,0.004778,0.301268,0.001047,0.128766,0.001156,0.084883,0.002479,0.225573,0.000706,0.107172,0.000695,7,84
failure_mining_selection,small_budget,contact_grasp_policy,compound_spurious_shift,0.532313,0.041589,0.478855,0.005208,0.329392,0.001037,0.142845,0.001457,0.090105,0.001192,0.230348,0.000791,0.113046,0.000689,7,84
failure_mining_selection,small_budget,contact_grasp_policy,iid_mechanisms,0.637755,0.025892,0.499677,0.001242,0.288545,0.003635,0.122304,0.002334,0.082094,0.000630,0.221402,0.002601,0.104257,0.000576,7,84
failure_mining_selection,small_budget,contact_grasp_policy,intervention_gap,0.561224,0.037908,0.482611,0.005279,0.321375,0.000970,0.135217,0.001109,0.088045,0.002047,0.226972,0.000607,0.111979,0.002417,7,84
failure_mining_selection,small_budget,contact_grasp_policy,material_shift,0.596939,0.030732,0.490661,0.005300,0.303924,0.000951,0.129325,0.001359,0.087154,0.001159,0.225807,0.000794,0.107053,0.002643,7,84
failure_mining_selection,small_budget,contact_grasp_policy,operator_bias_shift,0.573129,0.028545,0.484002,0.003825,0.308884,0.003603,0.134377,0.002280,0.085981,0.002485,0.226073,0.002372,0.109503,0.002423,7,84
failure_mining_selection,small_budget,contact_grasp_policy,rare_contact_mechanism,0.562925,0.020184,0.484540,0.001344,0.315869,0.001027,0.135733,0.002677,0.084153,0.000532,0.226820,0.002482,0.109320,0.002601,7,84
failure_mining_selection,small_budget,deformable_pull_policy,color_mechanism_confound,0.562925,0.042817,0.506593,0.001395,0.300253,0.001066,0.130900,0.002968,0.086312,0.001132,0.225235,0.002486,0.104037,0.000708,7,84
failure_mining_selection,small_budget,deformable_pull_policy,compound_spurious_shift,0.482993,0.032546,0.489245,0.001383,0.327194,0.001056,0.147422,0.001098,0.088101,0.000934,0.234136,0.000688,0.113677,0.002586,7,84
failure_mining_selection,small_budget,deformable_pull_policy,iid_mechanisms,0.549320,0.036868,0.505030,0.001267,0.291146,0.000970,0.123561,0.001414,0.082897,0.002033,0.224207,0.000784,0.101303,0.000643,7,84
failure_mining_selection,small_budget,deformable_pull_policy,intervention_gap,0.501701,0.045092,0.495690,0.004830,0.322909,0.000989,0.141687,0.002590,0.090121,0.000745,0.229920,0.002848,0.112871,0.000656,7,84
failure_mining_selection,small_budget,deformable_pull_policy,material_shift,0.498299,0.058373,0.502876,0.001267,0.303095,0.000970,0.135239,0.001884,0.087177,0.001606,0.227570,0.002447,0.108618,0.000643,7,84
failure_mining_selection,small_budget,deformable_pull_policy,operator_bias_shift,0.559524,0.041366,0.494949,0.001331,0.310534,0.001018,0.134981,0.002031,0.083437,0.001209,0.226352,0.002590,0.108187,0.002606,7,84
failure_mining_selection,small_budget,deformable_pull_policy,rare_contact_mechanism,0.513605,0.021858,0.497928,0.004778,0.312490,0.001047,0.134872,0.001131,0.088997,0.001020,0.227533,0.000769,0.109144,0.000695,7,84
failure_mining_selection,small_budget,force_limited_twist_policy,color_mechanism_confound,0.624150,0.044054,0.496461,0.001447,0.301681,0.001104,0.126390,0.002821,0.082279,0.001062,0.222975,0.000711,0.107640,0.000735,7,84
failure_mining_selection,small_budget,force_limited_twist_policy,compound_spurious_shift,0.506803,0.056667,0.482365,0.005147,0.329347,0.003539,0.146851,0.001701,0.090135,0.001967,0.233877,0.000899,0.110915,0.000675,7,84
failure_mining_selection,small_budget,force_limited_twist_policy,iid_mechanisms,0.595238,0.027889,0.506842,0.001319,0.289527,0.001008,0.121854,0.001212,0.084060,0.001054,0.223498,0.000758,0.102825,0.000669,7,84
failure_mining_selection,small_budget,force_limited_twist_policy,intervention_gap,0.518707,0.048266,0.493284,0.001344,0.318126,0.003583,0.137389,0.001427,0.088344,0.001091,0.228534,0.000718,0.109947,0.000629,7,84
failure_mining_selection,small_budget,force_limited_twist_policy,material_shift,0.544218,0.044597,0.490966,0.003820,0.303190,0.002858,0.134787,0.001349,0.086188,0.002875,0.228005,0.002684,0.110168,0.000638,7,84
failure_mining_selection,small_budget,force_limited_twist_policy,operator_bias_shift,0.564626,0.027352,0.496505,0.003796,0.310438,0.001056,0.133327,0.003006,0.087632,0.000614,0.224781,0.000560,0.107320,0.000702,7,84
failure_mining_selection,small_budget,force_limited_twist_policy,rare_contact_mechanism,0.549320,0.024114,0.487440,0.003783,0.313651,0.003853,0.135506,0.003014,0.085596,0.002994,0.226494,0.001797,0.109135,0.000657,7,84
failure_mining_selection,small_budget,mobile_place_policy,color_mechanism_confound,0.535714,0.032998,0.487941,0.003806,0.297031,0.001037,0.129238,0.001348,0.087396,0.001148,0.225449,0.000802,0.105990,0.000689,7,84
failure_mining_selection,small_budget,mobile_place_policy,compound_spurious_shift,0.467687,0.040961,0.475576,0.001344,0.329425,0.003583,0.144818,0.001203,0.090429,0.000907,0.231005,0.000629,0.112492,0.000629,7,84
failure_mining_selection,small_budget,mobile_place_policy,iid_mechanisms,0.613946,0.032942,0.488183,0.004873,0.284133,0.000941,0.122086,0.000704,0.084068,0.002783,0.224404,0.000438,0.100668,0.000623,7,84
failure_mining_selection,small_budget,mobile_place_policy,intervention_gap,0.545918,0.023570,0.473451,0.001255,0.322142,0.002876,0.139678,0.000937,0.084617,0.000817,0.231056,0.000645,0.109640,0.000605,7,84
failure_mining_selection,small_budget,mobile_place_policy,material_shift,0.593537,0.036158,0.481454,0.001229,0.308087,0.000941,0.131339,0.002060,0.083437,0.001113,0.225175,0.002398,0.108175,0.000623,7,84
failure_mining_selection,small_budget,mobile_place_policy,operator_bias_shift,0.528912,0.024343,0.476055,0.001293,0.308847,0.003609,0.133400,0.001046,0.084527,0.002223,0.226479,0.000745,0.106615,0.001946,7,84
failure_mining_selection,small_budget,mobile_place_policy,rare_contact_mechanism,0.522109,0.033939,0.475520,0.001331,0.313312,0.001018,0.136240,0.002457,0.084382,0.000973,0.226656,0.001858,0.109285,0.002606,7,84
failure_mining_selection,small_budget,peg_search_policy,color_mechanism_confound,0.547619,0.040092,0.463935,0.001331,0.299497,0.001018,0.130570,0.002548,0.082656,0.001020,0.224547,0.002548,0.106716,0.002606,7,84
failure_mining_selection,small_budget,peg_search_policy,compound_spurious_shift,0.510204,0.015635,0.450907,0.001319,0.329679,0.001008,0.144757,0.002974,0.085728,0.000501,0.229466,0.001882,0.112851,0.002612,7,84
failure_mining_selection,small_budget,peg_search_policy,iid_mechanisms,0.625850,0.039721,0.473556,0.001203,0.286773,0.000922,0.118973,0.001749,0.081470,0.001456,0.221332,0.000934,0.104942,0.000610,7,84
failure_mining_selection,small_budget,peg_search_policy,intervention_gap,0.523810,0.031388,0.460150,0.001229,0.322347,0.002883,0.138089,0.003048,0.086799,0.000520,0.226699,0.000464,0.112251,0.000592,7,84
failure_mining_selection,small_budget,peg_search_policy,material_shift,0.562925,0.048762,0.469115,0.003864,0.307297,0.003655,0.132709,0.001483,0.087555,0.001094,0.228245,0.000651,0.105534,0.001934,7,84
failure_mining_selection,small_budget,peg_search_policy,operator_bias_shift,0.552721,0.038730,0.457883,0.001267,0.313973,0.000970,0.134035,0.001159,0.084804,0.002799,0.227232,0.000626,0.106869,0.001916,7,84
failure_mining_selection,small_budget,peg_search_policy,rare_contact_mechanism,0.562925,0.059317,0.461623,0.005249,0.318214,0.000999,0.138488,0.001741,0.088832,0.001315,0.228232,0.002889,0.111673,0.000663,7,84
influence_selection,clean_budget,contact_grasp_policy,color_mechanism_confound,0.661565,0.038730,0.552204,0.003825,0.244424,0.000999,0.104963,0.001305,0.073621,0.001067,0.245351,0.001728,0.083059,0.000663,7,84
influence_selection,clean_budget,contact_grasp_policy,compound_spurious_shift,0.644558,0.038249,0.540119,0.001293,0.269541,0.000989,0.118679,0.001657,0.075408,0.001388,0.250537,0.002107,0.089585,0.000656,7,84
influence_selection,clean_budget,contact_grasp_policy,iid_mechanisms,0.712585,0.041500,0.554437,0.005351,0.231413,0.002898,0.095042,0.002172,0.071663,0.002358,0.239857,0.002235,0.077587,0.000566,7,84
influence_selection,clean_budget,contact_grasp_policy,intervention_gap,0.632653,0.031972,0.545466,0.001203,0.258991,0.003655,0.111763,0.000857,0.074913,0.000629,0.248365,0.000491,0.084699,0.002460,7,84
influence_selection,clean_budget,contact_grasp_policy,material_shift,0.658163,0.054297,0.544821,0.001178,0.242091,0.000903,0.103009,0.001552,0.069726,0.001160,0.244098,0.000656,0.084581,0.000597,7,84
influence_selection,clean_budget,contact_grasp_policy,operator_bias_shift,0.681973,0.039347,0.539471,0.001242,0.250854,0.000951,0.107534,0.001706,0.070643,0.002096,0.246829,0.000921,0.082030,0.000630,7,84
influence_selection,clean_budget,contact_grasp_policy,rare_contact_mechanism,0.639456,0.044305,0.546704,0.001280,0.251962,0.000979,0.110538,0.002850,0.073846,0.001042,0.246673,0.002679,0.086243,0.000649,7,84
influence_selection,clean_budget,deformable_pull_policy,color_mechanism_confound,0.620748,0.026176,0.556385,0.004804,0.237278,0.001018,0.105811,0.001078,0.072472,0.002513,0.245847,0.001785,0.083820,0.000676,7,84
influence_selection,clean_budget,deformable_pull_policy,compound_spurious_shift,0.539116,0.034048,0.545010,0.005238,0.266358,0.003914,0.120936,0.000644,0.078416,0.000437,0.252035,0.000466,0.089622,0.000604,7,84
influence_selection,clean_budget,deformable_pull_policy,iid_mechanisms,0.656463,0.027622,0.561152,0.001203,0.226168,0.000922,0.095453,0.002759,0.068697,0.002291,0.239487,0.002073,0.078503,0.000610,7,84
influence_selection,clean_budget,deformable_pull_policy,intervention_gap,0.559524,0.022771,0.546186,0.001229,0.257825,0.000941,0.115669,0.000780,0.071930,0.000703,0.249741,0.002011,0.084969,0.000623,7,84
influence_selection,clean_budget,deformable_pull_policy,material_shift,0.607143,0.027420,0.558397,0.001203,0.247137,0.000922,0.105080,0.001085,0.072836,0.000933,0.244821,0.000668,0.085662,0.000610,7,84
influence_selection,clean_budget,deformable_pull_policy,operator_bias_shift,0.598639,0.021430,0.556353,0.004847,0.249804,0.000970,0.107258,0.002344,0.075698,0.000712,0.243810,0.000596,0.085809,0.001916,7,84
influence_selection,clean_budget,deformable_pull_policy,rare_contact_mechanism,0.569728,0.043631,0.556879,0.001306,0.254458,0.000999,0.112448,0.001880,0.075530,0.001560,0.249312,0.001000,0.085583,0.000663,7,84
influence_selection,clean_budget,force_limited_twist_policy,color_mechanism_confound,0.666667,0.025459,0.555611,0.001383,0.237284,0.001056,0.104082,0.001967,0.071277,0.000783,0.243893,0.002765,0.080699,0.002378,7,84
influence_selection,clean_budget,force_limited_twist_policy,compound_spurious_shift,0.646259,0.029565,0.536055,0.001370,0.270519,0.001047,0.116980,0.000699,0.071917,0.001842,0.249952,0.000532,0.090480,0.000695,7,84
influence_selection,clean_budget,force_limited_twist_policy,iid_mechanisms,0.693878,0.042208,0.560888,0.001255,0.228271,0.003952,0.097801,0.001120,0.069388,0.000843,0.241303,0.002816,0.079100,0.000572,7,84
influence_selection,clean_budget,force_limited_twist_policy,intervention_gap,0.663265,0.030852,0.543991,0.005269,0.260195,0.000979,0.109362,0.002569,0.074392,0.002012,0.244211,0.000661,0.088036,0.001914,7,84
influence_selection,clean_budget,force_limited_twist_policy,material_shift,0.668367,0.028087,0.553560,0.004856,0.244095,0.000960,0.101805,0.001094,0.073676,0.000942,0.242968,0.000682,0.083891,0.002422,7,84
influence_selection,clean_budget,force_limited_twist_policy,operator_bias_shift,0.637755,0.049065,0.546687,0.001319,0.248286,0.001008,0.105761,0.002727,0.070153,0.001239,0.243195,0.000778,0.082791,0.002400,7,84
influence_selection,clean_budget,force_limited_twist_policy,rare_contact_mechanism,0.636054,0.024870,0.551177,0.003806,0.249052,0.001037,0.107291,0.001142,0.074497,0.001014,0.245833,0.000754,0.084485,0.000689,7,84
influence_selection,clean_budget,mobile_place_policy,color_mechanism_confound,0.656463,0.044222,0.539648,0.005259,0.244472,0.000989,0.102817,0.003101,0.073605,0.001728,0.241957,0.002011,0.083628,0.001911,7,84
influence_selection,clean_budget,mobile_place_policy,compound_spurious_shift,0.586735,0.043419,0.524109,0.004838,0.270429,0.000979,0.116443,0.002607,0.075886,0.002931,0.247087,0.000445,0.089584,0.002413,7,84
influence_selection,clean_budget,mobile_place_policy,iid_mechanisms,0.687075,0.043716,0.550793,0.003880,0.229570,0.000893,0.095556,0.002941,0.072031,0.000887,0.239980,0.002787,0.076865,0.000590,7,84
influence_selection,clean_budget,mobile_place_policy,intervention_gap,0.583333,0.051424,0.532722,0.001191,0.257183,0.000912,0.111873,0.001710,0.073471,0.001341,0.247606,0.000802,0.088575,0.000604,7,84
influence_selection,clean_budget,mobile_place_policy,material_shift,0.615646,0.040323,0.534317,0.001165,0.245394,0.004006,0.104367,0.001259,0.070665,0.002290,0.244392,0.000736,0.083942,0.000526,7,84
influence_selection,clean_budget,mobile_place_policy,operator_bias_shift,0.603741,0.047687,0.539374,0.001229,0.249957,0.003967,0.106891,0.001353,0.073803,0.001011,0.244679,0.000652,0.086527,0.000559,7,84
influence_selection,clean_budget,mobile_place_policy,rare_contact_mechanism,0.627551,0.033278,0.531813,0.004847,0.253690,0.000970,0.107539,0.001267,0.073950,0.002470,0.245610,0.000734,0.084529,0.002632,7,84
influence_selection,clean_budget,peg_search_policy,color_mechanism_confound,0.653061,0.028545,0.526005,0.004847,0.241124,0.000970,0.100287,0.000603,0.073939,0.000509,0.241864,0.000462,0.082635,0.002417,7,84
influence_selection,clean_budget,peg_search_policy,compound_spurious_shift,0.591837,0.023174,0.507517,0.004856,0.268299,0.000960,0.116836,0.001310,0.074794,0.002360,0.248864,0.000816,0.087136,0.002422,7,84
influence_selection,clean_budget,peg_search_policy,iid_mechanisms,0.658163,0.042817,0.535096,0.001139,0.226396,0.000874,0.093918,0.001559,0.071908,0.001213,0.239114,0.000817,0.077134,0.000577,7,84
influence_selection,clean_budget,peg_search_policy,intervention_gap,0.613946,0.035590,0.511490,0.001165,0.256719,0.004006,0.110432,0.001011,0.070640,0.000808,0.246808,0.000611,0.087263,0.000526,7,84
influence_selection,clean_budget,peg_search_policy,material_shift,0.659864,0.026387,0.516334,0.001139,0.247365,0.000874,0.104301,0.001206,0.070497,0.002545,0.245081,0.000718,0.084294,0.000577,7,84
influence_selection,clean_budget,peg_search_policy,operator_bias_shift,0.639456,0.036968,0.513271,0.001203,0.245838,0.000922,0.109484,0.002494,0.071979,0.002520,0.245968,0.002605,0.082721,0.000610,7,84
influence_selection,clean_budget,peg_search_policy,rare_contact_mechanism,0.590136,0.029627,0.512271,0.001242,0.252778,0.000951,0.111242,0.000763,0.072474,0.002378,0.248624,0.000509,0.082912,0.000630,7,84
influence_selection,combined_stress,contact_grasp_policy,color_mechanism_confound,0.596939,0.026176,0.531351,0.004795,0.272651,0.001027,0.118504,0.001188,0.076954,0.001045,0.255591,0.000764,0.096166,0.000682,7,84
influence_selection,combined_stress,contact_grasp_policy,compound_spurious_shift,0.539116,0.022608,0.520713,0.001331,0.302283,0.003906,0.133319,0.000921,0.079361,0.000837,0.260765,0.000716,0.102345,0.000611,7,84
influence_selection,combined_stress,contact_grasp_policy,iid_mechanisms,0.612245,0.038394,0.535274,0.001216,0.266053,0.000931,0.112060,0.003039,0.072415,0.000952,0.250155,0.000673,0.093929,0.000617,7,84
influence_selection,combined_stress,contact_grasp_policy,intervention_gap,0.540816,0.038394,0.523275,0.001242,0.291361,0.003635,0.129152,0.003516,0.077354,0.000731,0.258207,0.002589,0.101778,0.000576,7,84
influence_selection,combined_stress,contact_grasp_policy,material_shift,0.571429,0.045826,0.532879,0.001216,0.278717,0.003648,0.121072,0.001431,0.077379,0.001109,0.256727,0.000718,0.097705,0.002687,7,84
influence_selection,combined_stress,contact_grasp_policy,operator_bias_shift,0.530612,0.064176,0.524456,0.001280,0.281745,0.000979,0.125627,0.002532,0.075566,0.002037,0.258568,0.001216,0.096956,0.000649,7,84
influence_selection,combined_stress,contact_grasp_policy,rare_contact_mechanism,0.583333,0.042904,0.522641,0.001319,0.288073,0.001008,0.122733,0.001940,0.074456,0.001619,0.256366,0.001042,0.096729,0.000669,7,84
influence_selection,combined_stress,deformable_pull_policy,color_mechanism_confound,0.542517,0.030062,0.537626,0.001370,0.279988,0.002844,0.123066,0.000579,0.074597,0.000512,0.258788,0.000535,0.097489,0.002415,7,84
influence_selection,combined_stress,deformable_pull_policy,compound_spurious_shift,0.476190,0.056928,0.520838,0.001357,0.305008,0.001037,0.137048,0.001751,0.078461,0.002735,0.263259,0.000806,0.105092,0.000689,7,84
influence_selection,combined_stress,deformable_pull_policy,iid_mechanisms,0.613946,0.022111,0.546371,0.005300,0.263285,0.000951,0.110975,0.001065,0.076371,0.000949,0.252915,0.000702,0.092927,0.002643,7,84
influence_selection,combined_stress,deformable_pull_policy,intervention_gap,0.448980,0.041276,0.528377,0.001267,0.292672,0.003944,0.131570,0.000889,0.077106,0.000480,0.261192,0.000316,0.098986,0.000578,7,84
influence_selection,combined_stress,deformable_pull_policy,material_shift,0.510204,0.034694,0.534829,0.001242,0.284524,0.000951,0.125862,0.001033,0.075242,0.000839,0.260117,0.000591,0.096840,0.000630,7,84
influence_selection,combined_stress,deformable_pull_policy,operator_bias_shift,0.472789,0.035901,0.534286,0.001306,0.284888,0.000999,0.126078,0.000858,0.076948,0.000673,0.257860,0.000510,0.096558,0.000663,7,84
influence_selection,combined_stress,deformable_pull_policy,rare_contact_mechanism,0.542517,0.039063,0.537199,0.001344,0.289615,0.003898,0.124933,0.001526,0.077910,0.001292,0.257851,0.000921,0.098670,0.000617,7,84
influence_selection,combined_stress,force_limited_twist_policy,color_mechanism_confound,0.586735,0.049291,0.536402,0.001421,0.277522,0.001085,0.119779,0.001378,0.075237,0.001061,0.256453,0.000681,0.097337,0.002365,7,84
influence_selection,combined_stress,force_limited_twist_policy,compound_spurious_shift,0.491497,0.025313,0.516006,0.001408,0.301552,0.003551,0.133903,0.001873,0.077849,0.002556,0.259409,0.000690,0.103120,0.000661,7,84
influence_selection,combined_stress,force_limited_twist_policy,iid_mechanisms,0.615646,0.032489,0.543369,0.004830,0.268063,0.000989,0.114263,0.002323,0.076477,0.000847,0.253547,0.002796,0.095433,0.000656,7,84
influence_selection,combined_stress,force_limited_twist_policy,intervention_gap,0.571429,0.051171,0.530305,0.001319,0.296001,0.002858,0.127889,0.001933,0.077937,0.001587,0.259651,0.001024,0.100504,0.000638,7,84
influence_selection,combined_stress,force_limited_twist_policy,material_shift,0.593537,0.043033,0.529541,0.001293,0.277296,0.000989,0.119060,0.001448,0.072690,0.001166,0.255359,0.000755,0.094580,0.000656,7,84
influence_selection,combined_stress,force_limited_twist_policy,operator_bias_shift,0.532313,0.050332,0.531030,0.001357,0.286044,0.003891,0.126125,0.003275,0.076593,0.001124,0.256643,0.002417,0.096592,0.001908,7,84
influence_selection,combined_stress,force_limited_twist_policy,rare_contact_mechanism,0.518707,0.045216,0.528759,0.001395,0.285169,0.001066,0.127955,0.001113,0.076612,0.000837,0.260593,0.000565,0.100595,0.002373,7,84
influence_selection,combined_stress,mobile_place_policy,color_mechanism_confound,0.578231,0.027352,0.527002,0.001331,0.276791,0.003906,0.119926,0.001251,0.077031,0.001153,0.256292,0.000906,0.096168,0.000611,7,84
influence_selection,combined_stress,mobile_place_policy,compound_spurious_shift,0.457483,0.016777,0.512910,0.001319,0.303833,0.003596,0.137021,0.000933,0.081302,0.000904,0.262656,0.000772,0.102865,0.000616,7,84
influence_selection,combined_stress,mobile_place_policy,iid_mechanisms,0.612245,0.041006,0.526116,0.004891,0.261442,0.002891,0.114522,0.001396,0.074043,0.002602,0.253983,0.002343,0.091386,0.000579,7,84
influence_selection,combined_stress,mobile_place_policy,intervention_gap,0.522109,0.059035,0.507305,0.001229,0.291930,0.000941,0.130248,0.002101,0.077193,0.001983,0.261102,0.000982,0.098198,0.000623,7,84
influence_selection,combined_stress,mobile_place_policy,material_shift,0.549320,0.034319,0.519148,0.001203,0.280966,0.000922,0.120069,0.001127,0.074908,0.000923,0.255059,0.000633,0.098703,0.000610,7,84
influence_selection,combined_stress,mobile_place_policy,operator_bias_shift,0.530612,0.046348,0.521133,0.001267,0.283225,0.000970,0.126828,0.002294,0.077962,0.001214,0.257309,0.002566,0.099715,0.000643,7,84
influence_selection,combined_stress,mobile_place_policy,rare_contact_mechanism,0.510204,0.026667,0.515958,0.001306,0.287032,0.000999,0.126571,0.001425,0.076704,0.001242,0.258732,0.000867,0.097768,0.000663,7,84
influence_selection,combined_stress,peg_search_policy,color_mechanism_confound,0.596939,0.039581,0.504073,0.001306,0.274636,0.000999,0.117805,0.001548,0.073410,0.001283,0.254592,0.000845,0.093785,0.000663,7,84
influence_selection,combined_stress,peg_search_policy,compound_spurious_shift,0.494898,0.036667,0.491605,0.001293,0.301181,0.000989,0.135118,0.001021,0.078114,0.000818,0.261581,0.000581,0.101286,0.000656,7,84
influence_selection,combined_stress,peg_search_policy,iid_mechanisms,0.634354,0.040961,0.514854,0.001178,0.264606,0.000903,0.112761,0.001710,0.074108,0.001412,0.254652,0.000897,0.092635,0.002669,7,84
influence_selection,combined_stress,peg_search_policy,intervention_gap,0.554422,0.029627,0.497368,0.001203,0.294374,0.000922,0.126510,0.000758,0.076429,0.000625,0.257758,0.000492,0.102385,0.000610,7,84
influence_selection,combined_stress,peg_search_policy,material_shift,0.557823,0.030732,0.498739,0.003875,0.280700,0.003998,0.121923,0.003460,0.076485,0.003291,0.253577,0.000437,0.096466,0.000532,7,84
influence_selection,combined_stress,peg_search_policy,operator_bias_shift,0.528912,0.023254,0.504038,0.003849,0.282015,0.000951,0.123724,0.001100,0.078784,0.000972,0.256443,0.000712,0.099120,0.002426,7,84
influence_selection,combined_stress,peg_search_policy,rare_contact_mechanism,0.518707,0.032942,0.496278,0.001280,0.287313,0.003937,0.126538,0.000955,0.075122,0.000745,0.258758,0.000590,0.097048,0.000585,7,84
influence_selection,heldout_mechanism,contact_grasp_policy,color_mechanism_confound,0.625850,0.018954,0.535383,0.001370,0.266445,0.002844,0.115265,0.001017,0.072169,0.000955,0.252688,0.001874,0.092072,0.002415,7,84
influence_selection,heldout_mechanism,contact_grasp_policy,compound_spurious_shift,0.525510,0.046228,0.519612,0.001357,0.292228,0.001037,0.130825,0.001697,0.075055,0.001381,0.259150,0.000885,0.099052,0.001899,7,84
influence_selection,heldout_mechanism,contact_grasp_policy,iid_mechanisms,0.668367,0.027148,0.545007,0.004865,0.248687,0.000951,0.103270,0.001015,0.073785,0.000878,0.247544,0.000647,0.087933,0.002643,7,84
influence_selection,heldout_mechanism,contact_grasp_policy,intervention_gap,0.540816,0.038394,0.525655,0.001267,0.278770,0.003944,0.123252,0.001390,0.074224,0.001228,0.255910,0.000915,0.093324,0.000578,7,84
influence_selection,heldout_mechanism,contact_grasp_policy,material_shift,0.568027,0.035172,0.531418,0.001242,0.270106,0.000951,0.118186,0.001008,0.072716,0.000811,0.254831,0.000573,0.090826,0.000630,7,84
influence_selection,heldout_mechanism,contact_grasp_policy,operator_bias_shift,0.578231,0.035224,0.531619,0.001306,0.271027,0.000999,0.117382,0.001628,0.073800,0.001379,0.252470,0.000921,0.090924,0.000663,7,84
influence_selection,heldout_mechanism,contact_grasp_policy,rare_contact_mechanism,0.576531,0.037712,0.534444,0.001344,0.275689,0.003898,0.118332,0.001228,0.076270,0.000969,0.253131,0.000698,0.092991,0.000617,7,84
influence_selection,heldout_mechanism,deformable_pull_policy,color_mechanism_confound,0.581633,0.052281,0.542650,0.003792,0.267336,0.001066,0.112674,0.001621,0.073959,0.003080,0.250425,0.000788,0.091346,0.000708,7,84
influence_selection,heldout_mechanism,deformable_pull_policy,compound_spurious_shift,0.498299,0.028545,0.534450,0.004769,0.290221,0.001056,0.129034,0.002566,0.080238,0.001079,0.254787,0.000830,0.096348,0.000702,7,84
influence_selection,heldout_mechanism,deformable_pull_policy,iid_mechanisms,0.603741,0.038345,0.554808,0.001267,0.248048,0.000970,0.109319,0.001307,0.073142,0.001067,0.250183,0.002614,0.088449,0.000643,7,84
influence_selection,heldout_mechanism,deformable_pull_policy,intervention_gap,0.522109,0.043033,0.534034,0.001293,0.277065,0.002865,0.121426,0.001386,0.074872,0.002192,0.253949,0.000749,0.094256,0.002442,7,84
influence_selection,heldout_mechanism,deformable_pull_policy,material_shift,0.568027,0.041589,0.543506,0.005279,0.269467,0.000970,0.114293,0.001554,0.075902,0.002639,0.251107,0.000823,0.092485,0.002632,7,84
influence_selection,heldout_mechanism,deformable_pull_policy,operator_bias_shift,0.520408,0.029565,0.544727,0.001331,0.276299,0.001018,0.119547,0.001287,0.076935,0.001111,0.253264,0.000788,0.092045,0.000676,7,84
influence_selection,heldout_mechanism,deformable_pull_policy,rare_contact_mechanism,0.515306,0.047140,0.536272,0.001370,0.277646,0.001047,0.122748,0.001568,0.074996,0.001960,0.256324,0.000804,0.096422,0.000695,7,84
influence_selection,heldout_mechanism,force_limited_twist_policy,color_mechanism_confound,0.583333,0.039441,0.546297,0.001447,0.265246,0.003532,0.114295,0.001342,0.075935,0.001167,0.252157,0.000887,0.091420,0.002607,7,84
influence_selection,heldout_mechanism,force_limited_twist_policy,compound_spurious_shift,0.554422,0.051135,0.525341,0.001434,0.288855,0.001095,0.127266,0.002306,0.074569,0.001129,0.254170,0.000789,0.098060,0.000728,7,84
influence_selection,heldout_mechanism,force_limited_twist_policy,iid_mechanisms,0.653061,0.032773,0.547530,0.005238,0.249771,0.003596,0.107727,0.000844,0.073218,0.003000,0.250550,0.002076,0.089983,0.000616,7,84
influence_selection,heldout_mechanism,force_limited_twist_policy,intervention_gap,0.586735,0.047415,0.529399,0.003810,0.279054,0.001027,0.123000,0.001230,0.075018,0.003243,0.256628,0.000588,0.097115,0.000682,7,84
influence_selection,heldout_mechanism,force_limited_twist_policy,material_shift,0.622449,0.046865,0.538515,0.001319,0.267760,0.001008,0.112325,0.001223,0.072302,0.000919,0.250280,0.000582,0.089390,0.000669,7,84
influence_selection,heldout_mechanism,force_limited_twist_policy,operator_bias_shift,0.576531,0.027352,0.532620,0.001383,0.276115,0.001056,0.118644,0.001123,0.073291,0.001703,0.253436,0.000738,0.094564,0.000702,7,84
influence_selection,heldout_mechanism,force_limited_twist_policy,rare_contact_mechanism,0.639456,0.062923,0.534989,0.001421,0.273574,0.001085,0.116959,0.001952,0.072687,0.001501,0.253223,0.000882,0.096287,0.000722,7,84
influence_selection,heldout_mechanism,mobile_place_policy,color_mechanism_confound,0.595238,0.041678,0.524172,0.001357,0.263850,0.001037,0.115487,0.001397,0.073342,0.001977,0.253560,0.000756,0.093168,0.000689,7,84
influence_selection,heldout_mechanism,mobile_place_policy,compound_spurious_shift,0.482993,0.061494,0.509520,0.001344,0.288757,0.001027,0.131907,0.001602,0.078191,0.003366,0.259558,0.000633,0.099551,0.000682,7,84
influence_selection,heldout_mechanism,mobile_place_policy,iid_mechanisms,0.630952,0.047219,0.533561,0.001229,0.252777,0.000941,0.107443,0.002738,0.070875,0.001378,0.248367,0.002652,0.087875,0.000623,7,84
influence_selection,heldout_mechanism,mobile_place_policy,intervention_gap,0.540816,0.032146,0.523403,0.001255,0.276034,0.000960,0.123595,0.003156,0.076981,0.000597,0.252952,0.001960,0.096611,0.000636,7,84
influence_selection,heldout_mechanism,mobile_place_policy,material_shift,0.557823,0.028996,0.531407,0.001229,0.265620,0.003642,0.115269,0.000851,0.076540,0.000739,0.251952,0.000624,0.092917,0.002451,7,84
influence_selection,heldout_mechanism,mobile_place_policy,operator_bias_shift,0.569728,0.043631,0.526008,0.001293,0.270917,0.000989,0.119902,0.001682,0.075270,0.001378,0.254777,0.000884,0.092573,0.000656,7,84
influence_selection,heldout_mechanism,mobile_place_policy,rare_contact_mechanism,0.574830,0.049291,0.525473,0.001331,0.278204,0.001018,0.119138,0.001644,0.075913,0.001307,0.253691,0.000818,0.093002,0.000676,7,84
influence_selection,heldout_mechanism,peg_search_policy,color_mechanism_confound,0.598639,0.035172,0.513946,0.001331,0.266228,0.001018,0.112496,0.001639,0.074227,0.001392,0.250423,0.000933,0.089276,0.000676,7,84
influence_selection,heldout_mechanism,peg_search_policy,compound_spurious_shift,0.542517,0.043162,0.500918,0.001319,0.292354,0.001008,0.128123,0.001039,0.077617,0.000773,0.256672,0.000520,0.096490,0.000669,7,84
influence_selection,heldout_mechanism,peg_search_policy,iid_mechanisms,0.649660,0.030062,0.523567,0.001203,0.253614,0.002891,0.106295,0.000871,0.073913,0.000722,0.249766,0.000570,0.086361,0.002449,7,84
influence_selection,heldout_mechanism,peg_search_policy,intervention_gap,0.537415,0.037908,0.505587,0.004873,0.276150,0.000941,0.122583,0.001028,0.078820,0.000803,0.255236,0.000549,0.094605,0.002648,7,84
influence_selection,heldout_mechanism,peg_search_policy,material_shift,0.610544,0.040323,0.505404,0.001203,0.264742,0.000922,0.115276,0.001796,0.072047,0.002185,0.250724,0.002321,0.091376,0.000610,7,84
influence_selection,heldout_mechanism,peg_search_policy,operator_bias_shift,0.613946,0.023254,0.507893,0.001267,0.269094,0.002872,0.119473,0.001060,0.073688,0.000982,0.255292,0.000775,0.092674,0.000611,7,84
influence_selection,heldout_mechanism,peg_search_policy,rare_contact_mechanism,0.557823,0.025676,0.502486,0.001306,0.271013,0.000999,0.117761,0.000958,0.072875,0.000846,0.252382,0.000651,0.091724,0.001909,7,84
influence_selection,heldout_object,contact_grasp_policy,color_mechanism_confound,0.590136,0.040369,0.537492,0.004804,0.253391,0.001018,0.112860,0.001769,0.075027,0.002281,0.251736,0.000967,0.089920,0.000676,7,84
influence_selection,heldout_object,contact_grasp_policy,compound_spurious_shift,0.549320,0.033555,0.527134,0.005238,0.281518,0.003596,0.127207,0.001268,0.078296,0.002099,0.256880,0.000856,0.096214,0.000616,7,84
influence_selection,heldout_object,contact_grasp_policy,iid_mechanisms,0.695578,0.030912,0.540851,0.001203,0.241225,0.000922,0.104212,0.001072,0.070362,0.002696,0.246261,0.002709,0.083882,0.000610,7,84
influence_selection,heldout_object,contact_grasp_policy,intervention_gap,0.608844,0.041186,0.526813,0.001229,0.273578,0.000941,0.120057,0.001558,0.073617,0.002413,0.254590,0.000819,0.090823,0.000623,7,84
influence_selection,heldout_object,contact_grasp_policy,material_shift,0.624150,0.016777,0.538337,0.001203,0.262374,0.000922,0.110060,0.000955,0.072556,0.000875,0.248506,0.000669,0.091164,0.000610,7,84
influence_selection,heldout_object,contact_grasp_policy,operator_bias_shift,0.624150,0.024343,0.539323,0.003839,0.265600,0.000970,0.114678,0.002941,0.075786,0.000623,0.247783,0.000579,0.092836,0.000643,7,84
influence_selection,heldout_object,contact_grasp_policy,rare_contact_mechanism,0.586735,0.030429,0.537475,0.001306,0.270187,0.000999,0.117788,0.001422,0.075617,0.001222,0.253325,0.000843,0.091421,0.000663,7,84
influence_selection,heldout_object,deformable_pull_policy,color_mechanism_confound,0.593537,0.036515,0.549257,0.001357,0.260879,0.001037,0.112622,0.002532,0.072729,0.001019,0.248875,0.002660,0.088021,0.002596,7,84
influence_selection,heldout_object,deformable_pull_policy,compound_spurious_shift,0.513605,0.050000,0.532749,0.001344,0.284394,0.001027,0.129341,0.001745,0.074830,0.001398,0.257052,0.002236,0.096884,0.001901,7,84
influence_selection,heldout_object,deformable_pull_policy,iid_mechanisms,0.603741,0.023727,0.557438,0.001229,0.248899,0.000941,0.103537,0.002694,0.072361,0.000642,0.244476,0.000573,0.086683,0.000623,7,84
influence_selection,heldout_object,deformable_pull_policy,intervention_gap,0.535714,0.036362,0.546552,0.001255,0.271611,0.000960,0.119770,0.003291,0.077646,0.000966,0.250764,0.000653,0.095047,0.000636,7,84
influence_selection,heldout_object,deformable_pull_policy,material_shift,0.554422,0.048800,0.548063,0.005310,0.258043,0.000941,0.113658,0.001798,0.077379,0.001447,0.251073,0.000893,0.088057,0.002431,7,84
influence_selection,heldout_object,deformable_pull_policy,operator_bias_shift,0.557823,0.015635,0.550068,0.001293,0.267178,0.000989,0.119068,0.000952,0.076731,0.000888,0.253113,0.001903,0.091476,0.000656,7,84
influence_selection,heldout_object,deformable_pull_policy,rare_contact_mechanism,0.571429,0.042295,0.546087,0.004804,0.268450,0.003906,0.118222,0.001309,0.077553,0.001044,0.253649,0.000743,0.092372,0.000611,7,84
influence_selection,heldout_object,force_limited_twist_policy,color_mechanism_confound,0.625850,0.039063,0.544330,0.001408,0.254169,0.001075,0.109899,0.001796,0.071689,0.001518,0.249483,0.001008,0.090640,0.000715,7,84
influence_selection,heldout_object,force_limited_twist_policy,compound_spurious_shift,0.564626,0.022690,0.528788,0.004761,0.286984,0.001066,0.124858,0.002205,0.076405,0.002627,0.252240,0.000728,0.094417,0.000708,7,84
influence_selection,heldout_object,force_limited_twist_policy,iid_mechanisms,0.658163,0.034048,0.548447,0.001280,0.244287,0.003937,0.101686,0.001010,0.068972,0.000745,0.246262,0.000552,0.082730,0.000585,7,84
influence_selection,heldout_object,force_limited_twist_policy,intervention_gap,0.583333,0.044389,0.535630,0.005249,0.272410,0.003921,0.122083,0.001514,0.076154,0.002438,0.253939,0.002364,0.094788,0.000598,7,84
influence_selection,heldout_object,force_limited_twist_policy,material_shift,0.600340,0.039394,0.545933,0.001280,0.260291,0.000979,0.114795,0.001675,0.074579,0.001397,0.251801,0.001833,0.089930,0.000649,7,84
influence_selection,heldout_object,force_limited_twist_policy,operator_bias_shift,0.569728,0.036158,0.543110,0.001344,0.267520,0.003583,0.114113,0.001366,0.075195,0.001202,0.249479,0.000899,0.088618,0.000629,7,84
influence_selection,heldout_object,force_limited_twist_policy,rare_contact_mechanism,0.571429,0.041366,0.538519,0.001383,0.268334,0.003876,0.119007,0.001069,0.073992,0.000832,0.254403,0.000647,0.091489,0.002638,7,84
influence_selection,heldout_object,mobile_place_policy,color_mechanism_confound,0.653061,0.028545,0.529610,0.004812,0.255087,0.003596,0.112235,0.000790,0.073822,0.002934,0.249940,0.002654,0.090500,0.000616,7,84
influence_selection,heldout_object,mobile_place_policy,compound_spurious_shift,0.505102,0.042861,0.515798,0.004821,0.282340,0.003921,0.129156,0.003169,0.078774,0.003082,0.255573,0.002704,0.097340,0.000598,7,84
influence_selection,heldout_object,mobile_place_policy,iid_mechanisms,0.632653,0.035066,0.544170,0.001191,0.247891,0.000912,0.105281,0.001456,0.074120,0.001217,0.249037,0.000803,0.083280,0.001931,7,84
influence_selection,heldout_object,mobile_place_policy,intervention_gap,0.552721,0.044347,0.527892,0.001216,0.273419,0.003975,0.119359,0.001567,0.076917,0.001311,0.252748,0.000905,0.093566,0.002485,7,84
influence_selection,heldout_object,mobile_place_policy,material_shift,0.566327,0.049852,0.525647,0.001191,0.257035,0.000912,0.112482,0.002662,0.072442,0.002387,0.247800,0.000859,0.089227,0.000604,7,84
influence_selection,heldout_object,mobile_place_policy,operator_bias_shift,0.583333,0.020994,0.523320,0.001255,0.268066,0.000960,0.116584,0.000925,0.072774,0.001631,0.252111,0.000649,0.088223,0.000636,7,84
influence_selection,heldout_object,mobile_place_policy,rare_contact_mechanism,0.581633,0.040231,0.529546,0.003829,0.270133,0.000989,0.119066,0.002434,0.076946,0.001340,0.252187,0.002388,0.093093,0.000656,7,84
influence_selection,heldout_object,peg_search_policy,color_mechanism_confound,0.619048,0.019052,0.519646,0.001293,0.257757,0.000989,0.112821,0.000622,0.074686,0.000611,0.250778,0.001895,0.089075,0.000656,7,84
influence_selection,heldout_object,peg_search_policy,compound_spurious_shift,0.561224,0.053989,0.505171,0.003834,0.284512,0.000979,0.127817,0.001761,0.078514,0.000991,0.254034,0.003027,0.096719,0.000649,7,84
influence_selection,heldout_object,peg_search_policy,iid_mechanisms,0.630952,0.046667,0.523003,0.001165,0.242159,0.000893,0.104468,0.001440,0.071789,0.001117,0.248524,0.000676,0.085267,0.002674,7,84
influence_selection,heldout_object,peg_search_policy,intervention_gap,0.596939,0.035434,0.503477,0.001191,0.270397,0.000912,0.116863,0.001768,0.072037,0.000863,0.250151,0.000640,0.092829,0.000604,7,84
influence_selection,heldout_object,peg_search_policy,material_shift,0.625850,0.039063,0.513628,0.005362,0.263309,0.000893,0.111756,0.003546,0.076172,0.000732,0.247818,0.001942,0.087976,0.000590,7,84
influence_selection,heldout_object,peg_search_policy,operator_bias_shift,0.634354,0.025313,0.510042,0.001229,0.268250,0.000941,0.115087,0.002292,0.072355,0.001061,0.249298,0.002317,0.090819,0.000623,7,84
influence_selection,heldout_object,peg_search_policy,rare_contact_mechanism,0.539116,0.073560,0.513683,0.001267,0.266663,0.000970,0.117702,0.003452,0.076985,0.001774,0.250159,0.001338,0.093193,0.000643,7,84
influence_selection,small_budget,contact_grasp_policy,color_mechanism_confound,0.649660,0.048266,0.540448,0.001306,0.247816,0.000999,0.104352,0.001236,0.069529,0.000916,0.245063,0.000566,0.083552,0.001909,7,84
influence_selection,small_budget,contact_grasp_policy,compound_spurious_shift,0.600340,0.037367,0.526076,0.001293,0.272933,0.000989,0.119038,0.001540,0.072020,0.001288,0.250572,0.000855,0.091222,0.002408,7,84
influence_selection,small_budget,contact_grasp_policy,iid_mechanisms,0.729592,0.038006,0.549540,0.001178,0.236520,0.000903,0.097106,0.001525,0.068357,0.001261,0.243853,0.000815,0.084968,0.000597,7,84
influence_selection,small_budget,contact_grasp_policy,intervention_gap,0.642857,0.035642,0.531423,0.001203,0.265814,0.000922,0.115286,0.002631,0.070747,0.000875,0.248998,0.002475,0.089821,0.000610,7,84
influence_selection,small_budget,contact_grasp_policy,material_shift,0.641156,0.053020,0.546786,0.001178,0.257489,0.000903,0.111336,0.001713,0.074697,0.001330,0.249578,0.001931,0.084124,0.000597,7,84
influence_selection,small_budget,contact_grasp_policy,operator_bias_shift,0.627551,0.054772,0.541435,0.001242,0.257677,0.003635,0.111853,0.002508,0.073535,0.001215,0.245822,0.000896,0.089439,0.000576,7,84
influence_selection,small_budget,contact_grasp_policy,rare_contact_mechanism,0.617347,0.056797,0.532660,0.001280,0.263930,0.003616,0.111935,0.001952,0.072666,0.002167,0.248773,0.000946,0.086874,0.001917,7,84
influence_selection,small_budget,deformable_pull_policy,color_mechanism_confound,0.561224,0.036515,0.553681,0.001331,0.252852,0.001018,0.107421,0.001006,0.073323,0.000811,0.246090,0.000589,0.083434,0.000676,7,84
influence_selection,small_budget,deformable_pull_policy,compound_spurious_shift,0.534014,0.042120,0.537733,0.001319,0.276787,0.001008,0.122866,0.002934,0.074587,0.000940,0.250590,0.000654,0.091440,0.002400,7,84
influence_selection,small_budget,deformable_pull_policy,iid_mechanisms,0.615646,0.028674,0.563022,0.001203,0.241742,0.000922,0.101076,0.001216,0.072845,0.001041,0.245259,0.000725,0.083834,0.002440,7,84
influence_selection,small_budget,deformable_pull_policy,intervention_gap,0.551020,0.043419,0.548056,0.001229,0.266539,0.003967,0.115302,0.001580,0.075975,0.001347,0.249473,0.000946,0.092477,0.000559,7,84
influence_selection,small_budget,deformable_pull_policy,material_shift,0.591837,0.034427,0.548833,0.004891,0.252421,0.002891,0.112698,0.000912,0.075089,0.002553,0.250338,0.001916,0.085111,0.000579,7,84
influence_selection,small_budget,deformable_pull_policy,operator_bias_shift,0.551020,0.040323,0.546789,0.001267,0.260233,0.003944,0.115037,0.000910,0.073070,0.000597,0.250794,0.000449,0.086484,0.000578,7,84
influence_selection,small_budget,deformable_pull_policy,rare_contact_mechanism,0.530612,0.031740,0.542742,0.001306,0.259741,0.002861,0.113920,0.002006,0.073317,0.002021,0.248207,0.000733,0.088463,0.002640,7,84
influence_selection,small_budget,force_limited_twist_policy,color_mechanism_confound,0.634354,0.038345,0.546090,0.004769,0.252777,0.001056,0.106014,0.001168,0.072743,0.002811,0.246125,0.000671,0.085997,0.000702,7,84
influence_selection,small_budget,force_limited_twist_policy,compound_spurious_shift,0.595238,0.041678,0.537969,0.001370,0.274006,0.001047,0.122123,0.002231,0.075817,0.001202,0.251227,0.002605,0.089869,0.000695,7,84
influence_selection,small_budget,force_limited_twist_policy,iid_mechanisms,0.705782,0.034427,0.553654,0.005290,0.238619,0.000960,0.096929,0.001014,0.071908,0.001814,0.243093,0.000588,0.083173,0.002638,7,84
influence_selection,small_budget,force_limited_twist_policy,intervention_gap,0.600340,0.041321,0.539044,0.001280,0.263682,0.000979,0.116005,0.001419,0.072902,0.001151,0.251322,0.000751,0.088568,0.000649,7,84
influence_selection,small_budget,force_limited_twist_policy,material_shift,0.637755,0.036311,0.544039,0.001255,0.257873,0.002876,0.110435,0.000556,0.070877,0.000280,0.249757,0.000329,0.085731,0.000605,7,84
influence_selection,small_budget,force_limited_twist_policy,operator_bias_shift,0.617347,0.019341,0.548600,0.001319,0.262064,0.002858,0.112942,0.000515,0.075066,0.000523,0.249882,0.000553,0.088062,0.000638,7,84
influence_selection,small_budget,force_limited_twist_policy,rare_contact_mechanism,0.619048,0.027420,0.539369,0.001357,0.264545,0.001037,0.115624,0.001335,0.071468,0.001167,0.251342,0.001971,0.089783,0.002386,7,84
influence_selection,small_budget,mobile_place_policy,color_mechanism_confound,0.605442,0.033555,0.534788,0.001293,0.247796,0.000989,0.107949,0.001336,0.071781,0.001128,0.247756,0.000775,0.084094,0.000656,7,84
influence_selection,small_budget,mobile_place_policy,compound_spurious_shift,0.578231,0.020276,0.521536,0.001280,0.273753,0.000979,0.122587,0.000806,0.074416,0.000748,0.253604,0.000612,0.091194,0.000649,7,84
influence_selection,small_budget,mobile_place_policy,iid_mechanisms,0.610544,0.029565,0.539073,0.001165,0.238040,0.004006,0.100644,0.001159,0.069751,0.001010,0.244890,0.000763,0.084274,0.000526,7,84
influence_selection,small_budget,mobile_place_policy,intervention_gap,0.617347,0.027622,0.525575,0.005341,0.267368,0.003990,0.118331,0.000917,0.075983,0.002308,0.251411,0.002640,0.088007,0.000539,7,84
influence_selection,small_budget,mobile_place_policy,material_shift,0.573129,0.052033,0.536318,0.001165,0.253864,0.000893,0.113009,0.002053,0.074779,0.001660,0.251248,0.001007,0.085634,0.002453,7,84
influence_selection,small_budget,mobile_place_policy,operator_bias_shift,0.600340,0.026387,0.525367,0.001229,0.258427,0.000941,0.114360,0.001278,0.073634,0.002544,0.251145,0.000777,0.085932,0.000623,7,84
influence_selection,small_budget,mobile_place_policy,rare_contact_mechanism,0.647959,0.020905,0.529240,0.001267,0.260444,0.003622,0.114182,0.000869,0.072051,0.000831,0.251838,0.000717,0.088481,0.000589,7,84
influence_selection,small_budget,peg_search_policy,color_mechanism_confound,0.651361,0.026805,0.516615,0.001267,0.251227,0.003944,0.107811,0.000891,0.070366,0.000753,0.248287,0.000631,0.084322,0.000578,7,84
influence_selection,small_budget,peg_search_policy,compound_spurious_shift,0.556122,0.041899,0.504987,0.001255,0.274972,0.003629,0.125158,0.001161,0.075259,0.000794,0.254484,0.002120,0.092197,0.000583,7,84
influence_selection,small_budget,peg_search_policy,iid_mechanisms,0.670068,0.032489,0.521132,0.001139,0.241645,0.000874,0.100225,0.001226,0.068170,0.001020,0.245402,0.000685,0.084620,0.000577,7,84
influence_selection,small_budget,peg_search_policy,intervention_gap,0.590136,0.044054,0.513534,0.001165,0.266822,0.000893,0.118619,0.001306,0.075553,0.001009,0.253452,0.000622,0.087807,0.001937,7,84
influence_selection,small_budget,peg_search_policy,material_shift,0.622449,0.023727,0.518378,0.001139,0.250608,0.000874,0.111307,0.001567,0.073085,0.000921,0.248432,0.002545,0.084727,0.001942,7,84
influence_selection,small_budget,peg_search_policy,operator_bias_shift,0.619048,0.049889,0.515315,0.001203,0.261088,0.000922,0.111043,0.001794,0.073176,0.001433,0.248005,0.000874,0.090207,0.000610,7,84
influence_selection,small_budget,peg_search_policy,rare_contact_mechanism,0.610544,0.034427,0.514316,0.001242,0.262881,0.003960,0.112386,0.002654,0.073793,0.000707,0.246822,0.000624,0.090316,0.000565,7,84
invariant_risk_selection,clean_budget,contact_grasp_policy,color_mechanism_confound,0.661565,0.020905,0.573357,0.004778,0.207564,0.001047,0.089347,0.001045,0.065614,0.000953,0.232275,0.000736,0.072469,0.000695,7,84
invariant_risk_selection,clean_budget,contact_grasp_policy,compound_spurious_shift,0.644558,0.026176,0.562159,0.001357,0.229400,0.001037,0.103294,0.002070,0.066599,0.000679,0.236761,0.000606,0.078242,0.000689,7,84
invariant_risk_selection,clean_budget,contact_grasp_policy,iid_mechanisms,0.753401,0.025820,0.576120,0.001242,0.201100,0.000951,0.084609,0.000727,0.059071,0.000638,0.232355,0.001938,0.069654,0.000630,7,84
invariant_risk_selection,clean_budget,contact_grasp_policy,intervention_gap,0.692177,0.024646,0.568202,0.001267,0.223583,0.000970,0.098677,0.002677,0.065567,0.000804,0.235484,0.002351,0.079497,0.000643,7,84
invariant_risk_selection,clean_budget,contact_grasp_policy,material_shift,0.666667,0.050918,0.573966,0.001242,0.209119,0.000951,0.090243,0.001618,0.064708,0.001261,0.232645,0.000761,0.076906,0.000630,7,84
invariant_risk_selection,clean_budget,contact_grasp_policy,operator_bias_shift,0.697279,0.047180,0.567306,0.005249,0.219996,0.002861,0.097477,0.001211,0.066215,0.000910,0.236941,0.001881,0.077164,0.000631,7,84
invariant_risk_selection,clean_budget,contact_grasp_policy,rare_contact_mechanism,0.658163,0.024795,0.560984,0.001344,0.219178,0.001027,0.099194,0.001109,0.063570,0.002231,0.237977,0.001879,0.077999,0.001901,7,84
invariant_risk_selection,clean_budget,deformable_pull_policy,color_mechanism_confound,0.598639,0.040323,0.583131,0.001395,0.206328,0.001066,0.095182,0.001265,0.064780,0.001028,0.236932,0.000708,0.072692,0.002580,7,84
invariant_risk_selection,clean_budget,deformable_pull_policy,compound_spurious_shift,0.545918,0.049216,0.565783,0.001383,0.232128,0.003876,0.108527,0.001733,0.065794,0.001374,0.240987,0.000897,0.082314,0.000637,7,84
invariant_risk_selection,clean_budget,deformable_pull_policy,iid_mechanisms,0.654762,0.039110,0.586142,0.004847,0.200050,0.000970,0.083648,0.001550,0.063247,0.002183,0.230632,0.000841,0.070003,0.002632,7,84
invariant_risk_selection,clean_budget,deformable_pull_policy,intervention_gap,0.627551,0.024795,0.576802,0.001293,0.224897,0.000989,0.101856,0.000819,0.066396,0.000732,0.239572,0.000592,0.078030,0.000656,7,84
invariant_risk_selection,clean_budget,deformable_pull_policy,material_shift,0.636054,0.030912,0.579414,0.001267,0.209784,0.002872,0.095356,0.001146,0.063375,0.000996,0.237103,0.000746,0.073853,0.000611,7,84
invariant_risk_selection,clean_budget,deformable_pull_policy,operator_bias_shift,0.615646,0.046027,0.571487,0.001331,0.214566,0.001018,0.099661,0.001377,0.064879,0.002949,0.236701,0.002442,0.077953,0.000676,7,84
invariant_risk_selection,clean_budget,deformable_pull_policy,rare_contact_mechanism,0.576531,0.025892,0.579040,0.001370,0.217293,0.002844,0.098255,0.003014,0.066822,0.000393,0.234384,0.000494,0.074349,0.000664,7,84
invariant_risk_selection,clean_budget,force_limited_twist_policy,color_mechanism_confound,0.676871,0.034319,0.572955,0.001447,0.207858,0.001104,0.091312,0.002800,0.061592,0.001633,0.232241,0.002248,0.072898,0.000735,7,84
invariant_risk_selection,clean_budget,force_limited_twist_policy,compound_spurious_shift,0.598639,0.022608,0.565720,0.003778,0.234382,0.003539,0.107096,0.000765,0.068344,0.000662,0.240464,0.000620,0.079584,0.002597,7,84
invariant_risk_selection,clean_budget,force_limited_twist_policy,iid_mechanisms,0.726190,0.023333,0.583336,0.001319,0.198532,0.001008,0.081183,0.000969,0.060428,0.000871,0.229694,0.000674,0.068129,0.000669,7,84
invariant_risk_selection,clean_budget,force_limited_twist_policy,intervention_gap,0.661565,0.044054,0.569778,0.001344,0.225361,0.003583,0.097389,0.002619,0.064452,0.001188,0.234612,0.000837,0.075222,0.000629,7,84
invariant_risk_selection,clean_budget,force_limited_twist_policy,material_shift,0.668367,0.036158,0.576608,0.004812,0.213412,0.003914,0.094399,0.000958,0.066182,0.000749,0.236556,0.000603,0.075491,0.000604,7,84
invariant_risk_selection,clean_budget,force_limited_twist_policy,operator_bias_shift,0.678571,0.054840,0.575287,0.001383,0.214572,0.001056,0.096279,0.001276,0.064387,0.001441,0.234577,0.002570,0.073689,0.001894,7,84
invariant_risk_selection,clean_budget,force_limited_twist_policy,rare_contact_mechanism,0.637755,0.038394,0.570795,0.005157,0.221987,0.002830,0.099497,0.002649,0.067644,0.001109,0.236546,0.002488,0.074428,0.000690,7,84
invariant_risk_selection,clean_budget,mobile_place_policy,color_mechanism_confound,0.627551,0.044012,0.566635,0.001357,0.208557,0.003891,0.091047,0.002683,0.064783,0.001195,0.232087,0.000858,0.071397,0.000624,7,84
invariant_risk_selection,clean_budget,mobile_place_policy,compound_spurious_shift,0.634354,0.035172,0.551983,0.001344,0.234664,0.003583,0.103974,0.002064,0.065941,0.001122,0.236895,0.000885,0.077799,0.000629,7,84
invariant_risk_selection,clean_budget,mobile_place_policy,iid_mechanisms,0.632653,0.052281,0.573737,0.003854,0.195057,0.002883,0.084907,0.001861,0.065244,0.001456,0.231773,0.000875,0.070639,0.002664,7,84
invariant_risk_selection,clean_budget,mobile_place_policy,intervention_gap,0.588435,0.020276,0.549858,0.001255,0.226151,0.000960,0.101335,0.000761,0.065006,0.002598,0.238187,0.000586,0.074926,0.000636,7,84
invariant_risk_selection,clean_budget,mobile_place_policy,material_shift,0.673469,0.028739,0.557862,0.001229,0.213367,0.000941,0.095387,0.001023,0.060978,0.000873,0.235362,0.002413,0.073482,0.000623,7,84
invariant_risk_selection,clean_budget,mobile_place_policy,operator_bias_shift,0.629252,0.048419,0.557036,0.004830,0.220044,0.002865,0.096076,0.001867,0.065215,0.002830,0.233032,0.000909,0.076590,0.002442,7,84
invariant_risk_selection,clean_budget,mobile_place_policy,rare_contact_mechanism,0.624150,0.042251,0.551928,0.001331,0.216706,0.001018,0.099502,0.003005,0.064798,0.002987,0.236622,0.002746,0.077992,0.001904,7,84
invariant_risk_selection,clean_budget,peg_search_policy,color_mechanism_confound,0.603741,0.034801,0.542586,0.003815,0.205980,0.001018,0.095410,0.001094,0.065337,0.002937,0.236142,0.001924,0.075504,0.000676,7,84
invariant_risk_selection,clean_budget,peg_search_policy,compound_spurious_shift,0.658163,0.038006,0.527271,0.001319,0.229874,0.001008,0.106433,0.001413,0.065019,0.002527,0.238998,0.002408,0.081539,0.001906,7,84
invariant_risk_selection,clean_budget,peg_search_policy,iid_mechanisms,0.707483,0.038055,0.549920,0.001203,0.196084,0.000922,0.083231,0.003084,0.059131,0.001043,0.228097,0.000724,0.070345,0.000610,7,84
invariant_risk_selection,clean_budget,peg_search_policy,intervention_gap,0.625850,0.025892,0.536514,0.001229,0.226457,0.000941,0.102541,0.002368,0.063881,0.000669,0.236691,0.002709,0.077571,0.000623,7,84
invariant_risk_selection,clean_budget,peg_search_policy,material_shift,0.639456,0.042514,0.547765,0.001203,0.216109,0.000922,0.093657,0.001131,0.065102,0.000856,0.235061,0.000543,0.075503,0.002440,7,84
invariant_risk_selection,clean_budget,peg_search_policy,operator_bias_shift,0.644558,0.048952,0.541107,0.005279,0.218412,0.000970,0.094240,0.002026,0.066420,0.002323,0.233895,0.001036,0.075624,0.002632,7,84
invariant_risk_selection,clean_budget,peg_search_policy,rare_contact_mechanism,0.656463,0.025676,0.544848,0.001306,0.221710,0.000999,0.098581,0.001030,0.065801,0.000908,0.238309,0.000683,0.076983,0.000663,7,84
invariant_risk_selection,combined_stress,contact_grasp_policy,color_mechanism_confound,0.617347,0.034694,0.557717,0.001408,0.241609,0.001075,0.109834,0.001416,0.068335,0.001204,0.246060,0.002217,0.084846,0.000715,7,84
invariant_risk_selection,combined_stress,contact_grasp_policy,compound_spurious_shift,0.557823,0.068394,0.541105,0.001395,0.262815,0.001066,0.123452,0.002394,0.069709,0.001884,0.252838,0.001107,0.093619,0.002580,7,84
invariant_risk_selection,combined_stress,contact_grasp_policy,iid_mechanisms,0.656463,0.033555,0.562170,0.001280,0.227837,0.000979,0.101332,0.001112,0.065497,0.000925,0.245225,0.000655,0.085045,0.000649,7,84
invariant_risk_selection,combined_stress,contact_grasp_policy,intervention_gap,0.532313,0.032886,0.544364,0.001306,0.254910,0.000999,0.116072,0.001637,0.068508,0.001399,0.248614,0.000940,0.090019,0.000663,7,84
invariant_risk_selection,combined_stress,contact_grasp_policy,material_shift,0.602041,0.028284,0.546654,0.003834,0.246417,0.002868,0.108005,0.002201,0.066526,0.002887,0.244229,0.000736,0.089216,0.002650,7,84
invariant_risk_selection,combined_stress,contact_grasp_policy,operator_bias_shift,0.647959,0.045216,0.546070,0.004795,0.246414,0.001027,0.111394,0.001439,0.066723,0.002523,0.247979,0.000741,0.091195,0.000682,7,84
invariant_risk_selection,combined_stress,contact_grasp_policy,rare_contact_mechanism,0.568027,0.053576,0.551281,0.001383,0.249101,0.001056,0.114612,0.002318,0.069731,0.001529,0.246042,0.002128,0.088706,0.000702,7,84
invariant_risk_selection,combined_stress,deformable_pull_policy,color_mechanism_confound,0.522109,0.031151,0.567298,0.001434,0.242760,0.002827,0.111154,0.001334,0.070324,0.001129,0.247888,0.000818,0.086579,0.002368,7,84
invariant_risk_selection,combined_stress,deformable_pull_policy,compound_spurious_shift,0.454082,0.044804,0.549110,0.001421,0.264499,0.001085,0.124274,0.001844,0.071068,0.001530,0.251677,0.000996,0.096860,0.000722,7,84
invariant_risk_selection,combined_stress,deformable_pull_policy,iid_mechanisms,0.610544,0.046308,0.571999,0.001306,0.230889,0.000999,0.101419,0.001413,0.066615,0.001108,0.244398,0.000703,0.084646,0.000663,7,84
invariant_risk_selection,combined_stress,deformable_pull_policy,intervention_gap,0.508503,0.049291,0.557345,0.001331,0.256896,0.003590,0.117003,0.001419,0.070773,0.001054,0.249141,0.000669,0.091178,0.000622,7,84
invariant_risk_selection,combined_stress,deformable_pull_policy,material_shift,0.557823,0.043033,0.556484,0.003825,0.242608,0.003603,0.111027,0.003198,0.067547,0.002998,0.245672,0.002440,0.089851,0.002423,7,84
invariant_risk_selection,combined_stress,deformable_pull_policy,operator_bias_shift,0.518707,0.035590,0.559206,0.001370,0.246801,0.003570,0.116605,0.001431,0.069088,0.001011,0.248494,0.002636,0.088975,0.002450,7,84
invariant_risk_selection,combined_stress,deformable_pull_policy,rare_contact_mechanism,0.496599,0.039675,0.557711,0.001408,0.249603,0.001075,0.117030,0.001498,0.069710,0.001247,0.250631,0.000843,0.091139,0.002575,7,84
invariant_risk_selection,combined_stress,force_limited_twist_policy,color_mechanism_confound,0.598639,0.044305,0.552098,0.001485,0.241860,0.001133,0.108016,0.001742,0.066824,0.002943,0.246246,0.000958,0.085181,0.000754,7,84
invariant_risk_selection,combined_stress,force_limited_twist_policy,compound_spurious_shift,0.544218,0.031269,0.546310,0.001472,0.262609,0.003520,0.122289,0.003042,0.070100,0.000662,0.249238,0.001818,0.095929,0.000694,7,84
invariant_risk_selection,combined_stress,force_limited_twist_policy,iid_mechanisms,0.668367,0.025166,0.568743,0.001357,0.225226,0.001037,0.096501,0.000245,0.065758,0.000298,0.240910,0.000435,0.083427,0.000689,7,84
invariant_risk_selection,combined_stress,force_limited_twist_policy,intervention_gap,0.571429,0.043205,0.545297,0.001383,0.256646,0.003564,0.115891,0.001566,0.065835,0.001256,0.249211,0.000844,0.093654,0.000648,7,84
invariant_risk_selection,combined_stress,force_limited_twist_policy,material_shift,0.600340,0.046904,0.550941,0.001357,0.245521,0.001037,0.110555,0.001307,0.065275,0.002745,0.248055,0.000647,0.091056,0.000689,7,84
invariant_risk_selection,combined_stress,force_limited_twist_policy,operator_bias_shift,0.591837,0.041589,0.555695,0.003783,0.251238,0.001085,0.114043,0.001656,0.069435,0.001379,0.249300,0.000917,0.088934,0.002365,7,84
invariant_risk_selection,combined_stress,force_limited_twist_policy,rare_contact_mechanism,0.588435,0.069788,0.551303,0.001460,0.253583,0.001114,0.113572,0.001444,0.067021,0.001886,0.246371,0.001849,0.091929,0.000741,7,84
invariant_risk_selection,combined_stress,mobile_place_policy,color_mechanism_confound,0.528912,0.037019,0.543194,0.001395,0.238153,0.003558,0.110055,0.000932,0.066668,0.000703,0.246945,0.000571,0.089930,0.000655,7,84
invariant_risk_selection,combined_stress,mobile_place_policy,compound_spurious_shift,0.528912,0.041944,0.527702,0.001383,0.263630,0.003876,0.122725,0.001427,0.067504,0.001172,0.251401,0.000837,0.095901,0.000637,7,84
invariant_risk_selection,combined_stress,mobile_place_policy,iid_mechanisms,0.593537,0.041186,0.551986,0.005279,0.229351,0.000970,0.098706,0.001553,0.067779,0.001999,0.241165,0.000826,0.085518,0.002417,7,84
invariant_risk_selection,combined_stress,mobile_place_policy,intervention_gap,0.542517,0.037712,0.538801,0.001293,0.254744,0.000989,0.118027,0.001566,0.069567,0.001309,0.250706,0.000866,0.091631,0.000656,7,84
invariant_risk_selection,combined_stress,mobile_place_policy,material_shift,0.574830,0.034427,0.541044,0.001267,0.242785,0.003944,0.110834,0.001048,0.065955,0.000885,0.247816,0.000698,0.087320,0.000578,7,84
invariant_risk_selection,combined_stress,mobile_place_policy,operator_bias_shift,0.547619,0.026458,0.539434,0.005228,0.243729,0.001018,0.114822,0.001236,0.069457,0.002149,0.249497,0.000782,0.091087,0.000676,7,84
invariant_risk_selection,combined_stress,mobile_place_policy,rare_contact_mechanism,0.527211,0.044887,0.538998,0.001370,0.250756,0.003883,0.117143,0.002568,0.068549,0.001304,0.248715,0.002591,0.089274,0.002414,7,84
invariant_risk_selection,combined_stress,peg_search_policy,color_mechanism_confound,0.630952,0.027889,0.528153,0.001370,0.238525,0.003883,0.109542,0.001195,0.065510,0.001075,0.246069,0.002417,0.086958,0.002666,7,84
invariant_risk_selection,combined_stress,peg_search_policy,compound_spurious_shift,0.523810,0.041366,0.514285,0.001357,0.263505,0.003891,0.125062,0.002764,0.069454,0.000884,0.251265,0.002827,0.093733,0.002649,7,84
invariant_risk_selection,combined_stress,peg_search_policy,iid_mechanisms,0.658163,0.020817,0.530317,0.003849,0.228182,0.000951,0.099331,0.000885,0.065213,0.002485,0.243066,0.000630,0.081494,0.000630,7,84
invariant_risk_selection,combined_stress,peg_search_policy,intervention_gap,0.579932,0.044597,0.520744,0.001267,0.251140,0.000970,0.117686,0.001695,0.068064,0.001382,0.251255,0.000878,0.091661,0.000643,7,84
invariant_risk_selection,combined_stress,peg_search_policy,material_shift,0.568027,0.036616,0.526236,0.001242,0.243332,0.003960,0.112570,0.002116,0.067230,0.000998,0.245857,0.002645,0.089040,0.000565,7,84
invariant_risk_selection,combined_stress,peg_search_policy,operator_bias_shift,0.573129,0.043928,0.525653,0.001306,0.248476,0.000999,0.112945,0.001832,0.068243,0.001515,0.247729,0.000971,0.088815,0.000663,7,84
invariant_risk_selection,combined_stress,peg_search_policy,rare_contact_mechanism,0.551020,0.049814,0.524919,0.003810,0.248419,0.003583,0.113565,0.001766,0.070300,0.001385,0.247959,0.000874,0.090170,0.000629,7,84
invariant_risk_selection,heldout_mechanism,contact_grasp_policy,color_mechanism_confound,0.681973,0.054535,0.562769,0.003778,0.231141,0.002827,0.101183,0.002098,0.066301,0.001684,0.242166,0.001053,0.081193,0.002368,7,84
invariant_risk_selection,heldout_mechanism,contact_grasp_policy,compound_spurious_shift,0.585034,0.043033,0.547884,0.001421,0.253642,0.001085,0.115728,0.001187,0.068244,0.000935,0.246751,0.000645,0.089707,0.002365,7,84
invariant_risk_selection,heldout_mechanism,contact_grasp_policy,iid_mechanisms,0.683673,0.025892,0.568349,0.001306,0.218214,0.000999,0.093278,0.001076,0.063697,0.000946,0.238838,0.000703,0.078539,0.000663,7,84
invariant_risk_selection,heldout_mechanism,contact_grasp_policy,intervention_gap,0.593537,0.011863,0.554623,0.001331,0.244917,0.003590,0.109013,0.000491,0.068114,0.000570,0.243927,0.000622,0.085547,0.000622,7,84
invariant_risk_selection,heldout_mechanism,contact_grasp_policy,material_shift,0.649660,0.019626,0.555360,0.004821,0.231828,0.003921,0.103710,0.002556,0.065633,0.002716,0.241189,0.002659,0.085038,0.001919,7,84
invariant_risk_selection,heldout_mechanism,contact_grasp_policy,operator_bias_shift,0.579932,0.044305,0.556539,0.001370,0.234864,0.003570,0.109361,0.002290,0.066979,0.001269,0.243546,0.002659,0.083373,0.002450,7,84
invariant_risk_selection,heldout_mechanism,contact_grasp_policy,rare_contact_mechanism,0.641156,0.026176,0.554956,0.001408,0.237600,0.001075,0.107237,0.001382,0.065735,0.001218,0.244805,0.000873,0.085491,0.002575,7,84
invariant_risk_selection,heldout_mechanism,deformable_pull_policy,color_mechanism_confound,0.596939,0.036158,0.568768,0.005127,0.225878,0.001114,0.103356,0.001511,0.067201,0.002486,0.243108,0.000889,0.079734,0.000741,7,84
invariant_risk_selection,heldout_mechanism,deformable_pull_policy,compound_spurious_shift,0.520408,0.022608,0.559167,0.001447,0.254058,0.003532,0.116870,0.000989,0.070372,0.000904,0.246702,0.000765,0.089838,0.002424,7,84
invariant_risk_selection,heldout_mechanism,deformable_pull_policy,iid_mechanisms,0.598639,0.031269,0.579169,0.003815,0.218283,0.003906,0.095921,0.001203,0.067222,0.001072,0.239905,0.000838,0.079577,0.000611,7,84
invariant_risk_selection,heldout_mechanism,deformable_pull_policy,intervention_gap,0.564626,0.047726,0.557161,0.003806,0.243919,0.001037,0.111480,0.001663,0.067472,0.002263,0.246008,0.000852,0.088143,0.000689,7,84
invariant_risk_selection,heldout_mechanism,deformable_pull_policy,material_shift,0.583333,0.036717,0.563894,0.001331,0.231897,0.001018,0.105792,0.002086,0.064177,0.001180,0.242068,0.002521,0.083788,0.002606,7,84
invariant_risk_selection,heldout_mechanism,deformable_pull_policy,operator_bias_shift,0.561224,0.030307,0.561519,0.001395,0.237412,0.003868,0.107255,0.001321,0.064916,0.001195,0.243316,0.000927,0.086103,0.000644,7,84
invariant_risk_selection,heldout_mechanism,deformable_pull_policy,rare_contact_mechanism,0.561224,0.037565,0.564664,0.001434,0.240264,0.001095,0.108196,0.001552,0.067449,0.001311,0.244121,0.000894,0.087157,0.001885,7,84
invariant_risk_selection,heldout_mechanism,force_limited_twist_policy,color_mechanism_confound,0.651361,0.034048,0.567586,0.003752,0.228768,0.001152,0.101305,0.002466,0.066806,0.000961,0.239612,0.002528,0.084335,0.000767,7,84
invariant_risk_selection,heldout_mechanism,force_limited_twist_policy,compound_spurious_shift,0.557823,0.025676,0.547517,0.001498,0.254242,0.003507,0.116779,0.000840,0.066249,0.000755,0.247288,0.000691,0.086874,0.000707,7,84
invariant_risk_selection,heldout_mechanism,force_limited_twist_policy,iid_mechanisms,0.649660,0.043759,0.569350,0.001383,0.218125,0.003876,0.095172,0.000962,0.062548,0.000634,0.240128,0.000486,0.080953,0.001914,7,84
invariant_risk_selection,heldout_mechanism,force_limited_twist_policy,intervention_gap,0.583333,0.031388,0.552271,0.003787,0.244029,0.003860,0.109609,0.003233,0.066993,0.003319,0.242158,0.000458,0.086271,0.000650,7,84
invariant_risk_selection,heldout_mechanism,force_limited_twist_policy,material_shift,0.608844,0.029876,0.565509,0.003796,0.231740,0.001056,0.103522,0.002664,0.067925,0.000927,0.240259,0.001894,0.081734,0.000702,7,84
invariant_risk_selection,heldout_mechanism,force_limited_twist_policy,operator_bias_shift,0.605442,0.057703,0.560592,0.005137,0.233633,0.002824,0.107491,0.002318,0.068186,0.001398,0.244623,0.001187,0.082720,0.001934,7,84
invariant_risk_selection,heldout_mechanism,force_limited_twist_policy,rare_contact_mechanism,0.627551,0.051604,0.558553,0.005107,0.237743,0.001133,0.105259,0.001265,0.068682,0.000933,0.242614,0.000602,0.085776,0.002544,7,84
invariant_risk_selection,heldout_mechanism,mobile_place_policy,color_mechanism_confound,0.586735,0.038345,0.548244,0.001421,0.226083,0.002830,0.100383,0.001279,0.063533,0.001076,0.239741,0.000790,0.082880,0.000690,7,84
invariant_risk_selection,heldout_mechanism,mobile_place_policy,compound_spurious_shift,0.552721,0.046348,0.534479,0.003787,0.252855,0.003860,0.116165,0.003608,0.068432,0.003385,0.244257,0.000491,0.088592,0.000650,7,84
invariant_risk_selection,heldout_mechanism,mobile_place_policy,iid_mechanisms,0.612245,0.047180,0.562737,0.001293,0.218126,0.000989,0.097687,0.000946,0.066539,0.000616,0.240632,0.002055,0.080188,0.000656,7,84
invariant_risk_selection,heldout_mechanism,mobile_place_policy,intervention_gap,0.578231,0.035590,0.546771,0.001319,0.246579,0.001008,0.110733,0.001272,0.068614,0.001060,0.245183,0.000732,0.086104,0.000669,7,84
invariant_risk_selection,heldout_mechanism,mobile_place_policy,material_shift,0.630952,0.045826,0.545175,0.001293,0.231740,0.003929,0.100821,0.001440,0.063553,0.001467,0.240168,0.000825,0.082113,0.002458,7,84
invariant_risk_selection,heldout_mechanism,mobile_place_policy,operator_bias_shift,0.585034,0.062242,0.545328,0.001357,0.239151,0.001037,0.110102,0.001367,0.065424,0.000892,0.244062,0.002683,0.084579,0.002596,7,84
invariant_risk_selection,heldout_mechanism,mobile_place_policy,rare_contact_mechanism,0.554422,0.039721,0.540385,0.001395,0.242798,0.001066,0.107969,0.001308,0.066655,0.002879,0.243415,0.000737,0.086175,0.000708,7,84
invariant_risk_selection,heldout_mechanism,peg_search_policy,color_mechanism_confound,0.624150,0.060000,0.529898,0.001395,0.230973,0.002837,0.100479,0.001327,0.064525,0.002941,0.240208,0.000373,0.082972,0.000677,7,84
invariant_risk_selection,heldout_mechanism,peg_search_policy,compound_spurious_shift,0.557823,0.037908,0.515470,0.001383,0.255533,0.001056,0.115611,0.000670,0.068478,0.003109,0.245859,0.000424,0.089461,0.000702,7,84
invariant_risk_selection,heldout_mechanism,peg_search_policy,iid_mechanisms,0.676871,0.044514,0.544623,0.001267,0.214615,0.000970,0.095392,0.001066,0.064378,0.001339,0.238656,0.002413,0.080262,0.000643,7,84
invariant_risk_selection,heldout_mechanism,peg_search_policy,intervention_gap,0.600340,0.024870,0.525409,0.001293,0.240632,0.000989,0.109075,0.001049,0.065632,0.000927,0.244295,0.000693,0.084515,0.000656,7,84
invariant_risk_selection,heldout_mechanism,peg_search_policy,material_shift,0.612245,0.041321,0.527060,0.001267,0.235090,0.000970,0.102615,0.001167,0.065830,0.003062,0.241312,0.000602,0.082297,0.002417,7,84
invariant_risk_selection,heldout_mechanism,peg_search_policy,operator_bias_shift,0.610544,0.058658,0.535101,0.001331,0.236411,0.003906,0.106114,0.001774,0.067914,0.001354,0.242990,0.000836,0.084035,0.000611,7,84
invariant_risk_selection,heldout_mechanism,peg_search_policy,rare_contact_mechanism,0.583333,0.028350,0.525286,0.001370,0.241549,0.001047,0.109545,0.001391,0.064740,0.001212,0.245591,0.000856,0.087793,0.000695,7,84
invariant_risk_selection,heldout_object,contact_grasp_policy,color_mechanism_confound,0.646259,0.031269,0.565878,0.001395,0.221456,0.001066,0.100641,0.001054,0.065316,0.000905,0.240572,0.001932,0.078452,0.002373,7,84
invariant_risk_selection,heldout_object,contact_grasp_policy,compound_spurious_shift,0.578231,0.018954,0.549546,0.001383,0.242873,0.001056,0.114668,0.001075,0.067032,0.000987,0.246431,0.000761,0.087369,0.002378,7,84
invariant_risk_selection,heldout_object,contact_grasp_policy,iid_mechanisms,0.705782,0.021430,0.567481,0.004847,0.214123,0.000970,0.088233,0.001103,0.062922,0.002458,0.234677,0.000730,0.076186,0.002632,7,84
invariant_risk_selection,heldout_object,contact_grasp_policy,intervention_gap,0.632653,0.038249,0.559069,0.001293,0.239666,0.000989,0.108327,0.001300,0.067591,0.001064,0.244540,0.000717,0.084689,0.000656,7,84
invariant_risk_selection,heldout_object,contact_grasp_policy,material_shift,0.630952,0.048305,0.560993,0.001267,0.224037,0.002872,0.101756,0.001425,0.064408,0.001040,0.241830,0.000611,0.080159,0.000611,7,84
invariant_risk_selection,heldout_object,contact_grasp_policy,operator_bias_shift,0.637755,0.067330,0.553810,0.001331,0.229376,0.001018,0.105653,0.002110,0.064591,0.001954,0.241528,0.002723,0.083497,0.001904,7,84
invariant_risk_selection,heldout_object,contact_grasp_policy,rare_contact_mechanism,0.615646,0.037317,0.561275,0.001370,0.230323,0.001047,0.103576,0.003096,0.067191,0.000648,0.238996,0.000512,0.080963,0.000695,7,84
invariant_risk_selection,heldout_object,deformable_pull_policy,color_mechanism_confound,0.612245,0.059129,0.574089,0.001421,0.222812,0.001085,0.099349,0.002199,0.065142,0.001766,0.239738,0.001081,0.081539,0.001888,7,84
invariant_risk_selection,heldout_object,deformable_pull_policy,compound_spurious_shift,0.551020,0.032886,0.556181,0.001408,0.243046,0.001075,0.112307,0.000932,0.065829,0.000787,0.243598,0.000616,0.087362,0.000715,7,84
invariant_risk_selection,heldout_object,deformable_pull_policy,iid_mechanisms,0.639456,0.042817,0.578226,0.005259,0.215664,0.000989,0.092620,0.002652,0.066153,0.002384,0.235434,0.002668,0.079400,0.000656,7,84
invariant_risk_selection,heldout_object,deformable_pull_policy,intervention_gap,0.556122,0.024795,0.566106,0.004812,0.238426,0.003914,0.109842,0.000669,0.070045,0.000625,0.244688,0.000619,0.084860,0.000604,7,84
invariant_risk_selection,heldout_object,deformable_pull_policy,material_shift,0.608844,0.044222,0.569451,0.001293,0.223863,0.000989,0.100132,0.001480,0.064046,0.001187,0.239857,0.000762,0.078771,0.000656,7,84
invariant_risk_selection,heldout_object,deformable_pull_policy,operator_bias_shift,0.595238,0.046944,0.570148,0.001357,0.231682,0.003891,0.104168,0.002862,0.066386,0.001306,0.239125,0.001709,0.079228,0.000624,7,84
invariant_risk_selection,heldout_object,deformable_pull_policy,rare_contact_mechanism,0.540816,0.054806,0.566333,0.001395,0.231030,0.002837,0.107608,0.001261,0.066554,0.000870,0.243855,0.000534,0.084750,0.001891,7,84
invariant_risk_selection,heldout_object,force_limited_twist_policy,color_mechanism_confound,0.627551,0.031269,0.571194,0.001472,0.222788,0.003823,0.097444,0.002421,0.065741,0.001067,0.236958,0.000877,0.081850,0.000683,7,84
invariant_risk_selection,heldout_object,force_limited_twist_policy,compound_spurious_shift,0.561224,0.031151,0.549678,0.001460,0.247177,0.001114,0.115882,0.000771,0.067486,0.002803,0.247070,0.000581,0.084792,0.000741,7,84
invariant_risk_selection,heldout_object,force_limited_twist_policy,iid_mechanisms,0.693878,0.040643,0.578128,0.003810,0.209162,0.002851,0.089375,0.001380,0.064774,0.001119,0.235949,0.000769,0.076432,0.000651,7,84
invariant_risk_selection,heldout_object,force_limited_twist_policy,intervention_gap,0.634354,0.026317,0.554929,0.001370,0.240767,0.001047,0.106635,0.000829,0.065249,0.002675,0.242855,0.000612,0.085642,0.000695,7,84
invariant_risk_selection,heldout_object,force_limited_twist_policy,material_shift,0.641156,0.021858,0.562493,0.001344,0.227652,0.001027,0.102793,0.001133,0.062680,0.001019,0.241737,0.001863,0.081685,0.002391,7,84
invariant_risk_selection,heldout_object,force_limited_twist_policy,operator_bias_shift,0.602041,0.023254,0.565222,0.001408,0.230135,0.001075,0.104834,0.001311,0.066240,0.001169,0.242276,0.000854,0.081929,0.002575,7,84
invariant_risk_selection,heldout_object,force_limited_twist_policy,rare_contact_mechanism,0.593537,0.024646,0.558509,0.003774,0.230739,0.001104,0.107816,0.000862,0.066344,0.002614,0.242811,0.002441,0.081449,0.000735,7,84
invariant_risk_selection,heldout_object,mobile_place_policy,color_mechanism_confound,0.615646,0.020817,0.552397,0.001383,0.224113,0.003564,0.100084,0.000707,0.063220,0.000674,0.240341,0.000649,0.081964,0.000648,7,84
invariant_risk_selection,heldout_object,mobile_place_policy,compound_spurious_shift,0.557823,0.043928,0.537185,0.001370,0.249799,0.001047,0.114642,0.001726,0.066616,0.002033,0.245516,0.000925,0.088079,0.000695,7,84
invariant_risk_selection,heldout_object,mobile_place_policy,iid_mechanisms,0.607143,0.033775,0.560626,0.001255,0.213173,0.003629,0.095082,0.001098,0.063531,0.000964,0.239584,0.000753,0.076093,0.000583,7,84
invariant_risk_selection,heldout_object,mobile_place_policy,intervention_gap,0.568027,0.024267,0.545400,0.005269,0.240467,0.000979,0.108576,0.002783,0.069495,0.002182,0.239982,0.000647,0.085790,0.001914,7,84
invariant_risk_selection,heldout_object,mobile_place_policy,material_shift,0.620748,0.021858,0.556424,0.003844,0.224802,0.000960,0.099203,0.001787,0.067317,0.001018,0.237848,0.000786,0.082380,0.001919,7,84
invariant_risk_selection,heldout_object,mobile_place_policy,operator_bias_shift,0.634354,0.034801,0.545928,0.001319,0.227657,0.001008,0.103365,0.002451,0.064494,0.002544,0.239252,0.002439,0.082878,0.002400,7,84
invariant_risk_selection,heldout_object,mobile_place_policy,rare_contact_mechanism,0.595238,0.051926,0.550033,0.001357,0.234659,0.003577,0.105086,0.003382,0.066193,0.001210,0.239784,0.002111,0.081048,0.001902,7,84
invariant_risk_selection,heldout_object,peg_search_policy,color_mechanism_confound,0.644558,0.068204,0.538886,0.001357,0.224140,0.003577,0.099124,0.004208,0.064297,0.001478,0.237633,0.002422,0.077581,0.001902,7,84
invariant_risk_selection,heldout_object,peg_search_policy,compound_spurious_shift,0.586735,0.038006,0.525298,0.001344,0.249329,0.002851,0.113319,0.003253,0.067323,0.000996,0.242476,0.001917,0.084500,0.001901,7,84
invariant_risk_selection,heldout_object,peg_search_policy,iid_mechanisms,0.668367,0.018659,0.547347,0.001229,0.213374,0.003642,0.088706,0.000897,0.063759,0.000869,0.234382,0.000738,0.078689,0.000570,7,84
invariant_risk_selection,heldout_object,peg_search_policy,intervention_gap,0.590136,0.042251,0.528874,0.005290,0.238232,0.000960,0.106165,0.001741,0.067890,0.002297,0.241551,0.000921,0.083293,0.002638,7,84
invariant_risk_selection,heldout_object,peg_search_policy,material_shift,0.649660,0.034854,0.531711,0.003854,0.225003,0.000941,0.100657,0.001216,0.065231,0.002855,0.240973,0.000684,0.078115,0.000623,7,84
invariant_risk_selection,heldout_object,peg_search_policy,operator_bias_shift,0.610544,0.067110,0.535964,0.004830,0.233774,0.000989,0.106156,0.002559,0.068837,0.001823,0.241131,0.002459,0.083795,0.000656,7,84
invariant_risk_selection,heldout_object,peg_search_policy,rare_contact_mechanism,0.613946,0.035590,0.532910,0.005228,0.230261,0.002854,0.105769,0.001237,0.067899,0.001906,0.243376,0.000801,0.083935,0.000644,7,84
invariant_risk_selection,small_budget,contact_grasp_policy,color_mechanism_confound,0.697279,0.036667,0.564767,0.001370,0.220550,0.002844,0.096375,0.001467,0.061804,0.001241,0.238810,0.000872,0.078130,0.002415,7,84
invariant_risk_selection,small_budget,contact_grasp_policy,compound_spurious_shift,0.585034,0.025676,0.548996,0.001357,0.244101,0.001037,0.112148,0.000568,0.064864,0.000530,0.244249,0.000514,0.086218,0.000689,7,84
invariant_risk_selection,small_budget,contact_grasp_policy,iid_mechanisms,0.697279,0.025386,0.576678,0.003849,0.203795,0.000951,0.085720,0.001177,0.064386,0.001028,0.232948,0.000736,0.075150,0.002426,7,84
invariant_risk_selection,small_budget,contact_grasp_policy,intervention_gap,0.632653,0.039252,0.555039,0.001267,0.231424,0.003944,0.103655,0.001112,0.063358,0.000812,0.240685,0.000566,0.079359,0.000578,7,84
invariant_risk_selection,small_budget,contact_grasp_policy,material_shift,0.663265,0.049291,0.560802,0.001242,0.223820,0.000951,0.098556,0.001492,0.061818,0.001152,0.239572,0.000699,0.076877,0.000630,7,84
invariant_risk_selection,small_budget,contact_grasp_policy,operator_bias_shift,0.625850,0.016777,0.561003,0.001306,0.224407,0.000999,0.099159,0.000961,0.063927,0.000893,0.237687,0.000700,0.076971,0.000663,7,84
invariant_risk_selection,small_budget,contact_grasp_policy,rare_contact_mechanism,0.647959,0.037367,0.563828,0.001344,0.228734,0.003898,0.099373,0.001222,0.065865,0.001030,0.238111,0.000781,0.079032,0.000617,7,84
invariant_risk_selection,small_budget,deformable_pull_policy,color_mechanism_confound,0.622449,0.024267,0.572160,0.003792,0.221181,0.001066,0.094685,0.000940,0.065395,0.002839,0.235638,0.000680,0.077308,0.000708,7,84
invariant_risk_selection,small_budget,deformable_pull_policy,compound_spurious_shift,0.571429,0.045542,0.563959,0.004769,0.241835,0.001056,0.111075,0.003215,0.069808,0.001316,0.240819,0.002114,0.082274,0.000702,7,84
invariant_risk_selection,small_budget,deformable_pull_policy,iid_mechanisms,0.661565,0.040046,0.584318,0.001267,0.202897,0.000970,0.090885,0.000907,0.063103,0.000667,0.236369,0.002276,0.074427,0.000643,7,84
invariant_risk_selection,small_budget,deformable_pull_policy,intervention_gap,0.602041,0.030062,0.563544,0.001293,0.229459,0.002865,0.102170,0.001336,0.064256,0.001923,0.238771,0.000856,0.080195,0.002442,7,84
invariant_risk_selection,small_budget,deformable_pull_policy,material_shift,0.605442,0.028996,0.573016,0.005279,0.222922,0.000970,0.096381,0.000898,0.067397,0.002024,0.236353,0.000586,0.079585,0.002417,7,84
invariant_risk_selection,small_budget,deformable_pull_policy,operator_bias_shift,0.615646,0.032886,0.574237,0.001331,0.229418,0.001018,0.099879,0.001291,0.066013,0.001096,0.237932,0.000767,0.077995,0.000676,7,84
invariant_risk_selection,small_budget,deformable_pull_policy,rare_contact_mechanism,0.610544,0.043716,0.565782,0.001370,0.230431,0.001047,0.103058,0.001613,0.064061,0.002096,0.240992,0.000862,0.082368,0.000695,7,84
invariant_risk_selection,small_budget,force_limited_twist_policy,color_mechanism_confound,0.646259,0.032088,0.575749,0.001447,0.219210,0.003532,0.095651,0.001150,0.065750,0.000995,0.237182,0.000786,0.077426,0.002607,7,84
invariant_risk_selection,small_budget,force_limited_twist_policy,compound_spurious_shift,0.593537,0.039907,0.554793,0.001434,0.240589,0.001095,0.110334,0.003153,0.064886,0.001201,0.240577,0.001949,0.084030,0.000728,7,84
invariant_risk_selection,small_budget,force_limited_twist_policy,iid_mechanisms,0.732993,0.037367,0.576982,0.005238,0.204739,0.003596,0.088638,0.001309,0.063845,0.001760,0.235405,0.001821,0.076005,0.000616,7,84
invariant_risk_selection,small_budget,force_limited_twist_policy,intervention_gap,0.613946,0.042557,0.558851,0.003810,0.231568,0.001027,0.105334,0.001139,0.066700,0.003198,0.242010,0.000596,0.083098,0.000682,7,84
invariant_risk_selection,small_budget,force_limited_twist_policy,material_shift,0.651361,0.043716,0.567967,0.001319,0.221334,0.001008,0.095819,0.001288,0.062913,0.001146,0.235645,0.000814,0.076534,0.001906,7,84
invariant_risk_selection,small_budget,force_limited_twist_policy,operator_bias_shift,0.642857,0.032998,0.562072,0.001383,0.229354,0.001056,0.099850,0.000827,0.064148,0.002385,0.238427,0.000557,0.080559,0.000702,7,84
invariant_risk_selection,small_budget,force_limited_twist_policy,rare_contact_mechanism,0.637755,0.037712,0.564441,0.001421,0.226479,0.001085,0.100184,0.001750,0.063871,0.001484,0.238894,0.000995,0.082277,0.000722,7,84
invariant_risk_selection,small_budget,mobile_place_policy,color_mechanism_confound,0.629252,0.030307,0.553508,0.001357,0.218054,0.001037,0.097726,0.000704,0.063797,0.002431,0.238942,0.000522,0.079262,0.000689,7,84
invariant_risk_selection,small_budget,mobile_place_policy,compound_spurious_shift,0.573129,0.060553,0.541143,0.003810,0.240731,0.001027,0.112318,0.001956,0.067336,0.002313,0.244379,0.000895,0.085609,0.000682,7,84
invariant_risk_selection,small_budget,mobile_place_policy,iid_mechanisms,0.642857,0.041988,0.562897,0.001229,0.207985,0.000941,0.091554,0.002324,0.061920,0.001445,0.235113,0.002466,0.073985,0.000623,7,84
invariant_risk_selection,small_budget,mobile_place_policy,intervention_gap,0.583333,0.032603,0.552739,0.001255,0.228788,0.000960,0.106628,0.002521,0.067263,0.000461,0.239392,0.002679,0.082682,0.000636,7,84
invariant_risk_selection,small_budget,mobile_place_policy,material_shift,0.641156,0.019341,0.560742,0.001229,0.219434,0.003642,0.096003,0.000875,0.065905,0.000819,0.236840,0.000694,0.080149,0.001928,7,84
invariant_risk_selection,small_budget,mobile_place_policy,operator_bias_shift,0.639456,0.034801,0.555343,0.001293,0.224396,0.000989,0.101022,0.001622,0.064918,0.001375,0.239802,0.000918,0.078656,0.000656,7,84
invariant_risk_selection,small_budget,mobile_place_policy,rare_contact_mechanism,0.585034,0.031151,0.554808,0.001331,0.231349,0.001018,0.102023,0.000810,0.066846,0.000681,0.239311,0.000549,0.079079,0.000676,7,84
invariant_risk_selection,small_budget,peg_search_policy,color_mechanism_confound,0.666667,0.027889,0.543223,0.001331,0.220552,0.001018,0.093722,0.000961,0.063945,0.000838,0.235498,0.000644,0.075415,0.000676,7,84
invariant_risk_selection,small_budget,peg_search_policy,compound_spurious_shift,0.603741,0.031269,0.530195,0.001319,0.244447,0.001008,0.109409,0.000558,0.067397,0.000446,0.241815,0.000436,0.082593,0.000669,7,84
invariant_risk_selection,small_budget,peg_search_policy,iid_mechanisms,0.704082,0.047336,0.552844,0.001203,0.208942,0.002891,0.087995,0.001391,0.063967,0.001070,0.234978,0.000677,0.073659,0.002674,7,84
invariant_risk_selection,small_budget,peg_search_policy,intervention_gap,0.647959,0.046348,0.534865,0.004873,0.229024,0.000941,0.102440,0.001271,0.067555,0.000960,0.239886,0.000590,0.080721,0.002648,7,84
invariant_risk_selection,small_budget,peg_search_policy,material_shift,0.630952,0.035277,0.534682,0.001203,0.218676,0.000922,0.099048,0.003053,0.064000,0.002553,0.237419,0.002750,0.077509,0.000610,7,84
invariant_risk_selection,small_budget,peg_search_policy,operator_bias_shift,0.636054,0.020905,0.537171,0.001267,0.222694,0.002872,0.102029,0.000756,0.064379,0.000745,0.240827,0.000662,0.078801,0.000611,7,84
invariant_risk_selection,small_budget,peg_search_policy,rare_contact_mechanism,0.625850,0.032546,0.531764,0.001306,0.224277,0.000999,0.098918,0.001009,0.062552,0.000844,0.237457,0.000621,0.078989,0.002404,7,84
label_balanced_selection,clean_budget,contact_grasp_policy,color_mechanism_confound,0.542517,0.037712,0.419219,0.001370,0.389931,0.003570,0.161287,0.002235,0.107338,0.000674,0.158837,0.000581,0.127395,0.000642,7,84
label_balanced_selection,clean_budget,contact_grasp_policy,compound_spurious_shift,0.472789,0.047687,0.403447,0.001357,0.428583,0.003891,0.177909,0.002652,0.110127,0.001319,0.163851,0.000952,0.133437,0.000624,7,84
label_balanced_selection,clean_budget,contact_grasp_policy,iid_mechanisms,0.585034,0.054705,0.417408,0.001242,0.374014,0.000951,0.156272,0.001619,0.103721,0.002382,0.160554,0.000715,0.124428,0.000630,7,84
label_balanced_selection,clean_budget,contact_grasp_policy,intervention_gap,0.505102,0.036311,0.409490,0.001267,0.411221,0.000970,0.174145,0.002406,0.109047,0.001092,0.163870,0.002726,0.134508,0.000643,7,84
label_balanced_selection,clean_budget,contact_grasp_policy,material_shift,0.525510,0.053020,0.415253,0.001242,0.398974,0.003635,0.164477,0.003318,0.107275,0.001258,0.159429,0.000770,0.131952,0.000576,7,84
label_balanced_selection,clean_budget,contact_grasp_policy,operator_bias_shift,0.506803,0.038394,0.415455,0.001306,0.404999,0.000999,0.170589,0.001413,0.109530,0.001168,0.165361,0.000781,0.132132,0.000663,7,84
label_balanced_selection,clean_budget,contact_grasp_policy,rare_contact_mechanism,0.500000,0.044096,0.406845,0.004795,0.404473,0.001027,0.171355,0.001788,0.109623,0.002018,0.166074,0.000953,0.134116,0.000682,7,84
label_balanced_selection,clean_budget,deformable_pull_policy,color_mechanism_confound,0.494898,0.031740,0.424419,0.001395,0.392125,0.003868,0.165743,0.000784,0.106235,0.000582,0.163341,0.000539,0.129959,0.002422,7,84
label_balanced_selection,clean_budget,deformable_pull_policy,compound_spurious_shift,0.452381,0.054365,0.407071,0.001383,0.431310,0.001056,0.179652,0.001336,0.109834,0.003212,0.167295,0.000567,0.137509,0.000702,7,84
label_balanced_selection,clean_budget,deformable_pull_policy,iid_mechanisms,0.569728,0.040552,0.434290,0.004847,0.372964,0.000970,0.152811,0.001386,0.107224,0.001124,0.156855,0.000736,0.127065,0.002417,7,84
label_balanced_selection,clean_budget,deformable_pull_policy,intervention_gap,0.411565,0.038394,0.418090,0.001293,0.412535,0.000989,0.175904,0.001459,0.110370,0.001208,0.167104,0.000802,0.133041,0.000656,7,84
label_balanced_selection,clean_budget,deformable_pull_policy,material_shift,0.482993,0.039394,0.420702,0.001267,0.401355,0.000970,0.167772,0.001396,0.106130,0.001141,0.164006,0.000752,0.128926,0.000643,7,84
label_balanced_selection,clean_budget,deformable_pull_policy,operator_bias_shift,0.448980,0.051099,0.421922,0.005228,0.402998,0.003906,0.172281,0.001698,0.111239,0.001746,0.166027,0.000949,0.132976,0.000611,7,84
label_balanced_selection,clean_budget,deformable_pull_policy,rare_contact_mechanism,0.448980,0.029123,0.420328,0.001370,0.409449,0.003570,0.171087,0.002509,0.109112,0.000913,0.162175,0.002084,0.130575,0.001899,7,84
label_balanced_selection,clean_budget,force_limited_twist_policy,color_mechanism_confound,0.559524,0.020367,0.416530,0.003774,0.388510,0.002824,0.164234,0.002362,0.106711,0.002868,0.161073,0.002691,0.127796,0.000703,7,84
label_balanced_selection,clean_budget,force_limited_twist_policy,compound_spurious_shift,0.455782,0.035901,0.409295,0.001434,0.430134,0.001095,0.179477,0.001694,0.111040,0.001445,0.167265,0.000980,0.137011,0.002360,7,84
label_balanced_selection,clean_budget,force_limited_twist_policy,iid_mechanisms,0.603741,0.030429,0.424624,0.001319,0.371446,0.001008,0.151468,0.001365,0.101790,0.001174,0.156291,0.000818,0.124047,0.001906,7,84
label_balanced_selection,clean_budget,force_limited_twist_policy,intervention_gap,0.448980,0.037317,0.411066,0.001344,0.416429,0.001027,0.173845,0.003364,0.108622,0.000493,0.163253,0.002136,0.132574,0.002391,7,84
label_balanced_selection,clean_budget,force_limited_twist_policy,material_shift,0.501701,0.042120,0.422470,0.001319,0.399837,0.001008,0.166888,0.001603,0.109034,0.001318,0.163595,0.000858,0.130481,0.000669,7,84
label_balanced_selection,clean_budget,force_limited_twist_policy,operator_bias_shift,0.496599,0.031681,0.416575,0.001383,0.403004,0.003876,0.171645,0.001253,0.107788,0.001111,0.164056,0.002401,0.130998,0.002661,7,84
label_balanced_selection,clean_budget,force_limited_twist_policy,rare_contact_mechanism,0.501701,0.037565,0.418944,0.001421,0.408997,0.001085,0.172250,0.000798,0.109920,0.000619,0.165565,0.002136,0.130571,0.001888,7,84
label_balanced_selection,clean_budget,mobile_place_policy,color_mechanism_confound,0.500000,0.033775,0.407923,0.001357,0.394355,0.001037,0.163466,0.001958,0.106826,0.001047,0.158734,0.000822,0.126378,0.000689,7,84
label_balanced_selection,clean_budget,mobile_place_policy,compound_spurious_shift,0.438776,0.040231,0.393271,0.001344,0.430416,0.001027,0.179081,0.003125,0.109854,0.001211,0.164223,0.000823,0.134082,0.001901,7,84
label_balanced_selection,clean_budget,mobile_place_policy,iid_mechanisms,0.557823,0.032375,0.417312,0.001229,0.376547,0.002883,0.154321,0.000870,0.105902,0.000649,0.157894,0.000487,0.127837,0.001976,7,84
label_balanced_selection,clean_budget,mobile_place_policy,intervention_gap,0.462585,0.043033,0.398007,0.005290,0.413789,0.000960,0.172679,0.001174,0.111588,0.001789,0.164817,0.000581,0.132223,0.002422,7,84
label_balanced_selection,clean_budget,mobile_place_policy,material_shift,0.494898,0.050626,0.401436,0.003854,0.394646,0.000941,0.167899,0.001391,0.108462,0.003181,0.164807,0.000611,0.128390,0.000623,7,84
label_balanced_selection,clean_budget,mobile_place_policy,operator_bias_shift,0.465986,0.044514,0.405185,0.004830,0.405047,0.000989,0.170658,0.002645,0.111504,0.001335,0.161180,0.001714,0.133845,0.000656,7,84
label_balanced_selection,clean_budget,mobile_place_policy,rare_contact_mechanism,0.448980,0.036260,0.402363,0.005228,0.408862,0.003906,0.173763,0.001042,0.111557,0.002116,0.166032,0.001951,0.134218,0.000611,7,84
label_balanced_selection,clean_budget,peg_search_policy,color_mechanism_confound,0.506803,0.038730,0.390734,0.005228,0.391777,0.003906,0.165767,0.001211,0.110074,0.000945,0.163626,0.000679,0.130484,0.000611,7,84
label_balanced_selection,clean_budget,peg_search_policy,compound_spurious_shift,0.510204,0.040552,0.375420,0.005238,0.429057,0.003914,0.180335,0.001437,0.111458,0.002014,0.168137,0.001896,0.137877,0.000604,7,84
label_balanced_selection,clean_budget,peg_search_policy,iid_mechanisms,0.534014,0.035066,0.393495,0.003864,0.372428,0.003655,0.156413,0.003489,0.105238,0.002959,0.157491,0.002504,0.125175,0.000557,7,84
label_balanced_selection,clean_budget,peg_search_policy,intervention_gap,0.459184,0.034480,0.377802,0.001229,0.414095,0.000941,0.176253,0.001441,0.107992,0.001816,0.166017,0.002534,0.132582,0.000623,7,84
label_balanced_selection,clean_budget,peg_search_policy,material_shift,0.520408,0.024267,0.389054,0.001203,0.397388,0.000922,0.164384,0.000890,0.106715,0.000783,0.161624,0.000598,0.132698,0.000610,7,84
label_balanced_selection,clean_budget,peg_search_policy,operator_bias_shift,0.498299,0.045664,0.389256,0.003839,0.401699,0.000970,0.167057,0.002404,0.109917,0.001290,0.160730,0.000839,0.133995,0.000643,7,84
label_balanced_selection,clean_budget,peg_search_policy,rare_contact_mechanism,0.442177,0.055644,0.386135,0.001306,0.407005,0.000999,0.172426,0.002078,0.109647,0.001669,0.165824,0.001016,0.131956,0.000663,7,84
label_balanced_selection,combined_stress,contact_grasp_policy,color_mechanism_confound,0.447279,0.031740,0.399005,0.001408,0.450258,0.001075,0.183870,0.001126,0.112126,0.000967,0.175419,0.000716,0.143622,0.002575,7,84
label_balanced_selection,combined_stress,contact_grasp_policy,compound_spurious_shift,0.290816,0.018954,0.382393,0.001395,0.484849,0.001066,0.201267,0.000911,0.116133,0.000856,0.180880,0.000697,0.152610,0.001892,7,84
label_balanced_selection,combined_stress,contact_grasp_policy,iid_mechanisms,0.501701,0.036868,0.403458,0.001280,0.430463,0.000979,0.174517,0.001249,0.108719,0.001026,0.172145,0.000698,0.140295,0.000649,7,84
label_balanced_selection,combined_stress,contact_grasp_policy,intervention_gap,0.345238,0.049628,0.385651,0.001306,0.472260,0.000999,0.191184,0.001861,0.113007,0.001506,0.175856,0.000939,0.145504,0.000663,7,84
label_balanced_selection,combined_stress,contact_grasp_policy,material_shift,0.431973,0.030852,0.394802,0.005269,0.459124,0.000979,0.183449,0.002664,0.115117,0.001001,0.171302,0.000752,0.146915,0.001914,7,84
label_balanced_selection,combined_stress,contact_grasp_policy,operator_bias_shift,0.408163,0.028674,0.394218,0.004795,0.461129,0.002851,0.187917,0.000955,0.115699,0.000811,0.175749,0.000647,0.146638,0.000651,7,84
label_balanced_selection,combined_stress,contact_grasp_policy,rare_contact_mechanism,0.411565,0.031740,0.392569,0.001383,0.465824,0.002840,0.189909,0.002213,0.113607,0.000834,0.175266,0.002805,0.145325,0.001946,7,84
label_balanced_selection,combined_stress,deformable_pull_policy,color_mechanism_confound,0.345238,0.049366,0.408586,0.001434,0.453664,0.001095,0.185541,0.001959,0.114350,0.001608,0.175029,0.001027,0.145391,0.002360,7,84
label_balanced_selection,combined_stress,deformable_pull_policy,compound_spurious_shift,0.231293,0.034854,0.390398,0.001421,0.487074,0.001085,0.200797,0.001333,0.116550,0.001131,0.179276,0.000798,0.152429,0.000722,7,84
label_balanced_selection,combined_stress,deformable_pull_policy,iid_mechanisms,0.442177,0.036515,0.413287,0.001306,0.434056,0.000999,0.175048,0.001211,0.110155,0.000997,0.171453,0.000688,0.139905,0.000663,7,84
label_balanced_selection,combined_stress,deformable_pull_policy,intervention_gap,0.318027,0.035172,0.398633,0.001331,0.478216,0.001018,0.192475,0.001692,0.115502,0.001439,0.176418,0.000961,0.146727,0.000676,7,84
label_balanced_selection,combined_stress,deformable_pull_policy,material_shift,0.338435,0.043759,0.404632,0.005249,0.462716,0.000999,0.189574,0.002273,0.117569,0.001328,0.175524,0.002387,0.147667,0.000663,7,84
label_balanced_selection,combined_stress,deformable_pull_policy,operator_bias_shift,0.324830,0.037663,0.400494,0.001370,0.467201,0.002844,0.193263,0.001541,0.113923,0.001311,0.176949,0.002527,0.146797,0.002613,7,84
label_balanced_selection,combined_stress,deformable_pull_policy,rare_contact_mechanism,0.321429,0.030551,0.398999,0.001408,0.466866,0.002834,0.191779,0.001344,0.113946,0.001194,0.177754,0.000893,0.148910,0.001889,7,84
label_balanced_selection,combined_stress,force_limited_twist_policy,color_mechanism_confound,0.447279,0.024343,0.400247,0.005107,0.450800,0.001133,0.181510,0.001355,0.113648,0.001998,0.173132,0.000889,0.142819,0.002343,7,84
label_balanced_selection,combined_stress,force_limited_twist_policy,compound_spurious_shift,0.289116,0.052599,0.387598,0.001472,0.491795,0.002817,0.201355,0.001340,0.116612,0.001643,0.178304,0.002117,0.151604,0.000716,7,84
label_balanced_selection,combined_stress,force_limited_twist_policy,iid_mechanisms,0.469388,0.035224,0.410031,0.001357,0.436719,0.003577,0.172733,0.002270,0.110357,0.000770,0.168272,0.000621,0.138819,0.000635,7,84
label_balanced_selection,combined_stress,force_limited_twist_policy,intervention_gap,0.360544,0.022608,0.388872,0.003796,0.477716,0.001056,0.191959,0.000405,0.115572,0.002887,0.176692,0.000503,0.149199,0.000702,7,84
label_balanced_selection,combined_stress,force_limited_twist_policy,material_shift,0.362245,0.036667,0.396802,0.004786,0.456804,0.001037,0.186803,0.001058,0.115225,0.002615,0.175808,0.000622,0.146444,0.000689,7,84
label_balanced_selection,combined_stress,force_limited_twist_policy,operator_bias_shift,0.391156,0.044514,0.399270,0.001421,0.464528,0.001085,0.189300,0.000997,0.114073,0.000732,0.176679,0.000517,0.146642,0.002570,7,84
label_balanced_selection,combined_stress,force_limited_twist_policy,rare_contact_mechanism,0.360544,0.044597,0.392591,0.001460,0.468881,0.001114,0.190919,0.003309,0.112399,0.001108,0.175165,0.002332,0.147382,0.000741,7,84
label_balanced_selection,combined_stress,mobile_place_policy,color_mechanism_confound,0.380952,0.046108,0.384482,0.001395,0.455171,0.001066,0.183972,0.001967,0.111446,0.002187,0.173797,0.001049,0.145410,0.000708,7,84
label_balanced_selection,combined_stress,mobile_place_policy,compound_spurious_shift,0.263605,0.031564,0.371276,0.003796,0.490602,0.001056,0.200809,0.000735,0.117514,0.002937,0.179427,0.000532,0.151541,0.000702,7,84
label_balanced_selection,combined_stress,mobile_place_policy,iid_mechanisms,0.442177,0.042731,0.400135,0.001267,0.431770,0.000970,0.174063,0.002013,0.112200,0.001398,0.168050,0.000974,0.143052,0.000643,7,84
label_balanced_selection,combined_stress,mobile_place_policy,intervention_gap,0.338435,0.057574,0.380089,0.001293,0.471887,0.000989,0.193636,0.001777,0.114429,0.001365,0.178119,0.000799,0.147113,0.000656,7,84
label_balanced_selection,combined_stress,mobile_place_policy,material_shift,0.352041,0.041006,0.382332,0.001267,0.460430,0.000970,0.187037,0.001576,0.112388,0.002548,0.175416,0.000840,0.142810,0.000643,7,84
label_balanced_selection,combined_stress,mobile_place_policy,operator_bias_shift,0.328231,0.039063,0.387582,0.003815,0.465096,0.003590,0.191164,0.001626,0.117104,0.001410,0.177063,0.001003,0.146637,0.000622,7,84
label_balanced_selection,combined_stress,mobile_place_policy,rare_contact_mechanism,0.360544,0.038345,0.380286,0.001370,0.470701,0.001047,0.192955,0.000795,0.112773,0.000595,0.176897,0.002611,0.148232,0.002382,7,84
label_balanced_selection,combined_stress,peg_search_policy,color_mechanism_confound,0.409864,0.044928,0.369441,0.001370,0.453579,0.001047,0.185525,0.001382,0.110661,0.001098,0.174796,0.001948,0.144693,0.002382,7,84
label_balanced_selection,combined_stress,peg_search_policy,compound_spurious_shift,0.280612,0.035590,0.355573,0.001357,0.490228,0.001037,0.203610,0.001148,0.115610,0.000953,0.181356,0.001932,0.151656,0.002386,7,84
label_balanced_selection,combined_stress,peg_search_policy,iid_mechanisms,0.447279,0.038055,0.380753,0.004865,0.430352,0.000951,0.174171,0.001060,0.113071,0.000835,0.170546,0.000569,0.140167,0.002643,7,84
label_balanced_selection,combined_stress,peg_search_policy,intervention_gap,0.353741,0.038345,0.362032,0.001267,0.474893,0.003944,0.194388,0.001322,0.113666,0.001101,0.178889,0.000796,0.147249,0.000578,7,84
label_balanced_selection,combined_stress,peg_search_policy,material_shift,0.397959,0.037712,0.367524,0.001242,0.459013,0.000951,0.188207,0.001087,0.111363,0.000864,0.175217,0.002332,0.144499,0.000630,7,84
label_balanced_selection,combined_stress,peg_search_policy,operator_bias_shift,0.358844,0.031151,0.366941,0.001306,0.461019,0.000999,0.188561,0.001171,0.113148,0.000997,0.175244,0.000712,0.144223,0.000663,7,84
label_balanced_selection,combined_stress,peg_search_policy,rare_contact_mechanism,0.343537,0.033555,0.368494,0.001344,0.471545,0.001027,0.189664,0.001311,0.115469,0.001111,0.175405,0.000775,0.145748,0.000682,7,84
label_balanced_selection,heldout_mechanism,contact_grasp_policy,color_mechanism_confound,0.484694,0.046865,0.406344,0.001434,0.430506,0.001095,0.175432,0.001288,0.110324,0.000998,0.169511,0.000661,0.138678,0.002565,7,84
label_balanced_selection,heldout_mechanism,contact_grasp_policy,compound_spurious_shift,0.377551,0.035538,0.389172,0.001421,0.464677,0.001085,0.191041,0.000987,0.112943,0.000816,0.174198,0.000621,0.147379,0.000722,7,84
label_balanced_selection,heldout_mechanism,contact_grasp_policy,iid_mechanisms,0.549320,0.035066,0.409637,0.001306,0.409841,0.000999,0.165136,0.001083,0.106046,0.000890,0.165554,0.000634,0.133613,0.000663,7,84
label_balanced_selection,heldout_mechanism,contact_grasp_policy,intervention_gap,0.420068,0.054058,0.395911,0.001331,0.454698,0.001018,0.183225,0.001600,0.112023,0.001225,0.171034,0.000735,0.140911,0.000676,7,84
label_balanced_selection,heldout_mechanism,contact_grasp_policy,material_shift,0.460884,0.034801,0.403508,0.004821,0.438682,0.000999,0.180478,0.001431,0.113329,0.001206,0.170735,0.002348,0.141499,0.000663,7,84
label_balanced_selection,heldout_mechanism,contact_grasp_policy,operator_bias_shift,0.501701,0.068204,0.397827,0.001370,0.445440,0.001047,0.181911,0.002091,0.108911,0.001589,0.170844,0.002761,0.141037,0.002591,7,84
label_balanced_selection,heldout_mechanism,contact_grasp_policy,rare_contact_mechanism,0.428571,0.031388,0.396244,0.001408,0.443323,0.002834,0.182359,0.001242,0.110338,0.001126,0.172303,0.000869,0.144221,0.000683,7,84
label_balanced_selection,heldout_mechanism,deformable_pull_policy,color_mechanism_confound,0.414966,0.023570,0.416916,0.003769,0.430732,0.003830,0.177503,0.001024,0.113390,0.000924,0.170300,0.000780,0.138450,0.002607,7,84
label_balanced_selection,heldout_mechanism,deformable_pull_policy,compound_spurious_shift,0.299320,0.033555,0.400455,0.001447,0.468867,0.001104,0.192837,0.001300,0.115514,0.001112,0.174285,0.000798,0.147570,0.000735,7,84
label_balanced_selection,heldout_mechanism,deformable_pull_policy,iid_mechanisms,0.442177,0.046786,0.422744,0.001331,0.415399,0.001018,0.168800,0.001577,0.110267,0.001263,0.166842,0.000803,0.134739,0.000676,7,84
label_balanced_selection,heldout_mechanism,deformable_pull_policy,intervention_gap,0.380952,0.026943,0.405310,0.005208,0.450613,0.001037,0.185797,0.001091,0.114913,0.002059,0.173217,0.000718,0.143458,0.000689,7,84
label_balanced_selection,heldout_mechanism,deformable_pull_policy,material_shift,0.404762,0.036004,0.407469,0.003815,0.432233,0.001018,0.181830,0.001228,0.111397,0.002852,0.170369,0.002830,0.142432,0.000676,7,84
label_balanced_selection,heldout_mechanism,deformable_pull_policy,operator_bias_shift,0.365646,0.024267,0.405094,0.003792,0.444901,0.001066,0.181981,0.001119,0.112648,0.002462,0.170644,0.000758,0.141431,0.000708,7,84
label_balanced_selection,heldout_mechanism,deformable_pull_policy,rare_contact_mechanism,0.343537,0.031972,0.405952,0.001434,0.444616,0.001095,0.183382,0.001356,0.112110,0.001169,0.171670,0.000833,0.143578,0.000728,7,84
label_balanced_selection,heldout_mechanism,force_limited_twist_policy,color_mechanism_confound,0.471088,0.039394,0.411161,0.001511,0.426603,0.001152,0.177231,0.002372,0.110535,0.001178,0.169073,0.002457,0.139508,0.000767,7,84
label_balanced_selection,heldout_mechanism,force_limited_twist_policy,compound_spurious_shift,0.399660,0.040046,0.391092,0.003756,0.468893,0.001143,0.190848,0.001185,0.113443,0.002581,0.174242,0.000701,0.143460,0.001874,7,84
label_balanced_selection,heldout_mechanism,force_limited_twist_policy,iid_mechanisms,0.549320,0.044514,0.410638,0.001383,0.415083,0.001056,0.166357,0.001115,0.106650,0.002884,0.166503,0.000571,0.137256,0.000702,7,84
label_balanced_selection,heldout_mechanism,force_limited_twist_policy,intervention_gap,0.425170,0.024267,0.400419,0.005167,0.455709,0.001075,0.185772,0.002472,0.114209,0.001744,0.171399,0.002277,0.141666,0.000715,7,84
label_balanced_selection,heldout_mechanism,force_limited_twist_policy,material_shift,0.484694,0.044597,0.409083,0.001383,0.431917,0.001056,0.177917,0.001848,0.110522,0.001092,0.169160,0.002613,0.136945,0.000702,7,84
label_balanced_selection,heldout_mechanism,force_limited_twist_policy,operator_bias_shift,0.426871,0.032375,0.408740,0.001447,0.444394,0.002824,0.181920,0.000947,0.113388,0.000844,0.171780,0.000709,0.140387,0.002574,7,84
label_balanced_selection,heldout_mechanism,force_limited_twist_policy,rare_contact_mechanism,0.420068,0.047958,0.406701,0.001485,0.443651,0.002814,0.180239,0.001601,0.113181,0.001348,0.170061,0.000950,0.143365,0.001875,7,84
label_balanced_selection,heldout_mechanism,mobile_place_policy,color_mechanism_confound,0.431973,0.053576,0.391819,0.003783,0.430461,0.003545,0.174826,0.001479,0.111466,0.002409,0.166661,0.001087,0.138158,0.000668,7,84
label_balanced_selection,heldout_mechanism,mobile_place_policy,compound_spurious_shift,0.333333,0.052423,0.382628,0.005167,0.468903,0.001075,0.193305,0.002395,0.117084,0.002160,0.172966,0.001815,0.144057,0.000715,7,84
label_balanced_selection,heldout_mechanism,mobile_place_policy,iid_mechanisms,0.493197,0.039063,0.404025,0.001293,0.409621,0.000989,0.169077,0.001173,0.108549,0.000940,0.168338,0.000638,0.135260,0.000656,7,84
label_balanced_selection,heldout_mechanism,mobile_place_policy,intervention_gap,0.391156,0.034694,0.388059,0.001319,0.452797,0.001008,0.185121,0.001382,0.112680,0.001165,0.172426,0.000797,0.141411,0.000669,7,84
label_balanced_selection,heldout_mechanism,mobile_place_policy,material_shift,0.437075,0.030852,0.391036,0.004830,0.438461,0.000989,0.176589,0.002389,0.112429,0.002930,0.167479,0.000538,0.140859,0.002408,7,84
label_balanced_selection,heldout_mechanism,mobile_place_policy,operator_bias_shift,0.399660,0.041006,0.386616,0.001357,0.441020,0.001037,0.184156,0.001523,0.111571,0.002402,0.172431,0.001901,0.143247,0.000689,7,84
label_balanced_selection,heldout_mechanism,mobile_place_policy,rare_contact_mechanism,0.401361,0.028674,0.388533,0.005178,0.446674,0.001066,0.181185,0.000920,0.114462,0.001806,0.170318,0.000642,0.141445,0.000708,7,84
label_balanced_selection,heldout_mechanism,peg_search_policy,color_mechanism_confound,0.435374,0.036667,0.378046,0.005178,0.430048,0.001066,0.174454,0.001275,0.111781,0.002577,0.167467,0.000746,0.138165,0.000708,7,84
label_balanced_selection,heldout_mechanism,peg_search_policy,compound_spurious_shift,0.363946,0.042251,0.363618,0.005188,0.466277,0.001056,0.190498,0.001629,0.116299,0.001933,0.173170,0.000887,0.144841,0.000702,7,84
label_balanced_selection,heldout_mechanism,peg_search_policy,iid_mechanisms,0.484694,0.034801,0.385911,0.001267,0.411096,0.003944,0.170444,0.001264,0.108245,0.001049,0.167093,0.002493,0.135414,0.000578,7,84
label_balanced_selection,heldout_mechanism,peg_search_policy,intervention_gap,0.363946,0.030062,0.366697,0.001293,0.450122,0.003609,0.185156,0.000983,0.110901,0.000802,0.172031,0.000630,0.139874,0.000603,7,84
label_balanced_selection,heldout_mechanism,peg_search_policy,material_shift,0.397959,0.052139,0.377496,0.005279,0.434791,0.000970,0.177397,0.001959,0.113667,0.002324,0.168827,0.000968,0.139787,0.002632,7,84
label_balanced_selection,heldout_mechanism,peg_search_policy,operator_bias_shift,0.387755,0.024343,0.376389,0.001331,0.443266,0.001018,0.181616,0.001053,0.112784,0.000938,0.170590,0.000709,0.139353,0.000676,7,84
label_balanced_selection,heldout_mechanism,peg_search_policy,rare_contact_mechanism,0.406463,0.015635,0.368861,0.003801,0.445266,0.001047,0.183464,0.000660,0.111917,0.002615,0.172732,0.000613,0.143061,0.000695,7,84
label_balanced_selection,heldout_object,contact_grasp_policy,color_mechanism_confound,0.489796,0.051280,0.407166,0.001395,0.415395,0.002837,0.173313,0.001664,0.108238,0.001306,0.168652,0.000834,0.135850,0.002595,7,84
label_balanced_selection,heldout_object,contact_grasp_policy,compound_spurious_shift,0.365646,0.035172,0.390834,0.001383,0.457057,0.003564,0.190339,0.000915,0.111964,0.000717,0.173929,0.000594,0.145091,0.000648,7,84
label_balanced_selection,heldout_object,contact_grasp_policy,iid_mechanisms,0.551020,0.044597,0.415630,0.004847,0.400323,0.000970,0.160350,0.001645,0.108936,0.001336,0.161597,0.000848,0.134604,0.001916,7,84
label_balanced_selection,heldout_object,contact_grasp_policy,intervention_gap,0.454082,0.038921,0.400357,0.001293,0.440590,0.000989,0.182116,0.001026,0.111266,0.000801,0.171698,0.000558,0.139911,0.000656,7,84
label_balanced_selection,heldout_object,contact_grasp_policy,material_shift,0.488095,0.039441,0.402281,0.001267,0.427178,0.002872,0.174618,0.001174,0.107390,0.000902,0.168630,0.000610,0.135417,0.000611,7,84
label_balanced_selection,heldout_object,contact_grasp_policy,operator_bias_shift,0.474490,0.032375,0.401958,0.005228,0.427665,0.002854,0.178812,0.001173,0.111260,0.002506,0.170819,0.000753,0.139821,0.000644,7,84
label_balanced_selection,heldout_object,contact_grasp_policy,rare_contact_mechanism,0.442177,0.020000,0.402563,0.001370,0.435765,0.003883,0.178650,0.002637,0.110999,0.000750,0.167246,0.001995,0.136258,0.000631,7,84
label_balanced_selection,heldout_object,deformable_pull_policy,color_mechanism_confound,0.431973,0.035172,0.415377,0.001421,0.415256,0.001085,0.172638,0.001702,0.108525,0.001454,0.166912,0.000986,0.137769,0.000722,7,84
label_balanced_selection,heldout_object,deformable_pull_policy,compound_spurious_shift,0.353741,0.032886,0.399756,0.003787,0.457451,0.003551,0.187534,0.001342,0.113866,0.002082,0.170943,0.000891,0.142800,0.000661,7,84
label_balanced_selection,heldout_object,deformable_pull_policy,iid_mechanisms,0.472789,0.036968,0.428662,0.001293,0.402085,0.000989,0.167396,0.002412,0.110285,0.000987,0.164759,0.002840,0.134390,0.000656,7,84
label_balanced_selection,heldout_object,deformable_pull_policy,intervention_gap,0.358844,0.028545,0.411968,0.001319,0.444716,0.001008,0.184541,0.000756,0.114337,0.000654,0.172032,0.000545,0.140168,0.000669,7,84
label_balanced_selection,heldout_object,deformable_pull_policy,material_shift,0.443878,0.024267,0.410739,0.001293,0.425510,0.003929,0.173560,0.000863,0.108596,0.002085,0.166879,0.000619,0.135149,0.001922,7,84
label_balanced_selection,heldout_object,deformable_pull_policy,operator_bias_shift,0.406463,0.026176,0.411436,0.001357,0.433622,0.001037,0.180617,0.002423,0.110461,0.000777,0.168672,0.002793,0.137897,0.002596,7,84
label_balanced_selection,heldout_object,deformable_pull_policy,rare_contact_mechanism,0.418367,0.031564,0.407621,0.001395,0.438407,0.002837,0.180133,0.000983,0.109257,0.000847,0.170451,0.000683,0.141219,0.000677,7,84
label_balanced_selection,heldout_object,force_limited_twist_policy,color_mechanism_confound,0.494898,0.035224,0.412482,0.001472,0.421991,0.001123,0.170887,0.002529,0.108417,0.000765,0.163657,0.000664,0.137045,0.000748,7,84
label_balanced_selection,heldout_object,force_limited_twist_policy,compound_spurious_shift,0.409864,0.025386,0.395540,0.004718,0.452904,0.001114,0.189167,0.000848,0.114186,0.002462,0.173955,0.000657,0.140092,0.000741,7,84
label_balanced_selection,heldout_object,force_limited_twist_policy,iid_mechanisms,0.539116,0.033278,0.421703,0.001344,0.404057,0.002851,0.162058,0.001087,0.107695,0.000883,0.162868,0.000655,0.131558,0.000651,7,84
label_balanced_selection,heldout_object,force_limited_twist_policy,intervention_gap,0.413265,0.046865,0.400791,0.004778,0.441809,0.001047,0.181708,0.001617,0.113286,0.002530,0.170438,0.000836,0.140866,0.000695,7,84
label_balanced_selection,heldout_object,force_limited_twist_policy,material_shift,0.474490,0.048686,0.406067,0.003810,0.422337,0.001027,0.175819,0.001892,0.109283,0.002716,0.169919,0.000975,0.139095,0.000682,7,84
label_balanced_selection,heldout_object,force_limited_twist_policy,operator_bias_shift,0.437075,0.030852,0.406510,0.001408,0.426827,0.001075,0.177940,0.001413,0.109454,0.001222,0.169298,0.000862,0.140515,0.000715,7,84
label_balanced_selection,heldout_object,force_limited_twist_policy,rare_contact_mechanism,0.437075,0.035172,0.406658,0.005137,0.434585,0.003838,0.181132,0.001080,0.113081,0.002379,0.170891,0.002114,0.136719,0.000670,7,84
label_balanced_selection,heldout_object,mobile_place_policy,color_mechanism_confound,0.448980,0.040643,0.393685,0.001383,0.419681,0.001056,0.173168,0.001387,0.109858,0.002743,0.167380,0.000767,0.137101,0.000702,7,84
label_balanced_selection,heldout_object,mobile_place_policy,compound_spurious_shift,0.352041,0.043461,0.383046,0.004778,0.455322,0.001047,0.189547,0.001469,0.114494,0.002338,0.172946,0.000783,0.143376,0.000695,7,84
label_balanced_selection,heldout_object,mobile_place_policy,iid_mechanisms,0.503401,0.032088,0.401914,0.001255,0.402718,0.000960,0.165887,0.001331,0.106276,0.001483,0.165994,0.000773,0.131134,0.000636,7,84
label_balanced_selection,heldout_object,mobile_place_policy,intervention_gap,0.391156,0.030307,0.395836,0.001280,0.441305,0.000979,0.183452,0.002200,0.114342,0.000878,0.169410,0.002449,0.142155,0.000649,7,84
label_balanced_selection,heldout_object,mobile_place_policy,material_shift,0.430272,0.033939,0.399999,0.001255,0.420998,0.002876,0.174186,0.002865,0.111137,0.000781,0.165125,0.000659,0.138670,0.000605,7,84
label_balanced_selection,heldout_object,mobile_place_policy,operator_bias_shift,0.394558,0.047336,0.394077,0.005238,0.431006,0.003914,0.181435,0.002502,0.113165,0.002729,0.169308,0.002620,0.140426,0.000604,7,84
label_balanced_selection,heldout_object,mobile_place_policy,rare_contact_mechanism,0.430272,0.034319,0.391321,0.001357,0.436585,0.001037,0.180819,0.003091,0.109748,0.000826,0.167949,0.002576,0.138574,0.002596,7,84
label_balanced_selection,heldout_object,peg_search_policy,color_mechanism_confound,0.482993,0.030490,0.380174,0.001357,0.419606,0.001037,0.174335,0.002464,0.107526,0.000734,0.165764,0.002685,0.136146,0.002596,7,84
label_balanced_selection,heldout_object,peg_search_policy,compound_spurious_shift,0.363946,0.046904,0.366586,0.001344,0.456466,0.001027,0.191125,0.002710,0.112341,0.001303,0.171219,0.002181,0.142109,0.002601,7,84
label_balanced_selection,heldout_object,peg_search_policy,iid_mechanisms,0.513605,0.027622,0.388635,0.001229,0.402817,0.000941,0.163322,0.002270,0.106606,0.000834,0.161301,0.000686,0.133728,0.000623,7,84
label_balanced_selection,heldout_object,peg_search_policy,intervention_gap,0.447279,0.024343,0.377022,0.003844,0.438968,0.000960,0.178871,0.001308,0.113067,0.001147,0.168352,0.000809,0.141943,0.001919,7,84
label_balanced_selection,heldout_object,peg_search_policy,material_shift,0.494898,0.031329,0.382147,0.004873,0.421097,0.002883,0.173418,0.000711,0.111630,0.000504,0.167893,0.000426,0.135547,0.002464,7,84
label_balanced_selection,heldout_object,peg_search_policy,operator_bias_shift,0.406463,0.028996,0.381826,0.001293,0.430160,0.000989,0.181559,0.001115,0.112960,0.000960,0.169687,0.002604,0.138945,0.000656,7,84
label_balanced_selection,heldout_object,peg_search_policy,rare_contact_mechanism,0.435374,0.041321,0.381059,0.001331,0.437231,0.002854,0.179951,0.001699,0.112953,0.001446,0.170533,0.000990,0.139255,0.000644,7,84
label_balanced_selection,small_budget,contact_grasp_policy,color_mechanism_confound,0.517007,0.060858,0.406056,0.001370,0.409344,0.001047,0.169427,0.001908,0.106188,0.002602,0.165985,0.000865,0.135446,0.000695,7,84
label_balanced_selection,small_budget,contact_grasp_policy,compound_spurious_shift,0.448980,0.022027,0.392570,0.003806,0.444566,0.001037,0.184631,0.001088,0.112168,0.002678,0.170981,0.000745,0.141433,0.000689,7,84
label_balanced_selection,small_budget,contact_grasp_policy,iid_mechanisms,0.564626,0.042861,0.420253,0.001242,0.389997,0.003960,0.157175,0.001294,0.106488,0.001042,0.159647,0.000738,0.132424,0.000565,7,84
label_balanced_selection,small_budget,contact_grasp_policy,intervention_gap,0.477891,0.052775,0.396327,0.001267,0.434064,0.000970,0.176841,0.002117,0.110011,0.001679,0.167605,0.001058,0.135752,0.001916,7,84
label_balanced_selection,small_budget,contact_grasp_policy,material_shift,0.503401,0.046587,0.404377,0.003849,0.413242,0.000951,0.171037,0.001840,0.109211,0.002577,0.166543,0.000941,0.131916,0.000630,7,84
label_balanced_selection,small_budget,contact_grasp_policy,operator_bias_shift,0.488095,0.023882,0.402291,0.001306,0.415836,0.000999,0.171107,0.001033,0.106343,0.000921,0.164437,0.000696,0.134328,0.002404,7,84
label_balanced_selection,small_budget,contact_grasp_policy,rare_contact_mechanism,0.455782,0.047687,0.405116,0.001344,0.427317,0.001027,0.173418,0.001947,0.109746,0.001600,0.165405,0.001015,0.134217,0.000682,7,84
label_balanced_selection,small_budget,deformable_pull_policy,color_mechanism_confound,0.450680,0.070264,0.422595,0.004761,0.408407,0.001066,0.168523,0.002858,0.111888,0.001947,0.162727,0.001168,0.132311,0.000708,7,84
label_balanced_selection,small_budget,deformable_pull_policy,compound_spurious_shift,0.375850,0.035953,0.409821,0.001383,0.442447,0.001056,0.187641,0.002858,0.113979,0.001046,0.169290,0.002496,0.137492,0.000702,7,84
label_balanced_selection,small_budget,deformable_pull_policy,iid_mechanisms,0.511905,0.042295,0.425606,0.001267,0.392676,0.003622,0.163083,0.001457,0.105715,0.001209,0.164381,0.000841,0.129471,0.000589,7,84
label_balanced_selection,small_budget,deformable_pull_policy,intervention_gap,0.403061,0.067054,0.409406,0.004830,0.433962,0.002865,0.179091,0.003815,0.112083,0.003657,0.166132,0.000648,0.138905,0.002442,7,84
label_balanced_selection,small_budget,deformable_pull_policy,material_shift,0.421769,0.019626,0.423452,0.001267,0.412491,0.000970,0.171872,0.001960,0.112022,0.000872,0.163562,0.000753,0.136912,0.000643,7,84
label_balanced_selection,small_budget,deformable_pull_policy,operator_bias_shift,0.435374,0.050369,0.415525,0.001331,0.420995,0.001018,0.173111,0.001264,0.109362,0.000924,0.165107,0.000562,0.133069,0.000676,7,84
label_balanced_selection,small_budget,deformable_pull_policy,rare_contact_mechanism,0.438776,0.051532,0.411643,0.004778,0.424016,0.001047,0.176166,0.002058,0.111876,0.001800,0.168082,0.001054,0.137473,0.000695,7,84
label_balanced_selection,small_budget,force_limited_twist_policy,color_mechanism_confound,0.498299,0.045379,0.417037,0.001447,0.409799,0.001104,0.167850,0.001893,0.108356,0.001573,0.164034,0.001024,0.134770,0.001883,7,84
label_balanced_selection,small_budget,force_limited_twist_policy,compound_spurious_shift,0.448980,0.042514,0.396081,0.001434,0.441133,0.001095,0.185365,0.003214,0.111372,0.002964,0.169681,0.002712,0.139247,0.000728,7,84
label_balanced_selection,small_budget,force_limited_twist_policy,iid_mechanisms,0.496599,0.027756,0.425131,0.003820,0.394451,0.001008,0.163433,0.001147,0.109488,0.000999,0.164284,0.000728,0.131048,0.000669,7,84
label_balanced_selection,small_budget,force_limited_twist_policy,intervention_gap,0.474490,0.025676,0.406999,0.005218,0.427427,0.001027,0.177620,0.001113,0.112755,0.000984,0.168777,0.000732,0.138240,0.000682,7,84
label_balanced_selection,small_budget,force_limited_twist_policy,material_shift,0.513605,0.047610,0.409255,0.001319,0.410835,0.001008,0.168785,0.002866,0.106466,0.002467,0.162394,0.000781,0.133861,0.002612,7,84
label_balanced_selection,small_budget,force_limited_twist_policy,operator_bias_shift,0.476190,0.046388,0.410221,0.005188,0.420863,0.001056,0.172670,0.001627,0.110628,0.001977,0.165465,0.000850,0.135631,0.000702,7,84
label_balanced_selection,small_budget,force_limited_twist_policy,rare_contact_mechanism,0.464286,0.041366,0.405729,0.001421,0.423426,0.003545,0.173562,0.001232,0.107280,0.001039,0.166001,0.000793,0.137436,0.000668,7,84
label_balanced_selection,small_budget,mobile_place_policy,color_mechanism_confound,0.474490,0.022443,0.401656,0.005208,0.405077,0.001037,0.169897,0.000933,0.109843,0.002622,0.165861,0.000676,0.134263,0.000689,7,84
label_balanced_selection,small_budget,mobile_place_policy,compound_spurious_shift,0.382653,0.016443,0.389291,0.005218,0.441139,0.001027,0.186430,0.000689,0.114681,0.001938,0.171656,0.000610,0.140824,0.000682,7,84
label_balanced_selection,small_budget,mobile_place_policy,iid_mechanisms,0.528912,0.032546,0.404185,0.001229,0.388985,0.000941,0.163253,0.001556,0.105766,0.002065,0.162768,0.002319,0.128889,0.000623,7,84
label_balanced_selection,small_budget,mobile_place_policy,intervention_gap,0.387755,0.045785,0.394027,0.001255,0.431372,0.003952,0.182179,0.001996,0.111442,0.001097,0.169007,0.002518,0.137932,0.000572,7,84
label_balanced_selection,small_budget,mobile_place_policy,material_shift,0.488095,0.044680,0.402030,0.001229,0.417375,0.000941,0.168833,0.001600,0.108908,0.001291,0.163743,0.000812,0.136468,0.000623,7,84
label_balanced_selection,small_budget,mobile_place_policy,operator_bias_shift,0.460884,0.019532,0.396631,0.001293,0.415769,0.000989,0.174190,0.001147,0.108222,0.001034,0.166960,0.000766,0.133726,0.000656,7,84
label_balanced_selection,small_budget,mobile_place_policy,rare_contact_mechanism,0.414966,0.024114,0.396096,0.001331,0.424730,0.001018,0.175066,0.001116,0.110042,0.000993,0.166384,0.000739,0.134181,0.000676,7,84
label_balanced_selection,small_budget,peg_search_policy,color_mechanism_confound,0.501701,0.031972,0.384511,0.001331,0.407507,0.001018,0.166195,0.000984,0.106780,0.000829,0.162520,0.000622,0.130414,0.000676,7,84
label_balanced_selection,small_budget,peg_search_policy,compound_spurious_shift,0.396259,0.035901,0.371483,0.001319,0.444787,0.001008,0.184027,0.001399,0.111680,0.001173,0.169262,0.000797,0.137807,0.000669,7,84
label_balanced_selection,small_budget,peg_search_policy,iid_mechanisms,0.542517,0.026874,0.394132,0.001203,0.391589,0.000922,0.160086,0.001317,0.106560,0.001138,0.161965,0.000787,0.132020,0.001929,7,84
label_balanced_selection,small_budget,peg_search_policy,intervention_gap,0.442177,0.028545,0.380726,0.001229,0.431540,0.003967,0.177149,0.001104,0.111885,0.000963,0.167316,0.000747,0.139399,0.001945,7,84
label_balanced_selection,small_budget,peg_search_policy,material_shift,0.476190,0.032603,0.380544,0.004891,0.413119,0.003983,0.173989,0.001058,0.110472,0.002337,0.166626,0.002358,0.132628,0.000546,7,84
label_balanced_selection,small_budget,peg_search_policy,operator_bias_shift,0.486395,0.020000,0.378459,0.001267,0.422574,0.002872,0.174883,0.000954,0.107383,0.000898,0.167695,0.000732,0.134007,0.000611,7,84
label_balanced_selection,small_budget,peg_search_policy,rare_contact_mechanism,0.464286,0.053403,0.375339,0.003825,0.426165,0.003603,0.174547,0.003385,0.110605,0.003184,0.164445,0.000834,0.136514,0.002665,7,84
oracle_interventional_selector,clean_budget,contact_grasp_policy,color_mechanism_confound,0.833333,0.022194,0.740580,0.003774,0.050835,0.003532,0.025374,0.000673,0.020323,0.000595,0.166925,0.000601,0.033308,0.002592,7,84
oracle_interventional_selector,clean_budget,contact_grasp_policy,compound_spurious_shift,0.828231,0.014272,0.725415,0.001434,0.064093,0.001095,0.036423,0.000584,0.019756,0.000638,0.170452,0.000618,0.042677,0.000728,7,84
oracle_interventional_selector,clean_budget,contact_grasp_policy,iid_mechanisms,0.863946,0.020905,0.742150,0.004812,0.039737,0.002858,0.020433,0.000445,0.017664,0.002783,0.163590,0.002709,0.033252,0.000638,7,84
oracle_interventional_selector,clean_budget,contact_grasp_policy,intervention_gap,0.843537,0.033555,0.725890,0.001344,0.057862,0.001027,0.034539,0.001217,0.016735,0.001027,0.170145,0.002436,0.038855,0.002391,7,84
oracle_interventional_selector,clean_budget,contact_grasp_policy,material_shift,0.835034,0.036515,0.736141,0.001319,0.051869,0.001008,0.024958,0.001560,0.018008,0.001313,0.165950,0.000878,0.032926,0.000669,7,84
oracle_interventional_selector,clean_budget,contact_grasp_policy,operator_bias_shift,0.824830,0.035172,0.730199,0.001383,0.054811,0.003564,0.029830,0.000986,0.016840,0.000835,0.168725,0.000688,0.037989,0.000648,7,84
oracle_interventional_selector,clean_budget,contact_grasp_policy,rare_contact_mechanism,0.804422,0.042251,0.730936,0.001421,0.052530,0.001085,0.029846,0.001349,0.018341,0.001094,0.168529,0.000743,0.038900,0.000722,7,84
oracle_interventional_selector,clean_budget,deformable_pull_policy,color_mechanism_confound,0.763605,0.029439,0.743802,0.003765,0.048115,0.001123,0.028041,0.000892,0.019537,0.002730,0.168374,0.000650,0.031374,0.000748,7,84
oracle_interventional_selector,clean_budget,deformable_pull_policy,compound_spurious_shift,0.767007,0.037367,0.738495,0.001460,0.060191,0.003526,0.037970,0.001355,0.022477,0.001118,0.171028,0.000814,0.041080,0.002369,7,84
oracle_interventional_selector,clean_budget,deformable_pull_policy,iid_mechanisms,0.787415,0.031151,0.752480,0.001344,0.044064,0.001027,0.020455,0.002871,0.017225,0.000671,0.162945,0.002610,0.030411,0.002601,7,84
oracle_interventional_selector,clean_budget,deformable_pull_policy,intervention_gap,0.726190,0.027420,0.743946,0.001370,0.054262,0.001047,0.033417,0.001935,0.022916,0.001105,0.168053,0.000837,0.036320,0.000695,7,84
oracle_interventional_selector,clean_budget,deformable_pull_policy,material_shift,0.785714,0.030551,0.748759,0.003810,0.049336,0.003583,0.027149,0.000983,0.021489,0.000838,0.167319,0.000682,0.034549,0.000629,7,84
oracle_interventional_selector,clean_budget,deformable_pull_policy,operator_bias_shift,0.736395,0.023014,0.739261,0.003787,0.054757,0.003551,0.030435,0.002141,0.020461,0.002886,0.166421,0.000601,0.035588,0.000661,7,84
oracle_interventional_selector,clean_budget,deformable_pull_policy,rare_contact_mechanism,0.787415,0.054705,0.742439,0.001447,0.056022,0.001104,0.029759,0.001192,0.019550,0.000813,0.167875,0.000483,0.038920,0.000735,7,84
oracle_interventional_selector,clean_budget,force_limited_twist_policy,color_mechanism_confound,0.829932,0.022608,0.739266,0.003748,0.050445,0.003495,0.022827,0.001072,0.018211,0.002572,0.164335,0.000833,0.033269,0.002561,7,84
oracle_interventional_selector,clean_budget,force_limited_twist_policy,compound_spurious_shift,0.819728,0.032375,0.730351,0.001511,0.059815,0.001152,0.039188,0.000493,0.019910,0.000429,0.173325,0.000492,0.039985,0.000767,7,84
oracle_interventional_selector,clean_budget,force_limited_twist_policy,iid_mechanisms,0.824830,0.049814,0.743880,0.001395,0.045061,0.002837,0.017420,0.001839,0.017960,0.002521,0.162880,0.000980,0.031397,0.000677,7,84
oracle_interventional_selector,clean_budget,force_limited_twist_policy,intervention_gap,0.814626,0.026874,0.733415,0.005157,0.057241,0.003853,0.033731,0.002796,0.020792,0.002753,0.168799,0.002731,0.036372,0.000657,7,84
oracle_interventional_selector,clean_budget,force_limited_twist_policy,material_shift,0.833333,0.041988,0.742445,0.001395,0.048617,0.001066,0.028270,0.001228,0.018779,0.000980,0.169439,0.000671,0.034364,0.002580,7,84
oracle_interventional_selector,clean_budget,force_limited_twist_policy,operator_bias_shift,0.831633,0.021257,0.737267,0.005127,0.050418,0.001114,0.029764,0.000841,0.019867,0.002237,0.169080,0.000679,0.034074,0.001881,7,84
oracle_interventional_selector,clean_budget,force_limited_twist_policy,rare_contact_mechanism,0.812925,0.018856,0.732974,0.003756,0.056370,0.001143,0.030036,0.000971,0.019123,0.002420,0.168640,0.000753,0.034889,0.001874,7,84
oracle_interventional_selector,clean_budget,mobile_place_policy,color_mechanism_confound,0.795918,0.029876,0.724851,0.001434,0.046788,0.002827,0.025776,0.002795,0.018233,0.002158,0.164555,0.001812,0.033369,0.000696,7,84
oracle_interventional_selector,clean_budget,mobile_place_policy,compound_spurious_shift,0.780612,0.034854,0.713093,0.004744,0.062601,0.003853,0.040144,0.002593,0.022149,0.002608,0.171031,0.002665,0.038766,0.000657,7,84
oracle_interventional_selector,clean_budget,mobile_place_policy,iid_mechanisms,0.824830,0.024795,0.730760,0.001306,0.040660,0.003603,0.017661,0.002222,0.017760,0.002800,0.161120,0.000781,0.030988,0.002650,7,84
oracle_interventional_selector,clean_budget,mobile_place_policy,intervention_gap,0.775510,0.049740,0.716834,0.001331,0.055390,0.001018,0.035868,0.001116,0.018704,0.002500,0.170274,0.002502,0.038847,0.002395,7,84
oracle_interventional_selector,clean_budget,mobile_place_policy,material_shift,0.804422,0.025386,0.729325,0.001306,0.051077,0.000999,0.027537,0.001052,0.019340,0.000928,0.167968,0.000695,0.034065,0.000663,7,84
oracle_interventional_selector,clean_budget,mobile_place_policy,operator_bias_shift,0.782313,0.028674,0.722356,0.004778,0.053250,0.001047,0.029916,0.001342,0.021150,0.002385,0.168062,0.000830,0.036316,0.000695,7,84
oracle_interventional_selector,clean_budget,mobile_place_policy,rare_contact_mechanism,0.795918,0.037565,0.724307,0.005167,0.057024,0.001075,0.031055,0.001830,0.021713,0.002118,0.166990,0.001782,0.035644,0.000715,7,84
oracle_interventional_selector,clean_budget,peg_search_policy,color_mechanism_confound,0.794218,0.032088,0.711640,0.005167,0.052339,0.001075,0.026276,0.003122,0.020385,0.002875,0.164660,0.001797,0.032733,0.000715,7,84
oracle_interventional_selector,clean_budget,peg_search_policy,compound_spurious_shift,0.816327,0.030062,0.699218,0.005178,0.064225,0.001066,0.037791,0.003078,0.021769,0.002198,0.169287,0.001887,0.038880,0.000708,7,84
oracle_interventional_selector,clean_budget,peg_search_policy,iid_mechanisms,0.848639,0.012172,0.720067,0.005269,0.044670,0.000979,0.017411,0.002528,0.019420,0.001947,0.161086,0.000576,0.032731,0.001914,7,84
oracle_interventional_selector,clean_budget,peg_search_policy,intervention_gap,0.816327,0.046627,0.707467,0.003825,0.060394,0.000999,0.034692,0.001306,0.021809,0.001002,0.171876,0.000633,0.038982,0.000663,7,84
oracle_interventional_selector,clean_budget,peg_search_policy,material_shift,0.816327,0.032146,0.709486,0.001280,0.048226,0.002868,0.027199,0.000757,0.017561,0.000554,0.168053,0.000464,0.033412,0.000618,7,84
oracle_interventional_selector,clean_budget,peg_search_policy,operator_bias_shift,0.824830,0.052599,0.705831,0.001344,0.054600,0.001027,0.030589,0.002533,0.017194,0.001469,0.167211,0.002402,0.036243,0.002601,7,84
oracle_interventional_selector,clean_budget,peg_search_policy,rare_contact_mechanism,0.773810,0.026458,0.705196,0.005188,0.054720,0.001056,0.029851,0.000972,0.022091,0.002188,0.167780,0.000676,0.036508,0.000702,7,84
oracle_interventional_selector,combined_stress,contact_grasp_policy,color_mechanism_confound,0.843537,0.021257,0.721590,0.003761,0.053362,0.001133,0.035932,0.001697,0.020869,0.000914,0.175061,0.000786,0.049222,0.001876,7,84
oracle_interventional_selector,combined_stress,contact_grasp_policy,compound_spurious_shift,0.794218,0.022027,0.705584,0.001472,0.069420,0.003823,0.052643,0.002505,0.021204,0.000516,0.182040,0.002625,0.054787,0.000683,7,84
oracle_interventional_selector,combined_stress,contact_grasp_policy,iid_mechanisms,0.843537,0.018659,0.724850,0.001357,0.052108,0.002847,0.033393,0.002107,0.017869,0.000841,0.175164,0.002582,0.044452,0.002611,7,84
oracle_interventional_selector,combined_stress,contact_grasp_policy,intervention_gap,0.809524,0.033775,0.707849,0.004769,0.066247,0.001056,0.043848,0.001271,0.021057,0.002639,0.179198,0.000764,0.051908,0.000702,7,84
oracle_interventional_selector,combined_stress,contact_grasp_policy,material_shift,0.821429,0.033775,0.716914,0.005208,0.055934,0.001037,0.038499,0.001635,0.021432,0.001937,0.177635,0.000945,0.048747,0.000689,7,84
oracle_interventional_selector,combined_stress,contact_grasp_policy,operator_bias_shift,0.789116,0.033665,0.714760,0.001421,0.060002,0.001085,0.042571,0.001376,0.020304,0.001176,0.179095,0.000828,0.052292,0.000722,7,84
oracle_interventional_selector,combined_stress,contact_grasp_policy,rare_contact_mechanism,0.804422,0.044928,0.708736,0.003769,0.059511,0.001114,0.045112,0.001603,0.020211,0.002749,0.182023,0.000869,0.048708,0.000741,7,84
oracle_interventional_selector,combined_stress,deformable_pull_policy,color_mechanism_confound,0.770408,0.032088,0.726906,0.001511,0.054311,0.003501,0.040160,0.001494,0.019306,0.001313,0.179109,0.000979,0.046533,0.000714,7,84
oracle_interventional_selector,combined_stress,deformable_pull_policy,compound_spurious_shift,0.710884,0.021430,0.713899,0.005097,0.070902,0.001143,0.051850,0.000879,0.024492,0.002335,0.181973,0.000705,0.054748,0.002539,7,84
oracle_interventional_selector,combined_stress,deformable_pull_policy,iid_mechanisms,0.755102,0.050111,0.732701,0.004769,0.051528,0.001056,0.032388,0.001732,0.020942,0.002895,0.174916,0.000876,0.045292,0.000702,7,84
oracle_interventional_selector,combined_stress,deformable_pull_policy,intervention_gap,0.714286,0.041988,0.721140,0.004752,0.066316,0.001075,0.051526,0.001218,0.025243,0.000972,0.182880,0.002720,0.049761,0.000715,7,84
oracle_interventional_selector,combined_stress,deformable_pull_policy,material_shift,0.761905,0.032203,0.727053,0.001383,0.055354,0.002840,0.043487,0.001263,0.020857,0.001046,0.180528,0.001930,0.048444,0.002608,7,84
oracle_interventional_selector,combined_stress,deformable_pull_policy,operator_bias_shift,0.736395,0.030307,0.725918,0.001447,0.063617,0.001104,0.043563,0.001027,0.022297,0.000896,0.179000,0.000693,0.052566,0.000735,7,84
oracle_interventional_selector,combined_stress,deformable_pull_policy,rare_contact_mechanism,0.722789,0.031681,0.722335,0.001485,0.061526,0.003815,0.048088,0.002668,0.021779,0.000807,0.181150,0.002681,0.051320,0.000689,7,84
oracle_interventional_selector,combined_stress,force_limited_twist_policy,color_mechanism_confound,0.795918,0.037218,0.719633,0.003736,0.052696,0.001191,0.041326,0.001244,0.019880,0.002638,0.178510,0.002526,0.049087,0.001864,7,84
oracle_interventional_selector,combined_stress,force_limited_twist_policy,compound_spurious_shift,0.804422,0.022111,0.709878,0.001549,0.070012,0.001181,0.049218,0.001352,0.020555,0.001223,0.181176,0.000915,0.052080,0.000787,7,84
oracle_interventional_selector,combined_stress,force_limited_twist_policy,iid_mechanisms,0.787415,0.025166,0.730511,0.001434,0.050295,0.001095,0.031343,0.000853,0.019229,0.000782,0.174504,0.000652,0.046964,0.000728,7,84
oracle_interventional_selector,combined_stress,force_limited_twist_policy,intervention_gap,0.795918,0.028545,0.719305,0.001460,0.061919,0.003526,0.044399,0.001304,0.022245,0.001147,0.179866,0.000878,0.052703,0.002369,7,84
oracle_interventional_selector,combined_stress,force_limited_twist_policy,material_shift,0.799320,0.038921,0.720289,0.005147,0.055836,0.003539,0.042400,0.001272,0.021385,0.002619,0.180065,0.001728,0.046713,0.000675,7,84
oracle_interventional_selector,combined_stress,force_limited_twist_policy,operator_bias_shift,0.811224,0.029876,0.714326,0.001498,0.063908,0.001143,0.042357,0.001445,0.019649,0.001991,0.179179,0.000906,0.047274,0.000761,7,84
oracle_interventional_selector,combined_stress,force_limited_twist_policy,rare_contact_mechanism,0.787415,0.039907,0.721567,0.001536,0.063075,0.001171,0.045821,0.001548,0.022441,0.001303,0.182269,0.000901,0.051461,0.000781,7,84
oracle_interventional_selector,combined_stress,mobile_place_policy,color_mechanism_confound,0.775510,0.043631,0.709494,0.005117,0.053609,0.001123,0.039281,0.001625,0.022612,0.002212,0.178099,0.000896,0.046432,0.002347,7,84
oracle_interventional_selector,combined_stress,mobile_place_policy,compound_spurious_shift,0.758503,0.026317,0.701470,0.001460,0.067077,0.003526,0.050841,0.000835,0.023604,0.000737,0.181886,0.000668,0.054802,0.002369,7,84
oracle_interventional_selector,combined_stress,mobile_place_policy,iid_mechanisms,0.789116,0.038682,0.714807,0.001344,0.050464,0.001027,0.034951,0.002135,0.017905,0.001177,0.175663,0.002703,0.044944,0.002601,7,84
oracle_interventional_selector,combined_stress,mobile_place_policy,intervention_gap,0.787415,0.028996,0.707001,0.001370,0.061208,0.001047,0.045383,0.001932,0.022637,0.000794,0.178253,0.000713,0.050083,0.000695,7,84
oracle_interventional_selector,combined_stress,mobile_place_policy,material_shift,0.739796,0.031151,0.713732,0.001344,0.056005,0.003583,0.040984,0.001356,0.023271,0.001228,0.178406,0.000934,0.048123,0.000629,7,84
oracle_interventional_selector,combined_stress,mobile_place_policy,operator_bias_shift,0.746599,0.046308,0.703691,0.004752,0.062734,0.002834,0.044686,0.002989,0.023206,0.001931,0.177818,0.002085,0.048911,0.000683,7,84
oracle_interventional_selector,combined_stress,mobile_place_policy,rare_contact_mechanism,0.738095,0.040734,0.703454,0.001447,0.061438,0.001104,0.043922,0.002526,0.020540,0.000728,0.178161,0.000551,0.051638,0.000735,7,84
oracle_interventional_selector,combined_stress,peg_search_policy,color_mechanism_confound,0.758503,0.040643,0.693857,0.001447,0.057164,0.001104,0.037675,0.000906,0.020151,0.000692,0.175829,0.000532,0.048930,0.000735,7,84
oracle_interventional_selector,combined_stress,peg_search_policy,compound_spurious_shift,0.777211,0.036616,0.678309,0.001434,0.068420,0.001095,0.051118,0.002556,0.020134,0.001084,0.180070,0.000817,0.054646,0.000728,7,84
oracle_interventional_selector,combined_stress,peg_search_policy,iid_mechanisms,0.794218,0.045461,0.703975,0.003820,0.050763,0.003596,0.033729,0.001530,0.021888,0.001208,0.176717,0.000796,0.045219,0.000616,7,84
oracle_interventional_selector,combined_stress,peg_search_policy,intervention_gap,0.770408,0.022027,0.681487,0.003810,0.062501,0.001027,0.047838,0.001082,0.021120,0.002558,0.182478,0.000739,0.053323,0.000682,7,84
oracle_interventional_selector,combined_stress,peg_search_policy,material_shift,0.750000,0.039768,0.689180,0.001319,0.056304,0.001008,0.040753,0.003524,0.019208,0.000848,0.175979,0.000551,0.047255,0.002400,7,84
oracle_interventional_selector,combined_stress,peg_search_policy,operator_bias_shift,0.763605,0.043033,0.687027,0.004769,0.062089,0.001056,0.042416,0.001306,0.021652,0.002736,0.178124,0.000699,0.049684,0.000702,7,84
oracle_interventional_selector,combined_stress,peg_search_policy,rare_contact_mechanism,0.756803,0.033720,0.684205,0.003783,0.060568,0.003853,0.044867,0.002515,0.021274,0.002612,0.178300,0.001737,0.049972,0.000657,7,84
oracle_interventional_selector,heldout_mechanism,contact_grasp_policy,color_mechanism_confound,0.802721,0.035590,0.724664,0.001511,0.051958,0.003501,0.034618,0.000887,0.018425,0.000687,0.174662,0.000604,0.041295,0.000714,7,84
oracle_interventional_selector,heldout_mechanism,contact_grasp_policy,compound_spurious_shift,0.789116,0.023727,0.708098,0.003756,0.069312,0.001143,0.045488,0.001063,0.020891,0.002517,0.177574,0.000767,0.047744,0.002339,7,84
oracle_interventional_selector,heldout_mechanism,contact_grasp_policy,iid_mechanisms,0.852041,0.018954,0.731337,0.005188,0.048119,0.001056,0.024135,0.001131,0.019009,0.002255,0.169119,0.000785,0.039334,0.000702,7,84
oracle_interventional_selector,heldout_mechanism,contact_grasp_policy,intervention_gap,0.795918,0.028996,0.720704,0.003787,0.063603,0.001075,0.044241,0.001115,0.023018,0.000974,0.177700,0.002443,0.044278,0.000715,7,84
oracle_interventional_selector,heldout_mechanism,contact_grasp_policy,material_shift,0.792517,0.040046,0.723642,0.001383,0.052125,0.002840,0.037355,0.001179,0.019359,0.000973,0.176658,0.000721,0.043752,0.002600,7,84
oracle_interventional_selector,heldout_mechanism,contact_grasp_policy,operator_bias_shift,0.790816,0.033720,0.723251,0.001447,0.060946,0.001104,0.037125,0.001266,0.020696,0.001082,0.174120,0.000780,0.047111,0.000735,7,84
oracle_interventional_selector,heldout_mechanism,contact_grasp_policy,rare_contact_mechanism,0.838435,0.028284,0.719580,0.001485,0.060505,0.003513,0.039876,0.001840,0.018862,0.000863,0.175614,0.002577,0.045848,0.000701,7,84
oracle_interventional_selector,heldout_mechanism,deformable_pull_policy,color_mechanism_confound,0.767007,0.045785,0.730971,0.001536,0.051796,0.003488,0.033510,0.003000,0.019618,0.002704,0.171836,0.001033,0.042359,0.002571,7,84
oracle_interventional_selector,heldout_mechanism,deformable_pull_policy,compound_spurious_shift,0.721088,0.041321,0.724264,0.003748,0.067968,0.001162,0.051345,0.001477,0.024606,0.001230,0.180000,0.002103,0.050288,0.000774,7,84
oracle_interventional_selector,heldout_mechanism,deformable_pull_policy,iid_mechanisms,0.773810,0.031388,0.747040,0.001408,0.048143,0.001075,0.031299,0.001286,0.021679,0.001108,0.172558,0.002557,0.037094,0.000715,7,84
oracle_interventional_selector,heldout_mechanism,deformable_pull_policy,intervention_gap,0.755102,0.027352,0.730411,0.003778,0.062561,0.003539,0.043785,0.000778,0.023735,0.000654,0.178912,0.000608,0.045884,0.002378,7,84
oracle_interventional_selector,heldout_mechanism,deformable_pull_policy,material_shift,0.756803,0.019626,0.730198,0.001408,0.053865,0.003551,0.035351,0.000643,0.018402,0.000643,0.173955,0.000650,0.044970,0.000661,7,84
oracle_interventional_selector,heldout_mechanism,deformable_pull_policy,operator_bias_shift,0.743197,0.034854,0.733113,0.004710,0.054875,0.001123,0.038911,0.001006,0.023871,0.000847,0.175476,0.000654,0.044140,0.002549,7,84
oracle_interventional_selector,heldout_mechanism,deformable_pull_policy,rare_contact_mechanism,0.731293,0.026387,0.727309,0.004684,0.061409,0.001152,0.039405,0.000963,0.022269,0.002823,0.175356,0.000714,0.045353,0.002534,7,84
oracle_interventional_selector,heldout_mechanism,force_limited_twist_policy,color_mechanism_confound,0.819728,0.023570,0.728569,0.001588,0.055614,0.001210,0.035534,0.001619,0.017780,0.001179,0.173463,0.002345,0.042934,0.002503,7,84
oracle_interventional_selector,heldout_mechanism,force_limited_twist_policy,compound_spurious_shift,0.758503,0.028674,0.720541,0.001575,0.065649,0.003763,0.045908,0.000983,0.022894,0.000845,0.177690,0.000738,0.047817,0.000735,7,84
oracle_interventional_selector,heldout_mechanism,force_limited_twist_policy,iid_mechanisms,0.799320,0.027148,0.740574,0.001460,0.047198,0.003830,0.026080,0.000767,0.020038,0.000696,0.170139,0.000672,0.041278,0.001899,7,84
oracle_interventional_selector,heldout_mechanism,force_limited_twist_policy,intervention_gap,0.787415,0.036158,0.717440,0.001485,0.063597,0.001133,0.042099,0.001685,0.020130,0.002203,0.177745,0.000985,0.044560,0.000754,7,84
oracle_interventional_selector,heldout_mechanism,force_limited_twist_policy,material_shift,0.814626,0.019626,0.723731,0.001460,0.054634,0.001114,0.037278,0.001137,0.018891,0.002301,0.175787,0.001859,0.042320,0.000741,7,84
oracle_interventional_selector,heldout_mechanism,force_limited_twist_policy,operator_bias_shift,0.802721,0.035590,0.726392,0.005077,0.060599,0.001162,0.038695,0.003250,0.021957,0.002082,0.173733,0.002316,0.047160,0.000774,7,84
oracle_interventional_selector,heldout_mechanism,force_limited_twist_policy,rare_contact_mechanism,0.807823,0.038586,0.729125,0.001562,0.059815,0.003476,0.039041,0.001723,0.021732,0.001522,0.176568,0.001114,0.045663,0.000740,7,84
oracle_interventional_selector,heldout_mechanism,mobile_place_policy,color_mechanism_confound,0.778912,0.029627,0.717140,0.001498,0.053972,0.003808,0.036779,0.001237,0.019298,0.001149,0.175024,0.001903,0.042022,0.000696,7,84
oracle_interventional_selector,heldout_mechanism,mobile_place_policy,compound_spurious_shift,0.794218,0.036260,0.699408,0.001485,0.068736,0.001133,0.047173,0.001667,0.020483,0.001930,0.179350,0.000976,0.046702,0.000754,7,84
oracle_interventional_selector,heldout_mechanism,mobile_place_policy,iid_mechanisms,0.799320,0.023014,0.728153,0.001370,0.043097,0.001047,0.026589,0.002103,0.020113,0.001100,0.168509,0.000877,0.037544,0.000695,7,84
oracle_interventional_selector,heldout_mechanism,mobile_place_policy,intervention_gap,0.797619,0.051171,0.708419,0.001395,0.058616,0.002837,0.041657,0.001472,0.019327,0.001164,0.177713,0.000781,0.048229,0.001891,7,84
oracle_interventional_selector,heldout_mechanism,mobile_place_policy,material_shift,0.765306,0.036260,0.711311,0.001370,0.057394,0.001047,0.037425,0.001316,0.019028,0.001965,0.175793,0.000764,0.045557,0.000695,7,84
oracle_interventional_selector,heldout_mechanism,mobile_place_policy,operator_bias_shift,0.801020,0.017427,0.712180,0.005147,0.056870,0.003845,0.040670,0.000926,0.021271,0.002349,0.175798,0.002351,0.042536,0.000663,7,84
oracle_interventional_selector,heldout_mechanism,mobile_place_policy,rare_contact_mechanism,0.761905,0.041051,0.714297,0.001472,0.059053,0.003823,0.037653,0.001477,0.021524,0.001220,0.174192,0.000878,0.047639,0.000683,7,84
oracle_interventional_selector,heldout_mechanism,peg_search_policy,color_mechanism_confound,0.777211,0.029565,0.705058,0.001472,0.051682,0.003520,0.032709,0.001194,0.021415,0.001027,0.172153,0.000800,0.043988,0.001879,7,84
oracle_interventional_selector,heldout_mechanism,peg_search_policy,compound_spurious_shift,0.758503,0.032088,0.688950,0.001460,0.067663,0.003526,0.046158,0.002129,0.022032,0.001006,0.176488,0.000822,0.050643,0.000688,7,84
oracle_interventional_selector,heldout_mechanism,peg_search_policy,iid_mechanisms,0.809524,0.024419,0.704869,0.004795,0.044411,0.001027,0.028229,0.001228,0.020291,0.002314,0.172496,0.000793,0.040827,0.000682,7,84
oracle_interventional_selector,heldout_mechanism,peg_search_policy,intervention_gap,0.787415,0.052281,0.693321,0.001370,0.059209,0.003570,0.043383,0.002542,0.020555,0.001055,0.176850,0.003000,0.045303,0.002450,7,84
oracle_interventional_selector,heldout_mechanism,peg_search_policy,material_shift,0.773810,0.035277,0.699460,0.001344,0.058708,0.001027,0.035687,0.002875,0.020180,0.001024,0.171793,0.000748,0.040836,0.000682,7,84
oracle_interventional_selector,heldout_mechanism,peg_search_policy,operator_bias_shift,0.797619,0.036717,0.701357,0.001408,0.058954,0.001075,0.040995,0.001697,0.022183,0.001442,0.175861,0.002372,0.041772,0.000715,7,84
oracle_interventional_selector,heldout_mechanism,peg_search_policy,rare_contact_mechanism,0.767007,0.025892,0.689454,0.001447,0.055769,0.001104,0.041799,0.002325,0.019871,0.002544,0.176308,0.002477,0.044353,0.000735,7,84
oracle_interventional_selector,heldout_object,contact_grasp_policy,color_mechanism_confound,0.833333,0.042904,0.726230,0.001472,0.054050,0.001123,0.033223,0.001379,0.016846,0.001122,0.172777,0.001904,0.039115,0.000748,7,84
oracle_interventional_selector,heldout_object,contact_grasp_policy,compound_spurious_shift,0.824830,0.025820,0.712792,0.004718,0.063458,0.001114,0.043844,0.000761,0.020481,0.002623,0.177201,0.000621,0.044713,0.001881,7,84
oracle_interventional_selector,heldout_object,contact_grasp_policy,iid_mechanisms,0.799320,0.049740,0.735787,0.001344,0.048944,0.001027,0.025456,0.003591,0.018370,0.001215,0.167221,0.001816,0.035145,0.001901,7,84
oracle_interventional_selector,heldout_object,contact_grasp_policy,intervention_gap,0.818027,0.023174,0.721321,0.005198,0.059838,0.001047,0.036529,0.001193,0.021694,0.001946,0.173138,0.000790,0.043815,0.000695,7,84
oracle_interventional_selector,heldout_object,contact_grasp_policy,material_shift,0.792517,0.040046,0.727732,0.005218,0.050965,0.001027,0.033355,0.001515,0.021671,0.001984,0.172910,0.000833,0.041637,0.000682,7,84
oracle_interventional_selector,heldout_object,contact_grasp_policy,operator_bias_shift,0.824830,0.027285,0.721266,0.001408,0.053514,0.002834,0.033234,0.001367,0.016790,0.001227,0.171568,0.000919,0.043002,0.000683,7,84
oracle_interventional_selector,heldout_object,contact_grasp_policy,rare_contact_mechanism,0.819728,0.037565,0.726643,0.001447,0.059858,0.002824,0.035671,0.001028,0.020753,0.000890,0.173540,0.000721,0.044085,0.002389,7,84
oracle_interventional_selector,heldout_object,deformable_pull_policy,color_mechanism_confound,0.750000,0.032603,0.743897,0.001498,0.050315,0.001143,0.032091,0.002239,0.022218,0.001240,0.170303,0.002061,0.042274,0.000761,7,84
oracle_interventional_selector,heldout_object,deformable_pull_policy,compound_spurious_shift,0.732993,0.039063,0.724309,0.001485,0.065401,0.003815,0.048265,0.001553,0.021193,0.001338,0.178599,0.001735,0.046031,0.000689,7,84
oracle_interventional_selector,heldout_object,deformable_pull_policy,iid_mechanisms,0.773810,0.038103,0.744554,0.005198,0.045394,0.001047,0.025012,0.001776,0.021614,0.002008,0.168867,0.000995,0.037287,0.000695,7,84
oracle_interventional_selector,heldout_object,deformable_pull_policy,intervention_gap,0.743197,0.043461,0.733240,0.001395,0.058652,0.001066,0.042724,0.001787,0.022264,0.001484,0.176853,0.002001,0.042998,0.002373,7,84
oracle_interventional_selector,heldout_object,deformable_pull_policy,material_shift,0.748299,0.023014,0.736499,0.001370,0.054276,0.003883,0.037349,0.000986,0.020079,0.000968,0.173600,0.002274,0.041603,0.002666,7,84
oracle_interventional_selector,heldout_object,deformable_pull_policy,operator_bias_shift,0.785714,0.016102,0.731052,0.001434,0.054159,0.001095,0.035124,0.002409,0.017673,0.000560,0.170429,0.000638,0.042292,0.000728,7,84
oracle_interventional_selector,heldout_object,deformable_pull_policy,rare_contact_mechanism,0.758503,0.043119,0.732010,0.005117,0.055474,0.001123,0.037975,0.001602,0.022003,0.002412,0.174986,0.000888,0.041084,0.001879,7,84
oracle_interventional_selector,heldout_object,force_limited_twist_policy,color_mechanism_confound,0.790816,0.024870,0.730634,0.001549,0.049458,0.001181,0.031043,0.001956,0.018289,0.001952,0.168946,0.000927,0.039675,0.002519,7,84
oracle_interventional_selector,heldout_object,force_limited_twist_policy,compound_spurious_shift,0.801020,0.033665,0.723446,0.001536,0.066984,0.001171,0.044755,0.001408,0.021713,0.001217,0.177452,0.000875,0.046241,0.000781,7,84
oracle_interventional_selector,heldout_object,force_limited_twist_policy,iid_mechanisms,0.814626,0.019626,0.736375,0.001421,0.043204,0.002830,0.022989,0.002484,0.016690,0.002400,0.166621,0.000619,0.037209,0.000690,7,84
oracle_interventional_selector,heldout_object,force_limited_twist_policy,intervention_gap,0.787415,0.038921,0.723129,0.001447,0.060159,0.001104,0.039874,0.003502,0.018674,0.000801,0.173607,0.002424,0.044300,0.000735,7,84
oracle_interventional_selector,heldout_object,force_limited_twist_policy,material_shift,0.777211,0.028674,0.735181,0.001421,0.055516,0.001085,0.034762,0.000944,0.021197,0.000832,0.173759,0.000660,0.041579,0.002570,7,84
oracle_interventional_selector,heldout_object,force_limited_twist_policy,operator_bias_shift,0.824830,0.018856,0.731766,0.001485,0.055208,0.003513,0.035521,0.002929,0.019775,0.000502,0.171503,0.002362,0.043281,0.000701,7,84
oracle_interventional_selector,heldout_object,force_limited_twist_policy,rare_contact_mechanism,0.789116,0.032088,0.725252,0.004676,0.061210,0.001162,0.036340,0.002695,0.021726,0.002263,0.171266,0.000857,0.044130,0.002330,7,84
oracle_interventional_selector,heldout_object,mobile_place_policy,color_mechanism_confound,0.780612,0.023805,0.722037,0.001460,0.055165,0.001114,0.031013,0.002047,0.019683,0.000871,0.169408,0.000736,0.041529,0.000741,7,84
oracle_interventional_selector,heldout_object,mobile_place_policy,compound_spurious_shift,0.782313,0.034801,0.705145,0.001447,0.065413,0.001104,0.045372,0.002830,0.019354,0.000854,0.175434,0.002423,0.046557,0.000735,7,84
oracle_interventional_selector,heldout_object,mobile_place_policy,iid_mechanisms,0.748299,0.044222,0.726786,0.001331,0.046452,0.001018,0.025130,0.001954,0.018756,0.001587,0.167149,0.001066,0.035097,0.001904,7,84
oracle_interventional_selector,heldout_object,mobile_place_policy,intervention_gap,0.787415,0.017213,0.716940,0.001357,0.057382,0.002847,0.036759,0.001020,0.021730,0.000965,0.172885,0.000786,0.042649,0.000657,7,84
oracle_interventional_selector,heldout_object,mobile_place_policy,material_shift,0.756803,0.037019,0.721017,0.004804,0.051904,0.003590,0.035080,0.001433,0.023137,0.001207,0.173827,0.000861,0.041645,0.000622,7,84
oracle_interventional_selector,heldout_object,mobile_place_policy,operator_bias_shift,0.767007,0.020905,0.718098,0.004761,0.057114,0.001066,0.037568,0.002580,0.023009,0.000737,0.172193,0.002461,0.040252,0.000708,7,84
oracle_interventional_selector,heldout_object,mobile_place_policy,rare_contact_mechanism,0.787415,0.032375,0.710968,0.003778,0.055792,0.003539,0.038205,0.002843,0.020974,0.002975,0.173373,0.002556,0.041819,0.000675,7,84
oracle_interventional_selector,heldout_object,peg_search_policy,color_mechanism_confound,0.824830,0.044305,0.698782,0.001434,0.049681,0.002827,0.031224,0.002184,0.018890,0.002013,0.169678,0.002270,0.039046,0.000696,7,84
oracle_interventional_selector,heldout_object,peg_search_policy,compound_spurious_shift,0.775510,0.024646,0.688088,0.004744,0.064577,0.003853,0.045941,0.002180,0.021720,0.002397,0.175883,0.002379,0.044960,0.000657,7,84
oracle_interventional_selector,heldout_object,peg_search_policy,iid_mechanisms,0.809524,0.031388,0.708337,0.004821,0.046288,0.003921,0.026436,0.002301,0.020277,0.002418,0.168509,0.002453,0.038532,0.001929,7,84
oracle_interventional_selector,heldout_object,peg_search_policy,intervention_gap,0.760204,0.050259,0.690669,0.001331,0.058211,0.001018,0.042590,0.001916,0.020272,0.002318,0.175792,0.002526,0.045619,0.001904,7,84
oracle_interventional_selector,heldout_object,peg_search_policy,material_shift,0.792517,0.015154,0.702569,0.001306,0.053454,0.000999,0.032689,0.000889,0.019290,0.000841,0.172012,0.000677,0.039390,0.000663,7,84
oracle_interventional_selector,heldout_object,peg_search_policy,operator_bias_shift,0.812925,0.040000,0.698390,0.005198,0.056005,0.001047,0.034069,0.001452,0.021598,0.001100,0.171933,0.000805,0.041899,0.000695,7,84
oracle_interventional_selector,heldout_object,peg_search_policy,rare_contact_mechanism,0.826531,0.015986,0.700109,0.004752,0.059605,0.001075,0.037368,0.002338,0.022170,0.000836,0.173032,0.002554,0.041109,0.000715,7,84
oracle_interventional_selector,small_budget,contact_grasp_policy,color_mechanism_confound,0.826531,0.020905,0.730759,0.001447,0.051213,0.001104,0.027670,0.002458,0.017166,0.000952,0.166410,0.000803,0.038151,0.000735,7,84
oracle_interventional_selector,small_budget,contact_grasp_policy,compound_spurious_shift,0.840136,0.029627,0.713307,0.001434,0.061041,0.001095,0.042508,0.002397,0.018619,0.002474,0.174324,0.002788,0.042893,0.000728,7,84
oracle_interventional_selector,small_budget,contact_grasp_policy,iid_mechanisms,0.865646,0.040000,0.741476,0.001319,0.046977,0.001008,0.020632,0.001091,0.017881,0.000858,0.166420,0.000591,0.033632,0.000669,7,84
oracle_interventional_selector,small_budget,contact_grasp_policy,intervention_gap,0.816327,0.038394,0.727504,0.003810,0.054811,0.001027,0.034937,0.000761,0.021756,0.000554,0.172121,0.000443,0.041357,0.000682,7,84
oracle_interventional_selector,small_budget,contact_grasp_policy,material_shift,0.840136,0.030912,0.726321,0.003820,0.048818,0.001008,0.032391,0.001023,0.019375,0.002761,0.171033,0.002409,0.041145,0.000669,7,84
oracle_interventional_selector,small_budget,contact_grasp_policy,operator_bias_shift,0.826531,0.025386,0.729525,0.004769,0.055190,0.001056,0.031870,0.002180,0.021501,0.000938,0.168124,0.000786,0.038259,0.000702,7,84
oracle_interventional_selector,small_budget,contact_grasp_policy,rare_contact_mechanism,0.848639,0.017427,0.725689,0.005157,0.058054,0.003545,0.034375,0.002449,0.020195,0.002524,0.170934,0.002646,0.039253,0.000668,7,84
oracle_interventional_selector,small_budget,deformable_pull_policy,color_mechanism_confound,0.731293,0.040046,0.745321,0.001472,0.050242,0.003823,0.030072,0.001917,0.021509,0.001320,0.168169,0.001019,0.039745,0.000683,7,84
oracle_interventional_selector,small_budget,deformable_pull_policy,compound_spurious_shift,0.751701,0.042426,0.726293,0.001460,0.065749,0.001114,0.045431,0.001933,0.019981,0.001384,0.175227,0.002505,0.043789,0.000741,7,84
oracle_interventional_selector,small_budget,deformable_pull_policy,iid_mechanisms,0.775510,0.038249,0.749426,0.005218,0.041046,0.001027,0.023827,0.001653,0.020977,0.002284,0.168253,0.000922,0.035269,0.000682,7,84
oracle_interventional_selector,small_budget,deformable_pull_policy,intervention_gap,0.777211,0.049028,0.731744,0.001370,0.061535,0.002844,0.038999,0.001965,0.019041,0.001654,0.175019,0.001102,0.043630,0.001948,7,84
oracle_interventional_selector,small_budget,deformable_pull_policy,material_shift,0.734694,0.027756,0.738844,0.001344,0.054893,0.001027,0.034538,0.002582,0.019704,0.000316,0.169588,0.002655,0.038401,0.002601,7,84
oracle_interventional_selector,small_budget,deformable_pull_policy,operator_bias_shift,0.770408,0.038682,0.740781,0.001408,0.055170,0.001075,0.036082,0.001526,0.021264,0.001279,0.173556,0.000866,0.039358,0.002575,7,84
oracle_interventional_selector,small_budget,deformable_pull_policy,rare_contact_mechanism,0.758503,0.027756,0.732524,0.003774,0.053004,0.001104,0.038214,0.001085,0.020516,0.002779,0.173353,0.002289,0.039205,0.000735,7,84
oracle_interventional_selector,small_budget,force_limited_twist_policy,color_mechanism_confound,0.795918,0.032375,0.740829,0.001524,0.050841,0.001162,0.031657,0.001119,0.020565,0.000973,0.170982,0.002017,0.038150,0.000774,7,84
oracle_interventional_selector,small_budget,force_limited_twist_policy,compound_spurious_shift,0.819728,0.025676,0.718193,0.001511,0.065357,0.003501,0.039328,0.000558,0.020099,0.002956,0.172771,0.000578,0.043805,0.002566,7,84
oracle_interventional_selector,small_budget,force_limited_twist_policy,iid_mechanisms,0.797619,0.030551,0.747730,0.001395,0.043743,0.001066,0.025935,0.001161,0.020099,0.001003,0.168315,0.002511,0.032820,0.001892,7,84
oracle_interventional_selector,small_budget,force_limited_twist_policy,intervention_gap,0.795918,0.050000,0.730404,0.001421,0.059353,0.001085,0.036496,0.001845,0.020249,0.001498,0.173006,0.000953,0.043567,0.001888,7,84
oracle_interventional_selector,small_budget,force_limited_twist_policy,material_shift,0.801020,0.017427,0.730287,0.001395,0.054160,0.003558,0.029380,0.001009,0.018529,0.002286,0.169208,0.000828,0.039328,0.000655,7,84
oracle_interventional_selector,small_budget,force_limited_twist_policy,operator_bias_shift,0.782313,0.030852,0.734256,0.001460,0.057675,0.002821,0.032639,0.002434,0.020123,0.000832,0.169020,0.000695,0.041352,0.000710,7,84
oracle_interventional_selector,small_budget,force_limited_twist_policy,rare_contact_mechanism,0.806122,0.046587,0.734537,0.001498,0.053336,0.001143,0.034397,0.003213,0.020544,0.001287,0.170442,0.002115,0.042002,0.000761,7,84
oracle_interventional_selector,small_budget,mobile_place_policy,color_mechanism_confound,0.763605,0.040552,0.728788,0.001434,0.054015,0.001095,0.031569,0.000937,0.021753,0.000721,0.171134,0.000544,0.037152,0.002565,7,84
oracle_interventional_selector,small_budget,mobile_place_policy,compound_spurious_shift,0.770408,0.024795,0.712456,0.001421,0.064683,0.001085,0.042652,0.001331,0.021419,0.001181,0.175102,0.000859,0.044754,0.002365,7,84
oracle_interventional_selector,small_budget,mobile_place_policy,iid_mechanisms,0.801020,0.035172,0.734697,0.001306,0.046172,0.000999,0.024231,0.000795,0.019953,0.000620,0.168757,0.000487,0.034744,0.000663,7,84
oracle_interventional_selector,small_budget,mobile_place_policy,intervention_gap,0.777211,0.037317,0.720771,0.001331,0.059186,0.003906,0.036987,0.001164,0.022287,0.000939,0.173083,0.000703,0.041433,0.000611,7,84
oracle_interventional_selector,small_budget,mobile_place_policy,material_shift,0.795918,0.019341,0.717254,0.001306,0.049728,0.002861,0.030915,0.002499,0.018508,0.002491,0.167448,0.000669,0.038855,0.002632,7,84
oracle_interventional_selector,small_budget,mobile_place_policy,operator_bias_shift,0.809524,0.028803,0.721719,0.001370,0.053616,0.003570,0.034620,0.002353,0.019743,0.000972,0.170616,0.002381,0.037703,0.001931,7,84
oracle_interventional_selector,small_budget,mobile_place_policy,rare_contact_mechanism,0.790816,0.042861,0.719096,0.001408,0.053960,0.001075,0.035363,0.001633,0.019666,0.001349,0.173297,0.000891,0.041550,0.002369,7,84
oracle_interventional_selector,small_budget,peg_search_policy,color_mechanism_confound,0.792517,0.044054,0.708759,0.001408,0.049259,0.001075,0.030480,0.001269,0.019407,0.001003,0.170908,0.000675,0.038607,0.002369,7,84
oracle_interventional_selector,small_budget,peg_search_policy,compound_spurious_shift,0.782313,0.032886,0.694051,0.001395,0.061145,0.001066,0.042965,0.001165,0.020352,0.000992,0.175858,0.000722,0.044753,0.002373,7,84
oracle_interventional_selector,small_budget,peg_search_policy,iid_mechanisms,0.819728,0.019341,0.714900,0.001280,0.041590,0.000979,0.023576,0.001162,0.017960,0.001046,0.168749,0.000770,0.034031,0.000649,7,84
oracle_interventional_selector,small_budget,peg_search_policy,intervention_gap,0.807823,0.048952,0.697726,0.001306,0.057314,0.000999,0.034527,0.001723,0.018417,0.001382,0.171331,0.000863,0.039139,0.000663,7,84
oracle_interventional_selector,small_budget,peg_search_policy,material_shift,0.785714,0.040415,0.704318,0.005269,0.055437,0.000979,0.030653,0.002990,0.022050,0.001649,0.167729,0.000680,0.039450,0.002413,7,84
oracle_interventional_selector,small_budget,peg_search_policy,operator_bias_shift,0.792517,0.032146,0.705237,0.004795,0.051520,0.001027,0.033425,0.001131,0.022462,0.000960,0.171478,0.000696,0.039830,0.000682,7,84
oracle_interventional_selector,small_budget,peg_search_policy,rare_contact_mechanism,0.784014,0.039581,0.702316,0.001383,0.053355,0.002840,0.037240,0.001613,0.019982,0.001334,0.172765,0.002094,0.040122,0.002608,7,84
proposed_causal_mechanism_selector,clean_budget,contact_grasp_policy,color_mechanism_confound,0.756803,0.026874,0.662197,0.004693,0.108374,0.001143,0.054798,0.002051,0.041085,0.000888,0.206934,0.000744,0.053363,0.002339,7,84
proposed_causal_mechanism_selector,clean_budget,contact_grasp_policy,compound_spurious_shift,0.750000,0.051676,0.648199,0.001485,0.124848,0.003513,0.070120,0.003131,0.040361,0.001102,0.213349,0.002851,0.059938,0.000701,7,84
proposed_causal_mechanism_selector,clean_budget,contact_grasp_policy,iid_mechanisms,0.753401,0.035901,0.666021,0.005198,0.100572,0.001047,0.048787,0.001608,0.040284,0.001418,0.206210,0.000920,0.049913,0.000695,7,84
proposed_causal_mechanism_selector,clean_budget,contact_grasp_policy,intervention_gap,0.768707,0.031329,0.655634,0.001395,0.118988,0.001066,0.065921,0.001070,0.040626,0.000919,0.213057,0.002492,0.055027,0.001892,7,84
proposed_causal_mechanism_selector,clean_budget,contact_grasp_policy,material_shift,0.760204,0.035798,0.658205,0.001370,0.113884,0.003570,0.060562,0.001488,0.038344,0.001317,0.210739,0.002173,0.053276,0.002623,7,84
proposed_causal_mechanism_selector,clean_budget,contact_grasp_policy,operator_bias_shift,0.729592,0.022608,0.653503,0.001434,0.113219,0.001095,0.059571,0.002095,0.037725,0.000996,0.208621,0.000796,0.055472,0.000728,7,84
proposed_causal_mechanism_selector,clean_budget,contact_grasp_policy,rare_contact_mechanism,0.763605,0.029439,0.652085,0.004710,0.115076,0.001123,0.061720,0.001567,0.039620,0.002390,0.212522,0.000962,0.053085,0.000748,7,84
proposed_causal_mechanism_selector,clean_budget,deformable_pull_policy,color_mechanism_confound,0.707483,0.050626,0.671723,0.001524,0.106952,0.001162,0.058945,0.001832,0.039746,0.001491,0.211332,0.000964,0.052315,0.000774,7,84
proposed_causal_mechanism_selector,clean_budget,deformable_pull_policy,compound_spurious_shift,0.656463,0.049740,0.651575,0.001511,0.129105,0.002808,0.070602,0.001522,0.041384,0.002260,0.213970,0.000805,0.058193,0.002341,7,84
proposed_causal_mechanism_selector,clean_budget,deformable_pull_policy,iid_mechanisms,0.738095,0.039110,0.680368,0.001395,0.099336,0.001066,0.052051,0.002543,0.039486,0.000961,0.206961,0.002792,0.047849,0.001892,7,84
proposed_causal_mechanism_selector,clean_budget,deformable_pull_policy,intervention_gap,0.698980,0.040643,0.663986,0.001421,0.120116,0.001085,0.065686,0.001242,0.041222,0.001008,0.213641,0.000700,0.058007,0.002365,7,84
proposed_causal_mechanism_selector,clean_budget,deformable_pull_policy,material_shift,0.690476,0.046667,0.663405,0.001395,0.116078,0.001066,0.058821,0.001405,0.039597,0.002211,0.209747,0.000721,0.054697,0.000708,7,84
proposed_causal_mechanism_selector,clean_budget,deformable_pull_policy,operator_bias_shift,0.675170,0.054535,0.666582,0.001460,0.117893,0.001114,0.061471,0.002339,0.040631,0.000903,0.209129,0.000577,0.056298,0.000741,7,84
proposed_causal_mechanism_selector,clean_budget,deformable_pull_policy,rare_contact_mechanism,0.678571,0.019052,0.665319,0.001498,0.116435,0.003808,0.065544,0.001701,0.040928,0.000657,0.212270,0.002588,0.056223,0.000696,7,84
proposed_causal_mechanism_selector,clean_budget,force_limited_twist_policy,color_mechanism_confound,0.726190,0.032998,0.665611,0.001575,0.111530,0.001200,0.055661,0.002309,0.038779,0.001226,0.206980,0.000914,0.051172,0.001862,7,84
proposed_causal_mechanism_selector,clean_budget,force_limited_twist_policy,compound_spurious_shift,0.741497,0.039347,0.653289,0.004651,0.127547,0.003770,0.069986,0.001583,0.042949,0.001389,0.215155,0.001039,0.059721,0.000729,7,84
proposed_causal_mechanism_selector,clean_budget,force_limited_twist_policy,iid_mechanisms,0.778912,0.023254,0.670192,0.001447,0.100866,0.001104,0.048160,0.002731,0.035902,0.000687,0.203787,0.000651,0.050342,0.000735,7,84
proposed_causal_mechanism_selector,clean_budget,force_limited_twist_policy,intervention_gap,0.715986,0.025166,0.661026,0.001472,0.118482,0.003520,0.062482,0.000768,0.041652,0.000704,0.210883,0.000670,0.058340,0.001879,7,84
proposed_causal_mechanism_selector,clean_budget,force_limited_twist_policy,material_shift,0.727891,0.047610,0.666951,0.003774,0.112463,0.003838,0.059271,0.001158,0.041879,0.000802,0.211181,0.000562,0.052534,0.002387,7,84
proposed_causal_mechanism_selector,clean_budget,force_limited_twist_policy,operator_bias_shift,0.741497,0.041899,0.658438,0.001511,0.115802,0.003800,0.061026,0.000896,0.037633,0.000606,0.211290,0.000531,0.052889,0.000703,7,84
proposed_causal_mechanism_selector,clean_budget,force_limited_twist_policy,rare_contact_mechanism,0.705782,0.025820,0.658852,0.005057,0.117316,0.003778,0.063873,0.002621,0.041868,0.002639,0.211086,0.002547,0.057130,0.001883,7,84
proposed_causal_mechanism_selector,clean_budget,mobile_place_policy,color_mechanism_confound,0.743197,0.041944,0.653422,0.005107,0.107828,0.001133,0.055903,0.001391,0.041017,0.001872,0.208946,0.000787,0.052384,0.002544,7,84
proposed_causal_mechanism_selector,clean_budget,mobile_place_policy,compound_spurious_shift,0.688776,0.038249,0.642831,0.001472,0.125142,0.003520,0.068695,0.001555,0.042826,0.001339,0.212967,0.000972,0.060675,0.001879,7,84
proposed_causal_mechanism_selector,clean_budget,mobile_place_policy,iid_mechanisms,0.732993,0.021517,0.663872,0.001357,0.099850,0.003577,0.048824,0.000836,0.040164,0.000730,0.205886,0.000639,0.048814,0.000635,7,84
proposed_causal_mechanism_selector,clean_budget,mobile_place_policy,intervention_gap,0.685374,0.043162,0.642098,0.001383,0.121732,0.003564,0.066951,0.001651,0.039682,0.001361,0.214529,0.000927,0.058580,0.001928,7,84
proposed_causal_mechanism_selector,clean_budget,mobile_place_policy,material_shift,0.736395,0.035798,0.646909,0.001357,0.113162,0.001037,0.060702,0.001045,0.037155,0.000857,0.211593,0.001900,0.055607,0.001899,7,84
proposed_causal_mechanism_selector,clean_budget,mobile_place_policy,operator_bias_shift,0.727891,0.017213,0.652614,0.001421,0.116873,0.001085,0.063392,0.000569,0.041672,0.000609,0.212170,0.001901,0.052785,0.001888,7,84
proposed_causal_mechanism_selector,clean_budget,mobile_place_policy,rare_contact_mechanism,0.732993,0.026387,0.643263,0.001460,0.116210,0.001114,0.062278,0.002574,0.037608,0.000638,0.210107,0.002500,0.055539,0.000741,7,84
proposed_causal_mechanism_selector,clean_budget,peg_search_policy,color_mechanism_confound,0.729592,0.046865,0.633715,0.001460,0.110222,0.001114,0.056737,0.002278,0.037782,0.001332,0.207066,0.001917,0.053024,0.000741,7,84
proposed_causal_mechanism_selector,clean_budget,peg_search_policy,compound_spurious_shift,0.695578,0.024343,0.617887,0.001447,0.125324,0.001104,0.071872,0.002594,0.040059,0.001822,0.213981,0.002577,0.058661,0.000735,7,84
proposed_causal_mechanism_selector,clean_budget,peg_search_policy,iid_mechanisms,0.773810,0.050662,0.637536,0.001331,0.098988,0.001018,0.050217,0.002948,0.037020,0.003016,0.205864,0.002523,0.050661,0.002395,7,84
proposed_causal_mechanism_selector,clean_budget,peg_search_policy,intervention_gap,0.722789,0.033278,0.628522,0.001357,0.121864,0.003577,0.064600,0.002338,0.040509,0.000925,0.210631,0.001956,0.054246,0.000635,7,84
proposed_causal_mechanism_selector,clean_budget,peg_search_policy,material_shift,0.721088,0.017533,0.636582,0.001331,0.115730,0.001018,0.058284,0.000642,0.040742,0.000643,0.209845,0.000584,0.052936,0.000676,7,84
proposed_causal_mechanism_selector,clean_budget,peg_search_policy,operator_bias_shift,0.722789,0.031681,0.634166,0.001395,0.113351,0.001066,0.063073,0.002478,0.040908,0.001025,0.210835,0.002580,0.052817,0.001892,7,84
proposed_causal_mechanism_selector,clean_budget,peg_search_policy,rare_contact_mechanism,0.722789,0.034427,0.631378,0.004735,0.119325,0.002827,0.064680,0.001511,0.042909,0.001293,0.213246,0.001996,0.053241,0.000696,7,84
proposed_causal_mechanism_selector,combined_stress,contact_grasp_policy,color_mechanism_confound,0.693878,0.034427,0.643261,0.001536,0.125091,0.001171,0.071929,0.001506,0.041724,0.001297,0.221545,0.000918,0.066101,0.000781,7,84
proposed_causal_mechanism_selector,combined_stress,contact_grasp_policy,compound_spurious_shift,0.647959,0.037712,0.623849,0.001524,0.140935,0.003495,0.083390,0.001188,0.042252,0.002088,0.224500,0.000801,0.072246,0.002398,7,84
proposed_causal_mechanism_selector,combined_stress,contact_grasp_policy,iid_mechanisms,0.736395,0.049216,0.644200,0.003787,0.118556,0.003551,0.062038,0.001878,0.040662,0.002821,0.215490,0.001029,0.063517,0.000661,7,84
proposed_causal_mechanism_selector,combined_stress,contact_grasp_policy,intervention_gap,0.709184,0.021517,0.628500,0.001434,0.132986,0.001095,0.078674,0.002508,0.041314,0.002173,0.222392,0.002266,0.070484,0.000728,7,84
proposed_causal_mechanism_selector,combined_stress,contact_grasp_policy,material_shift,0.750000,0.035642,0.641319,0.001408,0.126993,0.001075,0.072329,0.001658,0.040792,0.001412,0.222418,0.000957,0.068126,0.002575,7,84
proposed_causal_mechanism_selector,combined_stress,contact_grasp_policy,operator_bias_shift,0.715986,0.045379,0.633544,0.001472,0.132600,0.001123,0.077171,0.001216,0.040419,0.002449,0.223371,0.001806,0.067742,0.000748,7,84
proposed_causal_mechanism_selector,combined_stress,contact_grasp_policy,rare_contact_mechanism,0.685374,0.030062,0.634513,0.001511,0.131101,0.003501,0.077660,0.001227,0.041153,0.001070,0.224537,0.000838,0.068782,0.000714,7,84
proposed_causal_mechanism_selector,combined_stress,deformable_pull_policy,color_mechanism_confound,0.641156,0.024646,0.652594,0.001562,0.127501,0.001191,0.071931,0.001295,0.042703,0.001167,0.220538,0.000881,0.065444,0.000794,7,84
proposed_causal_mechanism_selector,combined_stress,deformable_pull_policy,compound_spurious_shift,0.620748,0.047062,0.633893,0.003740,0.140448,0.002799,0.087368,0.002808,0.044357,0.002655,0.225880,0.002528,0.074184,0.002328,7,84
proposed_causal_mechanism_selector,combined_stress,deformable_pull_policy,iid_mechanisms,0.656463,0.043928,0.653782,0.003778,0.116007,0.003539,0.067232,0.002272,0.042447,0.003001,0.218309,0.002818,0.062904,0.000675,7,84
proposed_causal_mechanism_selector,combined_stress,deformable_pull_policy,intervention_gap,0.629252,0.037908,0.641233,0.001460,0.137947,0.001114,0.081359,0.003185,0.042501,0.000999,0.223356,0.002330,0.071567,0.000741,7,84
proposed_causal_mechanism_selector,combined_stress,deformable_pull_policy,material_shift,0.653061,0.037565,0.650901,0.001434,0.129589,0.001095,0.073793,0.001622,0.042874,0.001373,0.221976,0.000931,0.069882,0.001885,7,84
proposed_causal_mechanism_selector,combined_stress,deformable_pull_policy,operator_bias_shift,0.647959,0.022690,0.651006,0.001498,0.129100,0.001143,0.076739,0.002386,0.044392,0.000971,0.220864,0.001808,0.071053,0.000761,7,84
proposed_causal_mechanism_selector,combined_stress,deformable_pull_policy,rare_contact_mechanism,0.651361,0.037663,0.640695,0.001536,0.132862,0.003785,0.075483,0.001119,0.042315,0.002764,0.221767,0.000667,0.068824,0.002374,7,84
proposed_causal_mechanism_selector,combined_stress,force_limited_twist_policy,color_mechanism_confound,0.714286,0.069068,0.641458,0.001613,0.128059,0.001229,0.071021,0.001578,0.040344,0.002905,0.220962,0.000574,0.068388,0.000820,7,84
proposed_causal_mechanism_selector,combined_stress,force_limited_twist_policy,compound_spurious_shift,0.668367,0.051783,0.632870,0.001600,0.143445,0.003748,0.086722,0.002150,0.043093,0.001676,0.225898,0.002013,0.073077,0.002550,7,84
proposed_causal_mechanism_selector,combined_stress,force_limited_twist_policy,iid_mechanisms,0.709184,0.037367,0.652303,0.001485,0.118663,0.003513,0.067326,0.001280,0.039741,0.001061,0.219191,0.002483,0.063850,0.000701,7,84
proposed_causal_mechanism_selector,combined_stress,force_limited_twist_policy,intervention_gap,0.656463,0.033555,0.633249,0.001511,0.137438,0.003501,0.078760,0.001397,0.042498,0.001846,0.223529,0.000897,0.069210,0.001872,7,84
proposed_causal_mechanism_selector,combined_stress,force_limited_twist_policy,material_shift,0.700680,0.051783,0.644848,0.005107,0.127099,0.001133,0.071419,0.001730,0.043373,0.002571,0.220623,0.000884,0.068459,0.002544,7,84
proposed_causal_mechanism_selector,combined_stress,force_limited_twist_policy,operator_bias_shift,0.664966,0.059035,0.637838,0.001549,0.128134,0.001181,0.076398,0.002797,0.040977,0.002614,0.220833,0.002149,0.068384,0.002519,7,84
proposed_causal_mechanism_selector,combined_stress,force_limited_twist_policy,rare_contact_mechanism,0.663265,0.036260,0.638351,0.001588,0.134868,0.001210,0.078614,0.001619,0.041296,0.001228,0.222625,0.002525,0.070471,0.002503,7,84
proposed_causal_mechanism_selector,combined_stress,mobile_place_policy,color_mechanism_confound,0.663265,0.043119,0.633546,0.001524,0.121915,0.001162,0.072836,0.001347,0.041356,0.001098,0.221970,0.000764,0.065590,0.000774,7,84
proposed_causal_mechanism_selector,combined_stress,mobile_place_policy,compound_spurious_shift,0.617347,0.041500,0.615254,0.001511,0.143744,0.003501,0.085247,0.001520,0.043854,0.001851,0.225485,0.000946,0.071247,0.001872,7,84
proposed_causal_mechanism_selector,combined_stress,mobile_place_policy,iid_mechanisms,0.702381,0.040092,0.643399,0.001395,0.115205,0.001066,0.067493,0.001000,0.041654,0.000780,0.219261,0.002536,0.061742,0.001892,7,84
proposed_causal_mechanism_selector,combined_stress,mobile_place_policy,intervention_gap,0.656463,0.039581,0.627745,0.001421,0.136530,0.001085,0.080589,0.001678,0.043877,0.001410,0.225231,0.000944,0.071129,0.002570,7,84
proposed_causal_mechanism_selector,combined_stress,mobile_place_policy,material_shift,0.659864,0.045216,0.626796,0.001395,0.130502,0.002837,0.073053,0.001406,0.041720,0.002412,0.221034,0.000762,0.068747,0.000677,7,84
proposed_causal_mechanism_selector,combined_stress,mobile_place_policy,operator_bias_shift,0.695578,0.041944,0.629429,0.001460,0.133623,0.001114,0.075129,0.002692,0.041473,0.001254,0.219633,0.000893,0.070097,0.000741,7,84
proposed_causal_mechanism_selector,combined_stress,mobile_place_policy,rare_contact_mechanism,0.644558,0.037565,0.627038,0.001498,0.133035,0.003808,0.080327,0.001226,0.042393,0.001024,0.225041,0.002117,0.069472,0.000696,7,84
proposed_causal_mechanism_selector,combined_stress,peg_search_policy,color_mechanism_confound,0.668367,0.047881,0.618273,0.001498,0.123953,0.003507,0.074080,0.002606,0.042184,0.001155,0.220804,0.002797,0.067102,0.000707,7,84
proposed_causal_mechanism_selector,combined_stress,peg_search_policy,compound_spurious_shift,0.636054,0.034102,0.601605,0.001485,0.143570,0.003513,0.087894,0.001127,0.042942,0.000900,0.227282,0.001943,0.072392,0.000701,7,84
proposed_causal_mechanism_selector,combined_stress,peg_search_policy,iid_mechanisms,0.736395,0.035066,0.628358,0.001370,0.113986,0.001047,0.062057,0.002180,0.041505,0.001094,0.215635,0.000793,0.062175,0.000695,7,84
proposed_causal_mechanism_selector,combined_stress,peg_search_policy,intervention_gap,0.654762,0.042295,0.609456,0.001395,0.132876,0.001066,0.081302,0.001134,0.043102,0.000888,0.226055,0.000615,0.071043,0.002580,7,84
proposed_causal_mechanism_selector,combined_stress,peg_search_policy,material_shift,0.700680,0.039907,0.611756,0.001370,0.130999,0.001047,0.074385,0.001560,0.039614,0.001298,0.223056,0.000865,0.070351,0.000695,7,84
proposed_causal_mechanism_selector,combined_stress,peg_search_policy,operator_bias_shift,0.661565,0.047997,0.608556,0.003778,0.128031,0.002827,0.077680,0.003056,0.042381,0.003557,0.221775,0.002989,0.067544,0.000696,7,84
proposed_causal_mechanism_selector,combined_stress,peg_search_policy,rare_contact_mechanism,0.693878,0.032088,0.615014,0.001472,0.130648,0.003520,0.074720,0.001351,0.043394,0.001199,0.221626,0.000918,0.071394,0.001879,7,84
proposed_causal_mechanism_selector,heldout_mechanism,contact_grasp_policy,color_mechanism_confound,0.738095,0.029250,0.650352,0.001562,0.121652,0.001191,0.064223,0.000948,0.040277,0.000854,0.215445,0.000706,0.060150,0.000794,7,84
proposed_causal_mechanism_selector,heldout_mechanism,contact_grasp_policy,compound_spurious_shift,0.712585,0.031564,0.630380,0.001549,0.133646,0.001181,0.079115,0.002696,0.041332,0.002651,0.220203,0.002457,0.068240,0.002519,7,84
proposed_causal_mechanism_selector,heldout_mechanism,contact_grasp_policy,iid_mechanisms,0.748299,0.020638,0.654705,0.005147,0.110817,0.003845,0.060159,0.002285,0.040623,0.002761,0.213706,0.002671,0.056917,0.000663,7,84
proposed_causal_mechanism_selector,heldout_mechanism,contact_grasp_policy,intervention_gap,0.709184,0.030062,0.638510,0.001460,0.131737,0.001114,0.073897,0.002855,0.040177,0.000877,0.218193,0.002556,0.066028,0.000741,7,84
proposed_causal_mechanism_selector,heldout_mechanism,contact_grasp_policy,material_shift,0.753401,0.026317,0.647490,0.001434,0.122864,0.001095,0.065342,0.000866,0.039721,0.000784,0.216265,0.000649,0.065134,0.000728,7,84
proposed_causal_mechanism_selector,heldout_mechanism,contact_grasp_policy,operator_bias_shift,0.695578,0.033720,0.648339,0.001498,0.122933,0.001143,0.070278,0.003313,0.042804,0.000587,0.216052,0.001886,0.065543,0.000761,7,84
proposed_causal_mechanism_selector,heldout_mechanism,contact_grasp_policy,rare_contact_mechanism,0.721088,0.050111,0.637940,0.001536,0.126629,0.003785,0.069454,0.003314,0.040264,0.003233,0.216690,0.000702,0.064412,0.002599,7,84
proposed_causal_mechanism_selector,heldout_mechanism,deformable_pull_policy,color_mechanism_confound,0.656463,0.028996,0.662963,0.001588,0.119461,0.003755,0.066369,0.000678,0.043378,0.000589,0.216229,0.000638,0.060904,0.000742,7,84
proposed_causal_mechanism_selector,heldout_mechanism,deformable_pull_policy,compound_spurious_shift,0.656463,0.042731,0.641415,0.001575,0.137134,0.001200,0.082364,0.001444,0.041112,0.001249,0.222231,0.002564,0.068296,0.002509,7,84
proposed_causal_mechanism_selector,heldout_mechanism,deformable_pull_policy,iid_mechanisms,0.671769,0.014272,0.660704,0.001460,0.110528,0.001114,0.062400,0.002230,0.039245,0.001829,0.214563,0.002532,0.057825,0.000741,7,84
proposed_causal_mechanism_selector,heldout_mechanism,deformable_pull_policy,intervention_gap,0.630952,0.019720,0.654522,0.001485,0.126952,0.001133,0.074043,0.002098,0.044699,0.000676,0.218357,0.000658,0.067296,0.001876,7,84
proposed_causal_mechanism_selector,heldout_mechanism,deformable_pull_policy,material_shift,0.676871,0.030732,0.660350,0.001460,0.122575,0.003830,0.067583,0.000743,0.042916,0.000595,0.217123,0.000587,0.063754,0.002400,7,84
proposed_causal_mechanism_selector,heldout_mechanism,deformable_pull_policy,operator_bias_shift,0.690476,0.022771,0.653071,0.001524,0.121693,0.001162,0.070824,0.000780,0.040371,0.000754,0.218991,0.000671,0.062371,0.000774,7,84
proposed_causal_mechanism_selector,heldout_mechanism,deformable_pull_policy,rare_contact_mechanism,0.668367,0.030732,0.647400,0.001562,0.123789,0.001191,0.072545,0.002950,0.041245,0.002679,0.217896,0.002468,0.065866,0.002317,7,84
proposed_causal_mechanism_selector,heldout_mechanism,force_limited_twist_policy,color_mechanism_confound,0.727891,0.035066,0.656698,0.003712,0.120334,0.001248,0.066852,0.002199,0.042469,0.001326,0.215738,0.002420,0.059500,0.000833,7,84
proposed_causal_mechanism_selector,heldout_mechanism,force_limited_twist_policy,compound_spurious_shift,0.673469,0.042861,0.636116,0.003716,0.138731,0.002781,0.078149,0.001701,0.042661,0.002301,0.220480,0.000960,0.068530,0.000795,7,84
proposed_causal_mechanism_selector,heldout_mechanism,force_limited_twist_policy,iid_mechanisms,0.739796,0.026176,0.659522,0.005087,0.113498,0.001152,0.056515,0.000786,0.040637,0.002615,0.212074,0.000646,0.058996,0.002534,7,84
proposed_causal_mechanism_selector,heldout_mechanism,force_limited_twist_policy,intervention_gap,0.698980,0.043716,0.642262,0.004668,0.130188,0.003785,0.074071,0.003737,0.043202,0.003346,0.218332,0.002638,0.067506,0.001885,7,84
proposed_causal_mechanism_selector,heldout_mechanism,force_limited_twist_policy,material_shift,0.715986,0.033939,0.652307,0.001511,0.118684,0.001152,0.068981,0.001185,0.040509,0.001018,0.219496,0.000759,0.062529,0.000767,7,84
proposed_causal_mechanism_selector,heldout_mechanism,force_limited_twist_policy,operator_bias_shift,0.668367,0.041500,0.647060,0.001575,0.126187,0.001200,0.072189,0.003586,0.040497,0.000780,0.217276,0.002364,0.063440,0.002509,7,84
proposed_causal_mechanism_selector,heldout_mechanism,force_limited_twist_policy,rare_contact_mechanism,0.736395,0.034319,0.649927,0.003720,0.124395,0.001229,0.069505,0.001901,0.042292,0.001081,0.216118,0.000895,0.063137,0.000820,7,84
proposed_causal_mechanism_selector,heldout_mechanism,mobile_place_policy,color_mechanism_confound,0.702381,0.047219,0.638348,0.001549,0.116836,0.001181,0.064057,0.000964,0.038769,0.000688,0.214829,0.000514,0.059671,0.001866,7,84
proposed_causal_mechanism_selector,heldout_mechanism,mobile_place_policy,compound_spurious_shift,0.651361,0.051352,0.626357,0.005067,0.138245,0.003488,0.080887,0.003646,0.044770,0.003400,0.221545,0.002546,0.069615,0.001900,7,84
proposed_causal_mechanism_selector,heldout_mechanism,mobile_place_policy,iid_mechanisms,0.705782,0.023174,0.647041,0.001421,0.109255,0.001085,0.059148,0.000735,0.039197,0.000697,0.214184,0.000616,0.060946,0.000722,7,84
proposed_causal_mechanism_selector,heldout_mechanism,mobile_place_policy,intervention_gap,0.653061,0.032773,0.635467,0.001447,0.133641,0.001104,0.074687,0.001446,0.043849,0.001245,0.219975,0.000876,0.066706,0.002356,7,84
proposed_causal_mechanism_selector,heldout_mechanism,mobile_place_policy,material_shift,0.702381,0.023882,0.637539,0.005157,0.124733,0.002830,0.069383,0.003089,0.042318,0.003011,0.216828,0.002710,0.061214,0.000690,7,84
proposed_causal_mechanism_selector,heldout_mechanism,mobile_place_policy,operator_bias_shift,0.709184,0.031740,0.639649,0.003761,0.122316,0.001133,0.068275,0.001219,0.043146,0.001058,0.216599,0.000783,0.064501,0.002343,7,84
proposed_causal_mechanism_selector,heldout_mechanism,mobile_place_policy,rare_contact_mechanism,0.698980,0.040000,0.632750,0.004676,0.130353,0.001162,0.069412,0.001779,0.042197,0.002303,0.217058,0.001018,0.064046,0.002529,7,84
proposed_causal_mechanism_selector,heldout_mechanism,peg_search_policy,color_mechanism_confound,0.717687,0.040961,0.619770,0.001524,0.119916,0.003793,0.064582,0.001271,0.038906,0.002545,0.215400,0.000811,0.059619,0.001877,7,84
proposed_causal_mechanism_selector,heldout_mechanism,peg_search_policy,compound_spurious_shift,0.642857,0.025963,0.609402,0.005087,0.139113,0.001152,0.079364,0.001692,0.044851,0.002716,0.219737,0.000646,0.068052,0.002534,7,84
proposed_causal_mechanism_selector,heldout_mechanism,peg_search_policy,iid_mechanisms,0.732993,0.045216,0.628695,0.001395,0.110795,0.003868,0.059332,0.001516,0.037994,0.001192,0.214753,0.000804,0.060985,0.000644,7,84
proposed_causal_mechanism_selector,heldout_mechanism,peg_search_policy,intervention_gap,0.670068,0.040643,0.613873,0.001421,0.127599,0.001085,0.073060,0.000957,0.040852,0.000738,0.219021,0.000548,0.067286,0.000722,7,84
proposed_causal_mechanism_selector,heldout_mechanism,peg_search_policy,material_shift,0.741497,0.038682,0.623767,0.004761,0.122842,0.001066,0.066700,0.003136,0.042872,0.001090,0.214991,0.001715,0.061198,0.000708,7,84
proposed_causal_mechanism_selector,heldout_mechanism,peg_search_policy,operator_bias_shift,0.698980,0.024267,0.615469,0.001460,0.124626,0.001114,0.072432,0.001670,0.040040,0.001924,0.218056,0.002595,0.062779,0.000741,7,84
proposed_causal_mechanism_selector,heldout_mechanism,peg_search_policy,rare_contact_mechanism,0.680272,0.041186,0.612846,0.001498,0.129009,0.001143,0.072293,0.001220,0.041194,0.003009,0.219594,0.000708,0.062117,0.000761,7,84
proposed_causal_mechanism_selector,heldout_object,contact_grasp_policy,color_mechanism_confound,0.743197,0.029627,0.655463,0.003748,0.117898,0.001162,0.063843,0.002660,0.041981,0.000728,0.213300,0.002671,0.060792,0.000774,7,84
proposed_causal_mechanism_selector,heldout_object,contact_grasp_policy,compound_spurious_shift,0.712585,0.037218,0.638618,0.001511,0.130522,0.001152,0.077062,0.001244,0.041192,0.001047,0.220816,0.000761,0.064738,0.000767,7,84
proposed_causal_mechanism_selector,heldout_object,contact_grasp_policy,iid_mechanisms,0.767007,0.049065,0.660414,0.004761,0.109226,0.001066,0.055236,0.002497,0.041013,0.001213,0.209437,0.001897,0.054462,0.000708,7,84
proposed_causal_mechanism_selector,heldout_object,contact_grasp_policy,intervention_gap,0.714286,0.029690,0.644960,0.004744,0.130701,0.001085,0.073219,0.000504,0.043770,0.000449,0.219004,0.001966,0.060521,0.000722,7,84
proposed_causal_mechanism_selector,heldout_object,contact_grasp_policy,material_shift,0.715986,0.030307,0.648265,0.001395,0.117572,0.003558,0.065113,0.000775,0.038918,0.000710,0.215807,0.000663,0.062439,0.000655,7,84
proposed_causal_mechanism_selector,heldout_object,contact_grasp_policy,operator_bias_shift,0.714286,0.034534,0.652186,0.001460,0.121660,0.003830,0.066731,0.001351,0.042356,0.001147,0.215425,0.000861,0.062162,0.002383,7,84
proposed_causal_mechanism_selector,heldout_object,contact_grasp_policy,rare_contact_mechanism,0.738095,0.038778,0.650835,0.001498,0.121851,0.001143,0.066824,0.002608,0.042020,0.000970,0.213744,0.000756,0.064356,0.000761,7,84
proposed_causal_mechanism_selector,heldout_object,deformable_pull_policy,color_mechanism_confound,0.698980,0.023174,0.665713,0.001549,0.118957,0.001181,0.065001,0.001250,0.042024,0.001135,0.215874,0.000865,0.059176,0.000787,7,84
proposed_causal_mechanism_selector,heldout_object,deformable_pull_policy,compound_spurious_shift,0.630952,0.060031,0.645005,0.001536,0.130399,0.001171,0.076191,0.001248,0.041032,0.000816,0.218402,0.000460,0.064602,0.002326,7,84
proposed_causal_mechanism_selector,heldout_object,deformable_pull_policy,iid_mechanisms,0.688776,0.037218,0.673198,0.001421,0.110471,0.001085,0.059837,0.001540,0.042073,0.001300,0.214762,0.000887,0.054116,0.001888,7,84
proposed_causal_mechanism_selector,heldout_object,deformable_pull_policy,intervention_gap,0.658163,0.032886,0.654035,0.005137,0.125735,0.003532,0.073756,0.001050,0.044359,0.002044,0.219967,0.000795,0.061652,0.001916,7,84
proposed_causal_mechanism_selector,heldout_object,deformable_pull_policy,material_shift,0.666667,0.061734,0.656475,0.001421,0.115387,0.001085,0.064050,0.002178,0.038940,0.001728,0.213983,0.001042,0.060895,0.000722,7,84
proposed_causal_mechanism_selector,heldout_object,deformable_pull_policy,operator_bias_shift,0.629252,0.085721,0.652268,0.001485,0.123670,0.001133,0.070953,0.002882,0.041779,0.003009,0.217898,0.001259,0.058908,0.000754,7,84
proposed_causal_mechanism_selector,heldout_object,deformable_pull_policy,rare_contact_mechanism,0.661565,0.034480,0.655645,0.001524,0.120546,0.001162,0.070653,0.001131,0.041211,0.000968,0.218496,0.000733,0.061126,0.000774,7,84
proposed_causal_mechanism_selector,heldout_object,force_limited_twist_policy,color_mechanism_confound,0.732993,0.032146,0.653161,0.003724,0.116887,0.001219,0.063290,0.001167,0.040790,0.002353,0.214940,0.000792,0.060344,0.000813,7,84
proposed_causal_mechanism_selector,heldout_object,force_limited_twist_policy,compound_spurious_shift,0.705782,0.039016,0.642566,0.001588,0.135914,0.002790,0.077662,0.001840,0.041065,0.001236,0.218686,0.002522,0.065230,0.002517,7,84
proposed_causal_mechanism_selector,heldout_object,force_limited_twist_policy,iid_mechanisms,0.732993,0.036667,0.665729,0.004710,0.105353,0.001123,0.055590,0.001246,0.041775,0.001047,0.211694,0.000754,0.055489,0.002549,7,84
proposed_causal_mechanism_selector,heldout_object,force_limited_twist_policy,intervention_gap,0.715986,0.040870,0.649209,0.001498,0.124314,0.002811,0.072949,0.001423,0.040872,0.001211,0.219227,0.001846,0.063262,0.000729,7,84
proposed_causal_mechanism_selector,heldout_object,force_limited_twist_policy,material_shift,0.743197,0.056895,0.653581,0.001472,0.122275,0.001123,0.066475,0.002347,0.038816,0.001265,0.215165,0.002650,0.060174,0.000748,7,84
proposed_causal_mechanism_selector,heldout_object,force_limited_twist_policy,operator_bias_shift,0.712585,0.023570,0.651406,0.001536,0.120076,0.001171,0.066647,0.001060,0.039478,0.000975,0.215455,0.000778,0.059035,0.000781,7,84
proposed_causal_mechanism_selector,heldout_object,force_limited_twist_policy,rare_contact_mechanism,0.683673,0.017533,0.649599,0.001575,0.125070,0.001200,0.069550,0.002686,0.040305,0.000677,0.215216,0.001961,0.061077,0.002313,7,84
proposed_causal_mechanism_selector,heldout_object,mobile_place_policy,color_mechanism_confound,0.685374,0.041006,0.649077,0.001511,0.115627,0.001152,0.065042,0.002700,0.042766,0.001391,0.213459,0.001980,0.060912,0.000767,7,84
proposed_causal_mechanism_selector,heldout_object,mobile_place_policy,compound_spurious_shift,0.687075,0.049028,0.631065,0.001498,0.132521,0.003507,0.079274,0.001576,0.042101,0.001315,0.221212,0.002308,0.065487,0.000707,7,84
proposed_causal_mechanism_selector,heldout_object,mobile_place_policy,iid_mechanisms,0.675170,0.020817,0.651506,0.001383,0.106779,0.003564,0.060758,0.000702,0.040327,0.000672,0.213249,0.002546,0.055605,0.002633,7,84
proposed_causal_mechanism_selector,heldout_object,mobile_place_policy,intervention_gap,0.710884,0.027756,0.633812,0.001408,0.123144,0.001075,0.070062,0.000997,0.039496,0.000881,0.217382,0.000686,0.065037,0.000715,7,84
proposed_causal_mechanism_selector,heldout_object,mobile_place_policy,material_shift,0.710884,0.031681,0.639357,0.004769,0.120271,0.001056,0.063793,0.001341,0.041985,0.002024,0.214179,0.000814,0.060235,0.000702,7,84
proposed_causal_mechanism_selector,heldout_object,mobile_place_policy,operator_bias_shift,0.676871,0.033166,0.637678,0.004727,0.118444,0.001104,0.071201,0.001266,0.042266,0.002706,0.217037,0.002477,0.059349,0.000735,7,84
proposed_causal_mechanism_selector,heldout_object,mobile_place_policy,rare_contact_mechanism,0.704082,0.035434,0.639827,0.004701,0.121260,0.001133,0.067395,0.001473,0.043470,0.001258,0.215928,0.000882,0.062192,0.002544,7,84
proposed_causal_mechanism_selector,heldout_object,peg_search_policy,color_mechanism_confound,0.707483,0.020276,0.626187,0.005107,0.115531,0.001133,0.063019,0.001254,0.041508,0.002274,0.214133,0.000862,0.057554,0.002343,7,84
proposed_causal_mechanism_selector,heldout_object,peg_search_policy,compound_spurious_shift,0.693878,0.022027,0.616659,0.003765,0.130213,0.001123,0.074947,0.001287,0.044033,0.001161,0.218277,0.000865,0.066335,0.002347,7,84
proposed_causal_mechanism_selector,heldout_object,peg_search_policy,iid_mechanisms,0.717687,0.026805,0.637995,0.001357,0.106857,0.003577,0.054819,0.000940,0.040835,0.000772,0.210405,0.000630,0.054653,0.000635,7,84
proposed_causal_mechanism_selector,heldout_object,peg_search_policy,intervention_gap,0.692177,0.024646,0.617053,0.001383,0.127647,0.003876,0.072628,0.001016,0.040270,0.000907,0.219243,0.000753,0.064818,0.001914,7,84
proposed_causal_mechanism_selector,heldout_object,peg_search_policy,material_shift,0.727891,0.031151,0.621273,0.001357,0.120349,0.001037,0.066624,0.000996,0.038955,0.001605,0.217307,0.000643,0.061569,0.001899,7,84
proposed_causal_mechanism_selector,heldout_object,peg_search_policy,operator_bias_shift,0.702381,0.031388,0.627482,0.001421,0.124438,0.001085,0.070101,0.001176,0.042982,0.001014,0.218306,0.000746,0.059005,0.001888,7,84
proposed_causal_mechanism_selector,heldout_object,peg_search_policy,rare_contact_mechanism,0.680272,0.028087,0.617899,0.001460,0.123600,0.001114,0.070819,0.002661,0.039450,0.001150,0.216399,0.002432,0.061640,0.000741,7,84
proposed_causal_mechanism_selector,small_budget,contact_grasp_policy,color_mechanism_confound,0.717687,0.032886,0.655367,0.001498,0.113463,0.003808,0.063295,0.001276,0.039463,0.001133,0.213955,0.001645,0.056347,0.000696,7,84
proposed_causal_mechanism_selector,small_budget,contact_grasp_policy,compound_spurious_shift,0.712585,0.020000,0.636795,0.001485,0.133368,0.001133,0.074215,0.001035,0.040848,0.002480,0.218065,0.000770,0.060690,0.000754,7,84
proposed_causal_mechanism_selector,small_budget,contact_grasp_policy,iid_mechanisms,0.767007,0.039721,0.663764,0.001370,0.103946,0.003570,0.053304,0.002741,0.038452,0.001224,0.208130,0.002074,0.051727,0.001931,7,84
proposed_causal_mechanism_selector,small_budget,contact_grasp_policy,intervention_gap,0.726190,0.024419,0.644231,0.001395,0.124077,0.003868,0.067659,0.000864,0.038666,0.000809,0.215538,0.000727,0.062585,0.000644,7,84
proposed_causal_mechanism_selector,small_budget,contact_grasp_policy,material_shift,0.741497,0.037663,0.649089,0.003801,0.117258,0.001047,0.061475,0.001048,0.040372,0.002715,0.212982,0.000612,0.058520,0.000695,7,84
proposed_causal_mechanism_selector,small_budget,contact_grasp_policy,operator_bias_shift,0.773810,0.031388,0.651246,0.005147,0.120023,0.003845,0.065679,0.000961,0.041214,0.001632,0.214808,0.001726,0.056196,0.000663,7,84
proposed_causal_mechanism_selector,small_budget,contact_grasp_policy,rare_contact_mechanism,0.741497,0.039675,0.652116,0.001472,0.121880,0.003823,0.062957,0.001192,0.040713,0.000916,0.212511,0.000681,0.061814,0.000683,7,84
proposed_causal_mechanism_selector,small_budget,deformable_pull_policy,color_mechanism_confound,0.692177,0.028996,0.660225,0.001524,0.115550,0.003495,0.060095,0.001155,0.039617,0.002313,0.211308,0.000876,0.055424,0.002347,7,84
proposed_causal_mechanism_selector,small_budget,deformable_pull_policy,compound_spurious_shift,0.666667,0.048035,0.656085,0.001511,0.130842,0.001152,0.076258,0.001363,0.044206,0.001626,0.217122,0.002319,0.064622,0.000767,7,84
proposed_causal_mechanism_selector,small_budget,deformable_pull_policy,iid_mechanisms,0.705782,0.044887,0.668870,0.001395,0.106219,0.003868,0.054743,0.001098,0.037443,0.000696,0.210538,0.000452,0.055504,0.000644,7,84
proposed_causal_mechanism_selector,small_budget,deformable_pull_policy,intervention_gap,0.668367,0.028545,0.652488,0.001421,0.121853,0.002830,0.067993,0.002004,0.040085,0.002024,0.213771,0.000865,0.061006,0.000690,7,84
proposed_causal_mechanism_selector,small_budget,deformable_pull_policy,material_shift,0.705782,0.034801,0.667916,0.001395,0.116100,0.001066,0.064212,0.002341,0.042241,0.001062,0.212848,0.002425,0.055382,0.000708,7,84
proposed_causal_mechanism_selector,small_budget,deformable_pull_policy,operator_bias_shift,0.653061,0.038921,0.657371,0.003769,0.117915,0.001114,0.069129,0.001551,0.041872,0.002281,0.216034,0.002096,0.056983,0.000741,7,84
proposed_causal_mechanism_selector,small_budget,deformable_pull_policy,rare_contact_mechanism,0.700680,0.046786,0.653822,0.001498,0.123318,0.001143,0.066603,0.002093,0.041129,0.002040,0.215303,0.001137,0.057018,0.000761,7,84
proposed_causal_mechanism_selector,small_budget,force_limited_twist_policy,color_mechanism_confound,0.758503,0.038682,0.656444,0.003732,0.111516,0.001200,0.061683,0.001795,0.039976,0.002113,0.213316,0.002054,0.058685,0.000800,7,84
proposed_causal_mechanism_selector,small_budget,force_limited_twist_policy,compound_spurious_shift,0.714286,0.027420,0.646409,0.001562,0.132678,0.001191,0.072411,0.002099,0.040727,0.001108,0.215226,0.000871,0.060456,0.000794,7,84
proposed_causal_mechanism_selector,small_budget,force_limited_twist_policy,iid_mechanisms,0.761905,0.040734,0.665598,0.005137,0.104282,0.003532,0.054741,0.001496,0.040525,0.002059,0.211759,0.000924,0.051049,0.000681,7,84
proposed_causal_mechanism_selector,small_budget,force_limited_twist_policy,intervention_gap,0.685374,0.030062,0.649572,0.001472,0.127044,0.001123,0.072093,0.000638,0.040049,0.000571,0.216705,0.002420,0.060274,0.000748,7,84
proposed_causal_mechanism_selector,small_budget,force_limited_twist_policy,material_shift,0.714286,0.031388,0.657783,0.001447,0.117594,0.001104,0.061288,0.001534,0.039359,0.001308,0.211116,0.000970,0.058986,0.000735,7,84
proposed_causal_mechanism_selector,small_budget,force_limited_twist_policy,operator_bias_shift,0.712585,0.028545,0.656132,0.005087,0.120933,0.001152,0.064646,0.002353,0.042376,0.002178,0.211377,0.000608,0.060484,0.001872,7,84
proposed_causal_mechanism_selector,small_budget,force_limited_twist_policy,rare_contact_mechanism,0.675170,0.033665,0.656545,0.001549,0.122448,0.001181,0.067544,0.001648,0.042075,0.001426,0.215764,0.000997,0.059008,0.000787,7,84
proposed_causal_mechanism_selector,small_budget,mobile_place_policy,color_mechanism_confound,0.695578,0.039063,0.648916,0.001485,0.114603,0.003815,0.062478,0.003062,0.040652,0.001096,0.211457,0.002214,0.057655,0.000689,7,84
proposed_causal_mechanism_selector,small_budget,mobile_place_policy,compound_spurious_shift,0.676871,0.024114,0.631464,0.001472,0.133632,0.001123,0.077740,0.000387,0.040812,0.000444,0.218551,0.002537,0.062544,0.000748,7,84
proposed_causal_mechanism_selector,small_budget,mobile_place_policy,iid_mechanisms,0.727891,0.023014,0.652505,0.001357,0.108340,0.001037,0.056522,0.001494,0.037933,0.000732,0.210258,0.002601,0.052969,0.002596,7,84
proposed_causal_mechanism_selector,small_budget,mobile_place_policy,intervention_gap,0.683673,0.030490,0.637591,0.005188,0.125076,0.001056,0.067352,0.000869,0.043626,0.002361,0.214294,0.000600,0.060367,0.000702,7,84
proposed_causal_mechanism_selector,small_budget,mobile_place_policy,material_shift,0.688776,0.031151,0.646977,0.004786,0.113076,0.001037,0.062257,0.000650,0.043110,0.000542,0.212960,0.000491,0.057339,0.000689,7,84
proposed_causal_mechanism_selector,small_budget,mobile_place_policy,operator_bias_shift,0.695578,0.043162,0.641247,0.001421,0.116787,0.001085,0.064488,0.000873,0.039289,0.000621,0.213385,0.000466,0.060234,0.000722,7,84
proposed_causal_mechanism_selector,small_budget,mobile_place_policy,rare_contact_mechanism,0.705782,0.052599,0.643331,0.004718,0.119554,0.003526,0.066874,0.001545,0.043457,0.001200,0.215843,0.000803,0.058469,0.002420,7,84
proposed_causal_mechanism_selector,small_budget,peg_search_policy,color_mechanism_confound,0.724490,0.028996,0.629252,0.005127,0.110100,0.001114,0.061588,0.001388,0.041940,0.001983,0.213700,0.000874,0.054723,0.001881,7,84
proposed_causal_mechanism_selector,small_budget,peg_search_policy,compound_spurious_shift,0.704082,0.038586,0.620285,0.003774,0.130347,0.003838,0.074362,0.001297,0.043982,0.001044,0.218192,0.000766,0.062730,0.002635,7,84
proposed_causal_mechanism_selector,small_budget,peg_search_policy,iid_mechanisms,0.763605,0.031564,0.642220,0.001331,0.107442,0.003590,0.053492,0.000964,0.040342,0.000794,0.210262,0.000641,0.053641,0.000622,7,84
proposed_causal_mechanism_selector,small_budget,peg_search_policy,intervention_gap,0.688776,0.034694,0.617198,0.001357,0.125172,0.001037,0.070541,0.001470,0.040857,0.002442,0.217554,0.000852,0.062861,0.000689,7,84
proposed_causal_mechanism_selector,small_budget,peg_search_policy,material_shift,0.727891,0.040552,0.625258,0.001331,0.115608,0.001018,0.062778,0.003441,0.037779,0.000629,0.211786,0.002552,0.056922,0.002606,7,84
proposed_causal_mechanism_selector,small_budget,peg_search_policy,operator_bias_shift,0.676871,0.049216,0.622843,0.001395,0.120089,0.003868,0.066164,0.001875,0.039156,0.001624,0.214446,0.001144,0.060343,0.000644,7,84
proposed_causal_mechanism_selector,small_budget,peg_search_policy,rare_contact_mechanism,0.729592,0.029565,0.624628,0.001434,0.120918,0.001095,0.064712,0.001365,0.039739,0.001190,0.214044,0.000853,0.061829,0.000728,7,84
random_selection,clean_budget,contact_grasp_policy,color_mechanism_confound,0.467687,0.026317,0.332907,0.001267,0.291773,0.000970,0.173061,0.000730,0.102950,0.000641,0.129494,0.002062,0.112772,0.000643,7,84
random_selection,clean_budget,contact_grasp_policy,compound_spurious_shift,0.386054,0.022111,0.319375,0.001255,0.317723,0.000960,0.189190,0.001134,0.106623,0.001008,0.134603,0.002440,0.119732,0.000636,7,84
random_selection,clean_budget,contact_grasp_policy,iid_mechanisms,0.457483,0.023254,0.335736,0.001139,0.285979,0.002910,0.165744,0.000689,0.100636,0.000603,0.127197,0.000523,0.112288,0.000546,7,84
random_selection,clean_budget,contact_grasp_policy,intervention_gap,0.397959,0.038394,0.327506,0.001165,0.312620,0.000893,0.183306,0.001460,0.107297,0.001198,0.133584,0.001951,0.114038,0.000590,7,84
random_selection,clean_budget,contact_grasp_policy,material_shift,0.394558,0.033939,0.332622,0.001139,0.296514,0.000874,0.176064,0.002594,0.105687,0.001049,0.127913,0.002394,0.111096,0.000577,7,84
random_selection,clean_budget,contact_grasp_policy,operator_bias_shift,0.438776,0.045947,0.330343,0.001203,0.307612,0.000922,0.175947,0.001641,0.105248,0.001317,0.129689,0.000819,0.115835,0.002440,7,84
random_selection,clean_budget,contact_grasp_policy,rare_contact_mechanism,0.442177,0.056797,0.330616,0.001242,0.303529,0.000951,0.174900,0.002096,0.105914,0.001673,0.129024,0.001003,0.117629,0.001921,7,84
random_selection,clean_budget,deformable_pull_policy,color_mechanism_confound,0.386054,0.044054,0.341507,0.001293,0.293087,0.000989,0.173319,0.001542,0.103944,0.001246,0.129178,0.000799,0.111305,0.000656,7,84
random_selection,clean_budget,deformable_pull_policy,compound_spurious_shift,0.321429,0.036362,0.326399,0.001280,0.317855,0.000979,0.188074,0.001355,0.106365,0.001126,0.134472,0.000760,0.117458,0.000649,7,84
random_selection,clean_budget,deformable_pull_policy,iid_mechanisms,0.416667,0.048305,0.344584,0.001165,0.284049,0.004006,0.164691,0.001270,0.100746,0.000945,0.125453,0.000616,0.110893,0.000526,7,84
random_selection,clean_budget,deformable_pull_policy,intervention_gap,0.379252,0.044222,0.334932,0.004900,0.314769,0.002894,0.183430,0.001571,0.108754,0.001231,0.134339,0.000763,0.114284,0.000572,7,84
random_selection,clean_budget,deformable_pull_policy,material_shift,0.408163,0.057090,0.341469,0.001165,0.298014,0.000893,0.175888,0.002011,0.104881,0.001586,0.131342,0.000931,0.113187,0.002674,7,84
random_selection,clean_budget,deformable_pull_policy,operator_bias_shift,0.386054,0.033720,0.333349,0.003854,0.303016,0.000941,0.179018,0.000807,0.105116,0.003194,0.132004,0.000480,0.112620,0.000623,7,84
random_selection,clean_budget,deformable_pull_policy,rare_contact_mechanism,0.408163,0.045175,0.336063,0.001267,0.304194,0.002872,0.180116,0.001624,0.104654,0.001288,0.132373,0.001750,0.115719,0.000611,7,84
random_selection,clean_budget,force_limited_twist_policy,color_mechanism_confound,0.435374,0.049852,0.334483,0.001344,0.296981,0.001027,0.173190,0.002835,0.102074,0.001338,0.127495,0.002362,0.113125,0.002601,7,84
random_selection,clean_budget,force_limited_twist_policy,compound_spurious_shift,0.435374,0.041006,0.320341,0.004804,0.319043,0.001018,0.186313,0.001466,0.106923,0.002595,0.134913,0.000794,0.120861,0.000676,7,84
random_selection,clean_budget,force_limited_twist_policy,iid_mechanisms,0.457483,0.033720,0.344930,0.004882,0.281464,0.003648,0.164651,0.001162,0.104797,0.001000,0.126397,0.000752,0.108290,0.002504,7,84
random_selection,clean_budget,force_limited_twist_policy,intervention_gap,0.406463,0.043631,0.328773,0.005300,0.310736,0.000951,0.179308,0.001595,0.107242,0.001148,0.131023,0.000822,0.116410,0.002643,7,84
random_selection,clean_budget,force_limited_twist_policy,material_shift,0.399660,0.027352,0.330382,0.001216,0.298860,0.000931,0.177550,0.000822,0.103279,0.001967,0.129349,0.002828,0.112926,0.000617,7,84
random_selection,clean_budget,force_limited_twist_policy,operator_bias_shift,0.426871,0.044804,0.335728,0.003834,0.305386,0.000979,0.178029,0.003381,0.106869,0.001092,0.129390,0.002679,0.116830,0.000649,7,84
random_selection,clean_budget,force_limited_twist_policy,rare_contact_mechanism,0.355442,0.039252,0.330971,0.005238,0.307822,0.003914,0.181709,0.001135,0.109315,0.000882,0.133819,0.000650,0.117357,0.000604,7,84
random_selection,clean_budget,mobile_place_policy,color_mechanism_confound,0.428571,0.046388,0.325997,0.004856,0.294341,0.000960,0.170349,0.001725,0.106491,0.001397,0.126977,0.000877,0.112775,0.002638,7,84
random_selection,clean_budget,mobile_place_policy,compound_spurious_shift,0.358844,0.029876,0.309012,0.005300,0.321131,0.000951,0.186736,0.001224,0.108244,0.002328,0.133670,0.000730,0.118021,0.002426,7,84
random_selection,clean_budget,mobile_place_policy,iid_mechanisms,0.428571,0.040092,0.328592,0.001127,0.286656,0.000864,0.168203,0.001653,0.101814,0.001361,0.126747,0.002428,0.109856,0.002690,7,84
random_selection,clean_budget,mobile_place_policy,intervention_gap,0.391156,0.061192,0.318122,0.001152,0.309902,0.000883,0.183761,0.001537,0.106673,0.001069,0.132937,0.002576,0.115006,0.001939,7,84
random_selection,clean_budget,mobile_place_policy,material_shift,0.416667,0.060246,0.325478,0.001127,0.295476,0.000864,0.171164,0.001466,0.105342,0.001000,0.126953,0.000465,0.112068,0.000571,7,84
random_selection,clean_budget,mobile_place_policy,operator_bias_shift,0.394558,0.037908,0.317599,0.001191,0.302374,0.000912,0.175682,0.001659,0.103561,0.001384,0.128879,0.000894,0.116226,0.000604,7,84
random_selection,clean_budget,mobile_place_policy,rare_contact_mechanism,0.389456,0.016667,0.314511,0.001229,0.307777,0.000941,0.180686,0.001754,0.103412,0.000729,0.131193,0.002670,0.115348,0.000623,7,84
random_selection,clean_budget,peg_search_policy,color_mechanism_confound,0.423469,0.020276,0.301219,0.001229,0.294647,0.000941,0.173974,0.000837,0.104076,0.002447,0.130480,0.000609,0.110846,0.000623,7,84
random_selection,clean_budget,peg_search_policy,compound_spurious_shift,0.380952,0.019052,0.290431,0.001216,0.322655,0.000931,0.188149,0.002696,0.104863,0.000473,0.133139,0.002686,0.119210,0.000617,7,84
random_selection,clean_budget,peg_search_policy,iid_mechanisms,0.467687,0.050074,0.315480,0.001101,0.287136,0.000845,0.162625,0.001424,0.102658,0.001064,0.124207,0.000604,0.108046,0.000558,7,84
random_selection,clean_budget,peg_search_policy,intervention_gap,0.408163,0.022608,0.301762,0.001127,0.307946,0.000864,0.178207,0.001403,0.106251,0.000796,0.128994,0.000655,0.114963,0.000571,7,84
random_selection,clean_budget,peg_search_policy,material_shift,0.392857,0.037417,0.303218,0.005413,0.295956,0.000845,0.175477,0.001128,0.106895,0.001934,0.130759,0.000572,0.114831,0.000558,7,84
random_selection,clean_budget,peg_search_policy,operator_bias_shift,0.399660,0.054331,0.296367,0.001165,0.307054,0.002902,0.175341,0.001602,0.104916,0.002641,0.128336,0.000710,0.114997,0.000559,7,84
random_selection,clean_budget,peg_search_policy,rare_contact_mechanism,0.418367,0.054705,0.304415,0.001203,0.310519,0.000922,0.178213,0.001780,0.106234,0.001384,0.131406,0.000814,0.116226,0.002659,7,84
random_selection,combined_stress,contact_grasp_policy,color_mechanism_confound,0.377551,0.022608,0.310298,0.004821,0.331139,0.003921,0.189501,0.002959,0.107623,0.003232,0.139111,0.002799,0.128611,0.001919,7,84
random_selection,combined_stress,contact_grasp_policy,compound_spurious_shift,0.277211,0.043119,0.295926,0.004830,0.358175,0.003929,0.205842,0.002034,0.112444,0.002173,0.145130,0.002560,0.136311,0.000591,7,84
random_selection,combined_stress,contact_grasp_policy,iid_mechanisms,0.389456,0.043716,0.314818,0.001178,0.316322,0.002898,0.179493,0.003160,0.104091,0.002891,0.135151,0.000696,0.124253,0.000566,7,84
random_selection,combined_stress,contact_grasp_policy,intervention_gap,0.312925,0.038682,0.301273,0.004891,0.344124,0.000922,0.199556,0.001674,0.110912,0.002177,0.145912,0.000899,0.129082,0.000610,7,84
random_selection,combined_stress,contact_grasp_policy,material_shift,0.365646,0.049291,0.312063,0.001178,0.335703,0.000903,0.190537,0.001877,0.107749,0.001514,0.141373,0.000926,0.130244,0.001934,7,84
random_selection,combined_stress,contact_grasp_policy,operator_bias_shift,0.369048,0.041678,0.306712,0.001242,0.342782,0.002879,0.195565,0.001152,0.106758,0.000874,0.143164,0.002012,0.128809,0.000598,7,84
random_selection,combined_stress,contact_grasp_policy,rare_contact_mechanism,0.333333,0.039441,0.307084,0.005269,0.345634,0.000979,0.195049,0.002849,0.110818,0.001694,0.140653,0.001912,0.131907,0.001914,7,84
random_selection,combined_stress,deformable_pull_policy,color_mechanism_confound,0.335034,0.070632,0.318706,0.001331,0.331508,0.001018,0.190888,0.002411,0.105659,0.001614,0.139825,0.002798,0.127458,0.002606,7,84
random_selection,combined_stress,deformable_pull_policy,compound_spurious_shift,0.246599,0.031681,0.302758,0.001319,0.355646,0.001008,0.208183,0.000714,0.111697,0.003009,0.147225,0.002675,0.136610,0.000669,7,84
random_selection,combined_stress,deformable_pull_policy,iid_mechanisms,0.352041,0.022111,0.328047,0.001203,0.320308,0.000922,0.179943,0.000956,0.105651,0.000852,0.135939,0.000642,0.125569,0.000610,7,84
random_selection,combined_stress,deformable_pull_policy,intervention_gap,0.280612,0.048800,0.313081,0.001229,0.352188,0.000941,0.200551,0.003440,0.109547,0.000856,0.143650,0.002883,0.132039,0.000623,7,84
random_selection,combined_stress,deformable_pull_policy,material_shift,0.290816,0.038055,0.325293,0.001203,0.337973,0.003655,0.193142,0.001421,0.111269,0.001149,0.142535,0.000772,0.128102,0.002692,7,84
random_selection,combined_stress,deformable_pull_policy,operator_bias_shift,0.318027,0.023727,0.314101,0.003839,0.344101,0.000970,0.193330,0.000645,0.108845,0.002775,0.141167,0.000522,0.128304,0.002417,7,84
random_selection,combined_stress,deformable_pull_policy,rare_contact_mechanism,0.290816,0.062123,0.316914,0.005249,0.345354,0.003603,0.199392,0.001983,0.112007,0.001838,0.143222,0.002829,0.132597,0.000609,7,84
random_selection,combined_stress,force_limited_twist_policy,color_mechanism_confound,0.380952,0.047765,0.320379,0.003796,0.331212,0.001056,0.187997,0.001897,0.108957,0.001201,0.137778,0.002026,0.125359,0.000702,7,84
random_selection,combined_stress,force_limited_twist_policy,compound_spurious_shift,0.319728,0.035434,0.303110,0.001370,0.357790,0.003883,0.205116,0.000981,0.109291,0.000817,0.147675,0.000677,0.135033,0.002414,7,84
random_selection,combined_stress,force_limited_twist_policy,iid_mechanisms,0.391156,0.050772,0.327943,0.001255,0.316964,0.000960,0.180742,0.003349,0.107167,0.000820,0.135358,0.002300,0.125963,0.000636,7,84
random_selection,combined_stress,force_limited_twist_policy,intervention_gap,0.307823,0.024646,0.304185,0.001280,0.347395,0.003937,0.196074,0.000932,0.108826,0.002225,0.142223,0.000705,0.130301,0.002462,7,84
random_selection,combined_stress,force_limited_twist_policy,material_shift,0.309524,0.028803,0.311468,0.003844,0.338060,0.000960,0.191346,0.000841,0.108585,0.002998,0.141015,0.000557,0.126264,0.001919,7,84
random_selection,combined_stress,force_limited_twist_policy,operator_bias_shift,0.309524,0.037417,0.313742,0.001319,0.342281,0.001008,0.193243,0.000777,0.108900,0.000578,0.140936,0.000454,0.127452,0.000669,7,84
random_selection,combined_stress,force_limited_twist_policy,rare_contact_mechanism,0.282313,0.028219,0.309084,0.004786,0.343077,0.001037,0.196683,0.001350,0.110440,0.002220,0.143828,0.000834,0.131433,0.000689,7,84
random_selection,combined_stress,mobile_place_policy,color_mechanism_confound,0.329932,0.043716,0.300162,0.001293,0.330936,0.003929,0.187471,0.001604,0.107311,0.002771,0.138351,0.000860,0.125649,0.002458,7,84
random_selection,combined_stress,mobile_place_policy,compound_spurious_shift,0.278912,0.043461,0.286910,0.001280,0.357096,0.003937,0.202836,0.001541,0.109330,0.002456,0.144437,0.000902,0.131608,0.001935,7,84
random_selection,combined_stress,mobile_place_policy,iid_mechanisms,0.403061,0.019341,0.309020,0.004918,0.322804,0.000893,0.179374,0.001533,0.106217,0.002412,0.134806,0.000714,0.123568,0.000590,7,84
random_selection,combined_stress,mobile_place_policy,intervention_gap,0.290816,0.057799,0.300097,0.001191,0.350640,0.000912,0.199391,0.001784,0.111488,0.001361,0.144803,0.000776,0.130708,0.002664,7,84
random_selection,combined_stress,mobile_place_policy,material_shift,0.307823,0.050259,0.301692,0.001165,0.331894,0.000893,0.191892,0.001387,0.107601,0.001032,0.141742,0.000594,0.130537,0.000590,7,84
random_selection,combined_stress,mobile_place_policy,operator_bias_shift,0.302721,0.047454,0.302175,0.004873,0.336487,0.000941,0.194214,0.001734,0.111735,0.001397,0.141962,0.000867,0.128549,0.002648,7,84
random_selection,combined_stress,mobile_place_policy,rare_contact_mechanism,0.290816,0.015154,0.294614,0.001267,0.347111,0.000970,0.196382,0.000871,0.108355,0.001979,0.143250,0.000659,0.127805,0.000643,7,84
random_selection,combined_stress,peg_search_policy,color_mechanism_confound,0.348639,0.055244,0.282105,0.001267,0.334146,0.000970,0.188134,0.001306,0.107625,0.003274,0.139087,0.000484,0.125788,0.002417,7,84
random_selection,combined_stress,peg_search_policy,compound_spurious_shift,0.270408,0.042514,0.270477,0.001255,0.359809,0.002876,0.205095,0.001582,0.108791,0.001265,0.146258,0.000812,0.131408,0.000605,7,84
random_selection,combined_stress,peg_search_policy,iid_mechanisms,0.365646,0.044887,0.293483,0.005382,0.319328,0.000874,0.180259,0.001309,0.108692,0.002269,0.136219,0.000606,0.123716,0.000577,7,84
random_selection,combined_stress,peg_search_policy,intervention_gap,0.302721,0.030912,0.279024,0.001165,0.344728,0.000893,0.198158,0.001143,0.108853,0.000958,0.144099,0.000660,0.133767,0.000590,7,84
random_selection,combined_stress,peg_search_policy,material_shift,0.336735,0.047958,0.283868,0.001139,0.336993,0.003688,0.192489,0.001657,0.106745,0.001355,0.142492,0.000889,0.130823,0.000524,7,84
random_selection,combined_stress,peg_search_policy,operator_bias_shift,0.340136,0.046348,0.280805,0.001203,0.338927,0.000922,0.193752,0.003035,0.106493,0.001142,0.138567,0.000749,0.129306,0.000610,7,84
random_selection,combined_stress,peg_search_policy,rare_contact_mechanism,0.326531,0.036311,0.279806,0.001242,0.345897,0.000951,0.197871,0.001392,0.107560,0.001156,0.144296,0.002054,0.129497,0.000630,7,84
random_selection,heldout_mechanism,contact_grasp_policy,color_mechanism_confound,0.414966,0.026176,0.316464,0.001331,0.317791,0.001018,0.183179,0.002116,0.103298,0.000881,0.134902,0.002534,0.122038,0.002606,7,84
random_selection,heldout_mechanism,contact_grasp_policy,compound_spurious_shift,0.314626,0.037367,0.301531,0.001319,0.342691,0.001008,0.199101,0.002653,0.107739,0.002288,0.140642,0.002892,0.129424,0.002400,7,84
random_selection,heldout_mechanism,contact_grasp_policy,iid_mechanisms,0.457483,0.018257,0.324397,0.001203,0.305534,0.000922,0.171839,0.002146,0.102014,0.000686,0.130056,0.000590,0.119429,0.000610,7,84
random_selection,heldout_mechanism,contact_grasp_policy,intervention_gap,0.389456,0.038006,0.310359,0.001229,0.338111,0.000941,0.191711,0.002860,0.106287,0.000936,0.138198,0.002617,0.126374,0.000623,7,84
random_selection,heldout_mechanism,contact_grasp_policy,material_shift,0.403061,0.019341,0.321882,0.001203,0.325095,0.002891,0.183933,0.000865,0.107617,0.000811,0.136705,0.000670,0.123255,0.002682,7,84
random_selection,heldout_mechanism,contact_grasp_policy,operator_bias_shift,0.358844,0.054705,0.311434,0.003839,0.330066,0.000970,0.186561,0.001360,0.107099,0.003381,0.136424,0.000536,0.122668,0.002417,7,84
random_selection,heldout_mechanism,contact_grasp_policy,rare_contact_mechanism,0.389456,0.053817,0.314159,0.005249,0.331253,0.003603,0.190840,0.001679,0.108952,0.001512,0.138999,0.002461,0.126916,0.000609,7,84
random_selection,heldout_mechanism,deformable_pull_policy,color_mechanism_confound,0.365646,0.027756,0.332723,0.001357,0.316856,0.003577,0.181688,0.001775,0.107402,0.000846,0.133757,0.000770,0.120062,0.000635,7,84
random_selection,heldout_mechanism,deformable_pull_policy,compound_spurious_shift,0.290816,0.037019,0.316215,0.001344,0.347434,0.002851,0.198713,0.003277,0.109667,0.000935,0.139597,0.001988,0.126751,0.001901,7,84
random_selection,heldout_mechanism,deformable_pull_policy,iid_mechanisms,0.397959,0.037019,0.340904,0.001229,0.304785,0.003642,0.174220,0.001304,0.106686,0.001089,0.132568,0.000778,0.119866,0.002451,7,84
random_selection,heldout_mechanism,deformable_pull_policy,intervention_gap,0.285714,0.024944,0.318584,0.004856,0.336295,0.000960,0.192352,0.000861,0.109847,0.002603,0.139297,0.000597,0.124940,0.002422,7,84
random_selection,heldout_mechanism,deformable_pull_policy,material_shift,0.350340,0.050881,0.322382,0.001229,0.322631,0.000941,0.187143,0.001380,0.106425,0.002643,0.139148,0.000599,0.121378,0.000623,7,84
random_selection,heldout_mechanism,deformable_pull_policy,operator_bias_shift,0.307823,0.016443,0.322100,0.004830,0.330081,0.002865,0.190390,0.002832,0.109937,0.002739,0.135929,0.001909,0.125914,0.001963,7,84
random_selection,heldout_mechanism,deformable_pull_policy,rare_contact_mechanism,0.343537,0.046786,0.318120,0.001331,0.327954,0.001018,0.190947,0.001862,0.106851,0.002678,0.138531,0.002574,0.126756,0.001904,7,84
random_selection,heldout_mechanism,force_limited_twist_policy,color_mechanism_confound,0.389456,0.053333,0.327833,0.001408,0.318651,0.001075,0.184347,0.001955,0.107152,0.001577,0.137860,0.000985,0.120504,0.002369,7,84
random_selection,heldout_mechanism,force_limited_twist_policy,compound_spurious_shift,0.301020,0.041899,0.307717,0.001395,0.343094,0.003558,0.197290,0.001334,0.107425,0.001154,0.140888,0.000870,0.129864,0.000655,7,84
random_selection,heldout_mechanism,force_limited_twist_policy,iid_mechanisms,0.409864,0.067137,0.331950,0.001280,0.303533,0.000979,0.176150,0.001481,0.104491,0.000944,0.134758,0.000368,0.118227,0.000649,7,84
random_selection,heldout_mechanism,force_limited_twist_policy,intervention_gap,0.404762,0.044969,0.312272,0.001306,0.331879,0.000999,0.188752,0.002195,0.104102,0.001090,0.136020,0.000777,0.125715,0.002617,7,84
random_selection,heldout_mechanism,force_limited_twist_policy,material_shift,0.357143,0.023882,0.322575,0.005269,0.324809,0.000979,0.186018,0.002478,0.109987,0.000704,0.134528,0.002063,0.125511,0.000649,7,84
random_selection,heldout_mechanism,force_limited_twist_policy,operator_bias_shift,0.377551,0.039347,0.322039,0.004795,0.323492,0.001027,0.186680,0.001386,0.109364,0.001141,0.137413,0.000768,0.124062,0.000682,7,84
random_selection,heldout_mechanism,force_limited_twist_policy,rare_contact_mechanism,0.363946,0.030062,0.322021,0.001383,0.327768,0.001056,0.189972,0.002993,0.108491,0.000811,0.136773,0.002462,0.122415,0.000702,7,84
random_selection,heldout_mechanism,mobile_place_policy,color_mechanism_confound,0.340136,0.029187,0.308612,0.001319,0.315999,0.001008,0.183029,0.002270,0.104755,0.001131,0.133323,0.000861,0.120253,0.002400,7,84
random_selection,heldout_mechanism,mobile_place_policy,compound_spurious_shift,0.243197,0.030062,0.294800,0.001306,0.341739,0.000999,0.198321,0.002499,0.108536,0.001162,0.139588,0.000821,0.127069,0.002404,7,84
random_selection,heldout_mechanism,mobile_place_policy,iid_mechanisms,0.416667,0.023882,0.314024,0.003869,0.305282,0.003990,0.176368,0.002562,0.105295,0.003149,0.131450,0.002457,0.117551,0.000539,7,84
random_selection,heldout_mechanism,mobile_place_policy,intervention_gap,0.335034,0.060767,0.302320,0.005320,0.331033,0.000931,0.192798,0.002045,0.109418,0.001770,0.140895,0.000924,0.123267,0.000617,7,84
random_selection,heldout_mechanism,mobile_place_policy,material_shift,0.384354,0.054772,0.309223,0.001191,0.321412,0.000912,0.183003,0.001592,0.105435,0.001198,0.135590,0.000682,0.124753,0.000604,7,84
random_selection,heldout_mechanism,mobile_place_policy,operator_bias_shift,0.389456,0.042817,0.306896,0.001255,0.327328,0.003952,0.189417,0.001284,0.105964,0.000923,0.138877,0.001836,0.123668,0.000572,7,84
random_selection,heldout_mechanism,mobile_place_policy,rare_contact_mechanism,0.358844,0.035066,0.301688,0.003829,0.331141,0.003609,0.187162,0.001801,0.108205,0.003217,0.135811,0.000540,0.125134,0.002670,7,84
random_selection,heldout_mechanism,peg_search_policy,color_mechanism_confound,0.345238,0.047219,0.294110,0.005259,0.322029,0.000989,0.183803,0.003338,0.108396,0.003350,0.133748,0.001881,0.123430,0.001911,7,84
random_selection,heldout_mechanism,peg_search_policy,compound_spurious_shift,0.261905,0.053159,0.277349,0.003834,0.345557,0.003616,0.198211,0.002460,0.110299,0.003655,0.139546,0.000383,0.128735,0.002675,7,84
random_selection,heldout_mechanism,peg_search_policy,iid_mechanisms,0.418367,0.052529,0.306615,0.001165,0.306340,0.000893,0.177038,0.002164,0.106653,0.000972,0.133169,0.002897,0.116190,0.000590,7,84
random_selection,heldout_mechanism,peg_search_policy,intervention_gap,0.311224,0.039907,0.287089,0.001191,0.334800,0.000912,0.191641,0.001003,0.108504,0.000754,0.138958,0.000495,0.128329,0.000604,7,84
random_selection,heldout_mechanism,peg_search_policy,material_shift,0.375850,0.046348,0.288092,0.001165,0.322471,0.004006,0.182835,0.001250,0.104659,0.002038,0.135124,0.000547,0.123392,0.000526,7,84
random_selection,heldout_mechanism,peg_search_policy,operator_bias_shift,0.350340,0.058689,0.293653,0.001229,0.325727,0.003967,0.185934,0.001873,0.108310,0.001388,0.135800,0.000785,0.126208,0.000559,7,84
random_selection,heldout_mechanism,peg_search_policy,rare_contact_mechanism,0.345238,0.040734,0.285860,0.004847,0.331031,0.000970,0.187436,0.001231,0.109025,0.002892,0.136904,0.000645,0.124119,0.002632,7,84
random_selection,heldout_object,contact_grasp_policy,color_mechanism_confound,0.431973,0.028219,0.321630,0.001293,0.308663,0.000989,0.177546,0.000881,0.103145,0.000761,0.132666,0.000593,0.116905,0.000656,7,84
random_selection,heldout_object,contact_grasp_policy,compound_spurious_shift,0.370748,0.044804,0.307538,0.001280,0.334193,0.000979,0.192756,0.001075,0.106059,0.000785,0.138434,0.000503,0.123577,0.000649,7,84
random_selection,heldout_object,contact_grasp_policy,iid_mechanisms,0.457483,0.039063,0.325586,0.003880,0.301999,0.002902,0.169665,0.002772,0.104046,0.003149,0.128288,0.000540,0.115826,0.000559,7,84
random_selection,heldout_object,contact_grasp_policy,intervention_gap,0.324830,0.052352,0.319149,0.001191,0.331701,0.000912,0.190516,0.001712,0.109940,0.001336,0.138590,0.000793,0.123095,0.002664,7,84
random_selection,heldout_object,contact_grasp_policy,material_shift,0.428571,0.054365,0.320425,0.001165,0.312714,0.000893,0.180239,0.002070,0.103984,0.001660,0.134501,0.000996,0.122761,0.000590,7,84
random_selection,heldout_object,contact_grasp_policy,operator_bias_shift,0.386054,0.039721,0.317622,0.005310,0.318274,0.000941,0.184390,0.001194,0.108510,0.002061,0.135739,0.000624,0.119146,0.001924,7,84
random_selection,heldout_object,contact_grasp_policy,rare_contact_mechanism,0.408163,0.025820,0.315675,0.001267,0.322817,0.003944,0.185662,0.000765,0.104703,0.000660,0.137207,0.000599,0.121111,0.000578,7,84
random_selection,heldout_object,deformable_pull_policy,color_mechanism_confound,0.346939,0.032375,0.333241,0.001319,0.312609,0.001008,0.179653,0.001363,0.105986,0.001161,0.132899,0.000804,0.117159,0.000669,7,84
random_selection,heldout_object,deformable_pull_policy,compound_spurious_shift,0.312925,0.030852,0.317573,0.001306,0.336957,0.000999,0.193182,0.001100,0.107426,0.000937,0.137607,0.000679,0.123024,0.000663,7,84
random_selection,heldout_object,deformable_pull_policy,iid_mechanisms,0.377551,0.023727,0.335158,0.001191,0.295840,0.000912,0.172230,0.002761,0.103153,0.002392,0.128594,0.000629,0.116042,0.000604,7,84
random_selection,heldout_object,deformable_pull_policy,intervention_gap,0.352041,0.039721,0.320439,0.003859,0.326190,0.000931,0.190341,0.001427,0.108338,0.002921,0.139400,0.000754,0.121468,0.000617,7,84
random_selection,heldout_object,deformable_pull_policy,material_shift,0.321429,0.040092,0.332283,0.001191,0.316846,0.000912,0.183146,0.001274,0.107446,0.001015,0.135079,0.000655,0.123142,0.000604,7,84
random_selection,heldout_object,deformable_pull_policy,operator_bias_shift,0.377551,0.054297,0.330500,0.001255,0.318025,0.002876,0.185706,0.003046,0.106830,0.001224,0.134697,0.002659,0.122253,0.000605,7,84
random_selection,heldout_object,deformable_pull_policy,rare_contact_mechanism,0.335034,0.044804,0.324133,0.001293,0.320968,0.002865,0.185460,0.001201,0.105389,0.000861,0.135745,0.000540,0.119696,0.000624,7,84
random_selection,heldout_object,force_limited_twist_policy,color_mechanism_confound,0.437075,0.034427,0.331211,0.003801,0.309785,0.001047,0.176897,0.001714,0.106515,0.001173,0.130947,0.000863,0.117858,0.000695,7,84
random_selection,heldout_object,force_limited_twist_policy,compound_spurious_shift,0.341837,0.030429,0.314222,0.001357,0.338288,0.003891,0.196446,0.002014,0.107882,0.000965,0.139037,0.002485,0.125416,0.002649,7,84
random_selection,heldout_object,force_limited_twist_policy,iid_mechanisms,0.425170,0.053333,0.331351,0.001242,0.301975,0.000951,0.173873,0.001333,0.101934,0.000952,0.133040,0.000531,0.114853,0.000630,7,84
random_selection,heldout_object,force_limited_twist_policy,intervention_gap,0.382653,0.048419,0.321561,0.001267,0.325731,0.000970,0.189957,0.001048,0.107285,0.000709,0.138477,0.002320,0.123781,0.000643,7,84
random_selection,heldout_object,force_limited_twist_policy,material_shift,0.362245,0.039721,0.328477,0.001242,0.314405,0.003635,0.182149,0.003288,0.107048,0.000840,0.132733,0.001940,0.121816,0.000576,7,84
random_selection,heldout_object,force_limited_twist_policy,operator_bias_shift,0.394558,0.043333,0.328726,0.001306,0.323968,0.000999,0.185841,0.001653,0.108286,0.001355,0.137035,0.000874,0.122077,0.000663,7,84
random_selection,heldout_object,force_limited_twist_policy,rare_contact_mechanism,0.350340,0.041944,0.317175,0.001344,0.323024,0.001027,0.188518,0.001220,0.106613,0.002975,0.137794,0.001933,0.124870,0.000682,7,84
random_selection,heldout_object,mobile_place_policy,color_mechanism_confound,0.391156,0.043333,0.317109,0.001280,0.309448,0.000979,0.181653,0.001661,0.105947,0.001360,0.135874,0.000872,0.119150,0.000649,7,84
random_selection,heldout_object,mobile_place_policy,compound_spurious_shift,0.326531,0.047180,0.304137,0.001267,0.335818,0.000970,0.197580,0.000996,0.109562,0.000668,0.139950,0.002763,0.126395,0.000643,7,84
random_selection,heldout_object,mobile_place_policy,iid_mechanisms,0.406463,0.043928,0.320830,0.005372,0.300893,0.000883,0.170408,0.001310,0.106667,0.001961,0.129195,0.000623,0.115637,0.000584,7,84
random_selection,heldout_object,mobile_place_policy,intervention_gap,0.329932,0.047415,0.307580,0.001178,0.327200,0.000903,0.189378,0.001662,0.107800,0.001325,0.137815,0.000812,0.125162,0.001934,7,84
random_selection,heldout_object,mobile_place_policy,material_shift,0.406463,0.037908,0.311095,0.001152,0.315039,0.004013,0.181482,0.001124,0.103890,0.000828,0.135119,0.000555,0.122627,0.000519,7,84
random_selection,heldout_object,mobile_place_policy,operator_bias_shift,0.363946,0.029187,0.311840,0.001216,0.323259,0.000931,0.183005,0.000861,0.106695,0.000724,0.133557,0.000549,0.123115,0.000617,7,84
random_selection,heldout_object,mobile_place_policy,rare_contact_mechanism,0.304422,0.039063,0.313393,0.001255,0.320137,0.000960,0.185692,0.001805,0.109518,0.000843,0.134161,0.000623,0.124421,0.000636,7,84
random_selection,heldout_object,peg_search_policy,color_mechanism_confound,0.358844,0.027622,0.300582,0.001255,0.308910,0.002876,0.182129,0.001840,0.106807,0.000929,0.132270,0.002459,0.120109,0.000605,7,84
random_selection,heldout_object,peg_search_policy,compound_spurious_shift,0.363946,0.055042,0.289234,0.001242,0.334783,0.000951,0.192170,0.002471,0.109469,0.001340,0.136460,0.000815,0.128159,0.000630,7,84
random_selection,heldout_object,peg_search_policy,iid_mechanisms,0.414966,0.052033,0.302249,0.004944,0.298814,0.000864,0.171962,0.001884,0.105694,0.002191,0.131016,0.000894,0.116688,0.000571,7,84
random_selection,heldout_object,peg_search_policy,intervention_gap,0.348639,0.054535,0.288037,0.001152,0.326115,0.003681,0.189066,0.001767,0.106065,0.001344,0.137910,0.000789,0.125749,0.000531,7,84
random_selection,heldout_object,peg_search_policy,material_shift,0.375850,0.035590,0.294801,0.001127,0.319820,0.000864,0.184655,0.001066,0.105180,0.000848,0.136188,0.001791,0.120358,0.002690,7,84
random_selection,heldout_object,peg_search_policy,operator_bias_shift,0.355442,0.043333,0.289712,0.003869,0.318520,0.003662,0.186554,0.003203,0.107746,0.003320,0.134918,0.002981,0.120063,0.000550,7,84
random_selection,heldout_object,peg_search_policy,rare_contact_mechanism,0.370748,0.043033,0.290967,0.005310,0.320319,0.000941,0.186022,0.001345,0.108902,0.002394,0.136912,0.000676,0.120155,0.001924,7,84
random_selection,small_budget,contact_grasp_policy,color_mechanism_confound,0.418367,0.038249,0.325196,0.005279,0.306898,0.000970,0.174071,0.001558,0.106711,0.002417,0.129316,0.000852,0.117764,0.002417,7,84
random_selection,small_budget,contact_grasp_policy,compound_spurious_shift,0.357143,0.040734,0.311664,0.005290,0.332848,0.000960,0.189589,0.001511,0.109939,0.001967,0.135364,0.000802,0.123579,0.002638,7,84
random_selection,small_budget,contact_grasp_policy,iid_mechanisms,0.460884,0.014142,0.337173,0.001139,0.290814,0.000874,0.167935,0.002624,0.104197,0.000619,0.126491,0.001995,0.111397,0.000577,7,84
random_selection,small_budget,contact_grasp_policy,intervention_gap,0.391156,0.036515,0.312935,0.001165,0.320885,0.004006,0.182595,0.000999,0.105290,0.002862,0.132980,0.000584,0.121206,0.000526,7,84
random_selection,small_budget,contact_grasp_policy,material_shift,0.374150,0.046068,0.320337,0.003890,0.311640,0.000874,0.178494,0.001677,0.106668,0.002110,0.132019,0.000826,0.118374,0.000577,7,84
random_selection,small_budget,contact_grasp_policy,operator_bias_shift,0.389456,0.032489,0.318058,0.003864,0.310731,0.000922,0.184182,0.001182,0.105592,0.002341,0.134084,0.002532,0.117204,0.000610,7,84
random_selection,small_budget,contact_grasp_policy,rare_contact_mechanism,0.369048,0.043205,0.316044,0.001242,0.318655,0.000951,0.184629,0.001156,0.104957,0.002632,0.135944,0.000563,0.118046,0.000630,7,84
random_selection,small_budget,deformable_pull_policy,color_mechanism_confound,0.352041,0.042861,0.338275,0.004830,0.308391,0.000989,0.180743,0.002865,0.108933,0.001068,0.132331,0.002661,0.118655,0.000656,7,84
random_selection,small_budget,deformable_pull_policy,compound_spurious_shift,0.335034,0.035434,0.327741,0.001280,0.333159,0.000979,0.195212,0.001415,0.110385,0.001186,0.138293,0.002537,0.124807,0.000649,7,84
random_selection,small_budget,deformable_pull_policy,iid_mechanisms,0.431973,0.037663,0.345926,0.001165,0.292492,0.000893,0.171333,0.001434,0.104462,0.001178,0.131544,0.000763,0.112415,0.002453,7,84
random_selection,small_budget,deformable_pull_policy,intervention_gap,0.350340,0.040369,0.324840,0.001191,0.319782,0.000912,0.184315,0.002310,0.104884,0.001056,0.132868,0.000703,0.121469,0.000604,7,84
random_selection,small_budget,deformable_pull_policy,material_shift,0.372449,0.042817,0.331377,0.004918,0.313318,0.000893,0.178789,0.002256,0.107346,0.002476,0.129939,0.000790,0.117106,0.000590,7,84
random_selection,small_budget,deformable_pull_policy,operator_bias_shift,0.365646,0.034427,0.332405,0.001229,0.318320,0.000941,0.182604,0.002802,0.106172,0.000864,0.130448,0.000663,0.119970,0.000623,7,84
random_selection,small_budget,deformable_pull_policy,rare_contact_mechanism,0.335034,0.043033,0.330545,0.005279,0.317783,0.000970,0.181741,0.000907,0.110018,0.000628,0.132487,0.000417,0.120754,0.002417,7,84
random_selection,small_budget,force_limited_twist_policy,color_mechanism_confound,0.408163,0.047687,0.335869,0.001344,0.305342,0.003898,0.175384,0.001395,0.106371,0.001091,0.130555,0.000751,0.115758,0.000617,7,84
random_selection,small_budget,force_limited_twist_policy,compound_spurious_shift,0.335034,0.024114,0.317153,0.001331,0.334264,0.001018,0.192290,0.002402,0.107432,0.000957,0.135274,0.001787,0.121317,0.001904,7,84
random_selection,small_budget,force_limited_twist_policy,iid_mechanisms,0.387755,0.034854,0.334882,0.001216,0.293256,0.000931,0.172918,0.001657,0.102424,0.000874,0.128739,0.002676,0.113265,0.000617,7,84
random_selection,small_budget,force_limited_twist_policy,intervention_gap,0.394558,0.032773,0.321012,0.001242,0.325958,0.000951,0.187207,0.001310,0.104954,0.001104,0.137360,0.000754,0.120296,0.000630,7,84
random_selection,small_budget,force_limited_twist_policy,material_shift,0.418367,0.056339,0.331767,0.001216,0.312367,0.002887,0.176415,0.002080,0.105494,0.001705,0.130807,0.001080,0.120215,0.000585,7,84
random_selection,small_budget,force_limited_twist_policy,operator_bias_shift,0.382653,0.037218,0.323392,0.001280,0.313747,0.003937,0.180734,0.001093,0.103532,0.000935,0.132621,0.000735,0.116033,0.000585,7,84
random_selection,small_budget,force_limited_twist_policy,rare_contact_mechanism,0.414966,0.032773,0.323209,0.001319,0.316183,0.001008,0.180158,0.002148,0.103649,0.001028,0.131438,0.000755,0.117703,0.001906,7,84
random_selection,small_budget,mobile_place_policy,color_mechanism_confound,0.360544,0.032088,0.316036,0.001255,0.309398,0.000960,0.179921,0.001189,0.104277,0.001001,0.133825,0.000699,0.115452,0.000636,7,84
random_selection,small_budget,mobile_place_policy,compound_spurious_shift,0.301020,0.039347,0.303624,0.001242,0.334473,0.002879,0.195890,0.001545,0.108028,0.001248,0.139272,0.002198,0.122957,0.000598,7,84
random_selection,small_budget,mobile_place_policy,iid_mechanisms,0.392857,0.019052,0.330065,0.001127,0.289707,0.000864,0.168021,0.000819,0.105952,0.000742,0.127555,0.000576,0.112341,0.000571,7,84
random_selection,small_budget,mobile_place_policy,intervention_gap,0.372449,0.032489,0.305874,0.003885,0.324959,0.000883,0.183849,0.000853,0.107477,0.002922,0.133574,0.000489,0.121113,0.000584,7,84
random_selection,small_budget,mobile_place_policy,material_shift,0.374150,0.035224,0.310942,0.001127,0.310533,0.000864,0.179970,0.001326,0.104859,0.002342,0.133546,0.000714,0.119318,0.000571,7,84
random_selection,small_budget,mobile_place_policy,operator_bias_shift,0.375850,0.037712,0.319071,0.001191,0.317431,0.000912,0.183773,0.001311,0.108275,0.001067,0.135234,0.000700,0.116616,0.001931,7,84
random_selection,small_budget,mobile_place_policy,rare_contact_mechanism,0.365646,0.033278,0.315984,0.001229,0.317689,0.003967,0.181736,0.001159,0.107626,0.001003,0.133025,0.000766,0.121373,0.001945,7,84
random_selection,small_budget,peg_search_policy,color_mechanism_confound,0.406463,0.030307,0.302735,0.001229,0.307906,0.002883,0.176181,0.003045,0.104910,0.000713,0.128788,0.000554,0.118036,0.000592,7,84
random_selection,small_budget,peg_search_policy,compound_spurious_shift,0.319728,0.036158,0.291947,0.001216,0.330769,0.003975,0.191348,0.000976,0.109891,0.000655,0.136463,0.000449,0.125175,0.001938,7,84
random_selection,small_budget,peg_search_policy,iid_mechanisms,0.413265,0.045175,0.305562,0.004962,0.290105,0.000845,0.171003,0.001642,0.105394,0.002201,0.130894,0.000804,0.115072,0.000558,7,84
random_selection,small_budget,peg_search_policy,intervention_gap,0.369048,0.030123,0.287270,0.001127,0.322921,0.000864,0.185762,0.000606,0.106765,0.003075,0.135527,0.000383,0.122181,0.000571,7,84
random_selection,small_budget,peg_search_policy,material_shift,0.386054,0.036311,0.297874,0.001101,0.310931,0.000845,0.179777,0.003387,0.104280,0.000582,0.130109,0.002195,0.116332,0.002476,7,84
random_selection,small_budget,peg_search_policy,operator_bias_shift,0.377551,0.031681,0.297883,0.001165,0.311738,0.000893,0.182860,0.001150,0.105871,0.000960,0.134700,0.000658,0.119763,0.002453,7,84
random_selection,small_budget,peg_search_policy,rare_contact_mechanism,0.372449,0.024267,0.289924,0.001203,0.313488,0.000922,0.185192,0.002266,0.106429,0.002775,0.133434,0.002720,0.118678,0.000610,7,84
uncertainty_active_selection,clean_budget,contact_grasp_policy,color_mechanism_confound,0.647959,0.030912,0.527523,0.001421,0.255121,0.002830,0.106358,0.002319,0.071511,0.002250,0.269779,0.000626,0.085314,0.000690,7,84
uncertainty_active_selection,clean_budget,contact_grasp_policy,compound_spurious_shift,0.598639,0.065348,0.515205,0.004752,0.286223,0.003551,0.123603,0.003596,0.077678,0.003559,0.276315,0.002457,0.090676,0.000661,7,84
uncertainty_active_selection,clean_budget,contact_grasp_policy,iid_mechanisms,0.668367,0.014782,0.539400,0.001293,0.243742,0.000989,0.101140,0.000585,0.071896,0.000608,0.270556,0.000566,0.081260,0.000656,7,84
uncertainty_active_selection,clean_budget,contact_grasp_policy,intervention_gap,0.630952,0.034907,0.523634,0.001319,0.275915,0.001008,0.114630,0.000982,0.074296,0.000801,0.274098,0.000588,0.087335,0.000669,7,84
uncertainty_active_selection,clean_budget,contact_grasp_policy,material_shift,0.636054,0.039394,0.528578,0.005259,0.264440,0.002865,0.110779,0.001855,0.076226,0.002102,0.271686,0.002467,0.087812,0.001963,7,84
uncertainty_active_selection,clean_budget,contact_grasp_policy,operator_bias_shift,0.680272,0.023570,0.523158,0.001357,0.268158,0.001037,0.113186,0.001279,0.071823,0.001976,0.275322,0.000825,0.089719,0.000689,7,84
uncertainty_active_selection,clean_budget,contact_grasp_policy,rare_contact_mechanism,0.600340,0.031740,0.521542,0.003792,0.273072,0.001066,0.113135,0.001358,0.075873,0.002649,0.273402,0.000826,0.088425,0.000708,7,84
uncertainty_active_selection,clean_budget,deformable_pull_policy,color_mechanism_confound,0.605442,0.037908,0.539027,0.001447,0.256898,0.001104,0.109211,0.002592,0.072203,0.000965,0.270523,0.001953,0.085306,0.000735,7,84
uncertainty_active_selection,clean_budget,deformable_pull_policy,compound_spurious_shift,0.522109,0.034319,0.525133,0.004735,0.283387,0.003539,0.127533,0.001273,0.079309,0.002541,0.278898,0.002439,0.089806,0.000675,7,84
uncertainty_active_selection,clean_budget,deformable_pull_policy,iid_mechanisms,0.649660,0.025386,0.551152,0.001319,0.247420,0.001008,0.101241,0.001303,0.073281,0.001144,0.270043,0.000817,0.081407,0.000669,7,84
uncertainty_active_selection,clean_budget,deformable_pull_policy,intervention_gap,0.578231,0.047454,0.536251,0.003810,0.271666,0.002851,0.116811,0.001410,0.077784,0.001120,0.275501,0.000755,0.088931,0.000651,7,84
uncertainty_active_selection,clean_budget,deformable_pull_policy,material_shift,0.561224,0.037565,0.535756,0.003820,0.257827,0.001008,0.114181,0.002061,0.075141,0.003138,0.274021,0.002899,0.087794,0.001906,7,84
uncertainty_active_selection,clean_budget,deformable_pull_policy,operator_bias_shift,0.627551,0.035538,0.540504,0.003796,0.265740,0.001056,0.112133,0.002835,0.076402,0.001078,0.271085,0.000790,0.085704,0.000702,7,84
uncertainty_active_selection,clean_budget,deformable_pull_policy,rare_contact_mechanism,0.539116,0.046587,0.534468,0.005157,0.272484,0.002830,0.118251,0.003332,0.077703,0.003133,0.275045,0.002578,0.086804,0.000690,7,84
uncertainty_active_selection,clean_budget,force_limited_twist_policy,color_mechanism_confound,0.658163,0.043716,0.538709,0.004693,0.257246,0.001143,0.106386,0.001888,0.075619,0.001286,0.269873,0.000913,0.085849,0.002339,7,84
uncertainty_active_selection,clean_budget,force_limited_twist_policy,compound_spurious_shift,0.579932,0.038682,0.521207,0.001485,0.286175,0.003513,0.125195,0.001354,0.075217,0.001099,0.279823,0.000795,0.090871,0.000701,7,84
uncertainty_active_selection,clean_budget,force_limited_twist_policy,iid_mechanisms,0.671769,0.033333,0.542197,0.005198,0.244720,0.001047,0.099390,0.001182,0.074086,0.001732,0.268810,0.000719,0.082156,0.000695,7,84
uncertainty_active_selection,clean_budget,force_limited_twist_policy,intervention_gap,0.630952,0.018359,0.529938,0.001395,0.272663,0.001066,0.117891,0.000847,0.075030,0.000808,0.277570,0.000675,0.088773,0.002580,7,84
uncertainty_active_selection,clean_budget,force_limited_twist_policy,material_shift,0.619048,0.047219,0.533661,0.001370,0.263703,0.003570,0.112959,0.001140,0.073282,0.000806,0.274718,0.002045,0.086393,0.002639,7,84
uncertainty_active_selection,clean_budget,force_limited_twist_policy,operator_bias_shift,0.608844,0.029876,0.529007,0.001434,0.264564,0.001095,0.112622,0.002233,0.072372,0.000759,0.271276,0.000693,0.087493,0.000728,7,84
uncertainty_active_selection,clean_budget,force_limited_twist_policy,rare_contact_mechanism,0.637755,0.039063,0.526934,0.003765,0.269136,0.001123,0.114773,0.000897,0.074137,0.003237,0.276044,0.000558,0.085966,0.000748,7,84
uncertainty_active_selection,clean_budget,mobile_place_policy,color_mechanism_confound,0.619048,0.032998,0.527755,0.001408,0.257900,0.001075,0.111498,0.001518,0.075467,0.001303,0.273017,0.002382,0.083174,0.001890,7,84
uncertainty_active_selection,clean_budget,mobile_place_policy,compound_spurious_shift,0.608844,0.041500,0.511983,0.001395,0.282981,0.001066,0.124308,0.001497,0.076362,0.001233,0.279722,0.000824,0.091286,0.002580,7,84
uncertainty_active_selection,clean_budget,mobile_place_policy,iid_mechanisms,0.659864,0.039063,0.534824,0.001280,0.244630,0.000979,0.103142,0.002107,0.073929,0.001279,0.268900,0.002692,0.083546,0.000649,7,84
uncertainty_active_selection,clean_budget,mobile_place_policy,intervention_gap,0.585034,0.045947,0.516818,0.001306,0.275123,0.000999,0.117668,0.001306,0.075961,0.001008,0.276269,0.000642,0.088474,0.000663,7,84
uncertainty_active_selection,clean_budget,mobile_place_policy,material_shift,0.612245,0.030912,0.517141,0.001280,0.263613,0.003616,0.109697,0.001107,0.072603,0.001751,0.272470,0.000655,0.084353,0.001917,7,84
uncertainty_active_selection,clean_budget,mobile_place_policy,operator_bias_shift,0.634354,0.047687,0.515269,0.003810,0.264846,0.001027,0.114380,0.001954,0.073896,0.002559,0.275813,0.001019,0.089138,0.000682,7,84
uncertainty_active_selection,clean_budget,mobile_place_policy,rare_contact_mechanism,0.608844,0.042731,0.521727,0.001383,0.267240,0.001056,0.114284,0.002856,0.076230,0.001047,0.272813,0.002153,0.086124,0.000702,7,84
uncertainty_active_selection,clean_budget,peg_search_policy,color_mechanism_confound,0.624150,0.028284,0.510931,0.001383,0.255596,0.001056,0.108334,0.002733,0.075183,0.000684,0.270104,0.001863,0.082894,0.000702,7,84
uncertainty_active_selection,clean_budget,peg_search_policy,compound_spurious_shift,0.542517,0.019626,0.496783,0.001370,0.281895,0.001047,0.124178,0.002594,0.078543,0.000740,0.276049,0.001941,0.089550,0.000695,7,84
uncertainty_active_selection,clean_budget,peg_search_policy,iid_mechanisms,0.705782,0.031269,0.518232,0.001255,0.242500,0.000960,0.097736,0.002432,0.072816,0.000840,0.266838,0.000619,0.084528,0.000636,7,84
uncertainty_active_selection,clean_budget,peg_search_policy,intervention_gap,0.573129,0.035434,0.496978,0.001280,0.270557,0.000979,0.117932,0.001062,0.074635,0.000865,0.276592,0.000612,0.087793,0.000649,7,84
uncertainty_active_selection,clean_budget,peg_search_policy,material_shift,0.661565,0.057122,0.500549,0.001255,0.264913,0.000960,0.110130,0.002095,0.071892,0.001856,0.273804,0.001002,0.084247,0.000636,7,84
uncertainty_active_selection,clean_budget,peg_search_policy,operator_bias_shift,0.620748,0.054705,0.504278,0.001319,0.268632,0.001008,0.112803,0.001627,0.074923,0.001245,0.273717,0.000742,0.086154,0.000669,7,84
uncertainty_active_selection,clean_budget,peg_search_policy,rare_contact_mechanism,0.566327,0.050626,0.501291,0.005208,0.267372,0.001037,0.115473,0.001815,0.077724,0.001198,0.275430,0.000914,0.088650,0.000689,7,84
uncertainty_active_selection,combined_stress,contact_grasp_policy,color_mechanism_confound,0.581633,0.043033,0.514223,0.004718,0.292979,0.002821,0.124353,0.001158,0.079259,0.000936,0.283812,0.000703,0.098922,0.002577,7,84
uncertainty_active_selection,combined_stress,contact_grasp_policy,compound_spurious_shift,0.460884,0.031681,0.501065,0.001447,0.325166,0.002824,0.139961,0.001319,0.081801,0.001135,0.288355,0.000838,0.108455,0.000703,7,84
uncertainty_active_selection,combined_stress,contact_grasp_policy,iid_mechanisms,0.596939,0.043033,0.520930,0.001331,0.286298,0.001018,0.115865,0.001620,0.075986,0.001329,0.279768,0.000863,0.094645,0.000676,7,84
uncertainty_active_selection,combined_stress,contact_grasp_policy,intervention_gap,0.556122,0.032088,0.504423,0.005208,0.311055,0.001037,0.132035,0.001051,0.081415,0.000892,0.286404,0.000661,0.103661,0.000689,7,84
uncertainty_active_selection,combined_stress,contact_grasp_policy,material_shift,0.522109,0.030307,0.508181,0.004804,0.296975,0.001018,0.129738,0.001221,0.078962,0.002388,0.287221,0.000750,0.102360,0.000676,7,84
uncertainty_active_selection,combined_stress,contact_grasp_policy,operator_bias_shift,0.559524,0.056240,0.504263,0.003792,0.306965,0.002837,0.127791,0.001492,0.077691,0.003095,0.283671,0.000698,0.101687,0.000677,7,84
uncertainty_active_selection,combined_stress,contact_grasp_policy,rare_contact_mechanism,0.513605,0.022443,0.505033,0.001434,0.306808,0.001095,0.129870,0.001144,0.077630,0.001036,0.284891,0.000789,0.103793,0.000728,7,84
uncertainty_active_selection,combined_stress,deformable_pull_policy,color_mechanism_confound,0.506803,0.051890,0.518674,0.001485,0.298989,0.001133,0.128528,0.001733,0.077472,0.001934,0.286301,0.000884,0.098168,0.000754,7,84
uncertainty_active_selection,combined_stress,deformable_pull_policy,compound_spurious_shift,0.440476,0.031388,0.508514,0.005117,0.321418,0.001123,0.141082,0.001559,0.084473,0.001353,0.289513,0.000947,0.106756,0.002549,7,84
uncertainty_active_selection,combined_stress,deformable_pull_policy,iid_mechanisms,0.590136,0.054092,0.527916,0.005208,0.282203,0.001037,0.117467,0.001797,0.077028,0.001854,0.281702,0.000868,0.097283,0.000689,7,84
uncertainty_active_selection,combined_stress,deformable_pull_policy,intervention_gap,0.445578,0.045785,0.514561,0.001383,0.309324,0.001056,0.138479,0.001573,0.080763,0.001272,0.290950,0.000824,0.104483,0.002586,7,84
uncertainty_active_selection,combined_stress,deformable_pull_policy,material_shift,0.472789,0.028219,0.519741,0.001357,0.303171,0.002847,0.132141,0.001831,0.078976,0.000951,0.286149,0.002680,0.100589,0.002611,7,84
uncertainty_active_selection,combined_stress,deformable_pull_policy,operator_bias_shift,0.469388,0.049591,0.516843,0.005157,0.305350,0.003853,0.134851,0.002229,0.081324,0.002810,0.286948,0.002869,0.100301,0.000657,7,84
uncertainty_active_selection,combined_stress,deformable_pull_policy,rare_contact_mechanism,0.467687,0.023727,0.517767,0.001460,0.310453,0.002821,0.131449,0.001261,0.080311,0.001152,0.285516,0.000891,0.104855,0.000710,7,84
uncertainty_active_selection,combined_stress,force_limited_twist_policy,color_mechanism_confound,0.562925,0.044887,0.517906,0.001536,0.295132,0.001171,0.125022,0.001071,0.076896,0.000822,0.284075,0.000601,0.098222,0.000781,7,84
uncertainty_active_selection,combined_stress,force_limited_twist_policy,compound_spurious_shift,0.443878,0.029123,0.504138,0.005077,0.325146,0.002805,0.143563,0.002229,0.083773,0.002132,0.289440,0.002282,0.108558,0.000742,7,84
uncertainty_active_selection,combined_stress,force_limited_twist_policy,iid_mechanisms,0.588435,0.045216,0.523084,0.005167,0.285589,0.002834,0.118708,0.002351,0.077259,0.002823,0.280309,0.002445,0.095421,0.000683,7,84
uncertainty_active_selection,combined_stress,force_limited_twist_policy,intervention_gap,0.503401,0.033278,0.507798,0.005147,0.311261,0.003539,0.136874,0.001254,0.080904,0.002401,0.290283,0.000883,0.101632,0.000675,7,84
uncertainty_active_selection,combined_stress,force_limited_twist_policy,material_shift,0.552721,0.038394,0.514909,0.001408,0.297981,0.001075,0.126945,0.001666,0.076888,0.001405,0.285083,0.000943,0.103163,0.000715,7,84
uncertainty_active_selection,combined_stress,force_limited_twist_policy,operator_bias_shift,0.506803,0.032146,0.509469,0.003765,0.305114,0.001123,0.132268,0.001624,0.079145,0.002344,0.287323,0.000975,0.099397,0.000748,7,84
uncertainty_active_selection,combined_stress,force_limited_twist_policy,rare_contact_mechanism,0.501701,0.017213,0.509783,0.001511,0.306330,0.003501,0.132984,0.000990,0.078007,0.000958,0.287907,0.000832,0.101297,0.000714,7,84
uncertainty_active_selection,combined_stress,mobile_place_policy,color_mechanism_confound,0.522109,0.036868,0.499794,0.001447,0.292974,0.001104,0.128551,0.001622,0.077420,0.002708,0.284455,0.002681,0.098391,0.000735,7,84
uncertainty_active_selection,combined_stress,mobile_place_policy,compound_spurious_shift,0.431973,0.042514,0.490042,0.005147,0.320855,0.003539,0.144664,0.001324,0.083219,0.002560,0.291539,0.001945,0.103841,0.000675,7,84
uncertainty_active_selection,combined_stress,mobile_place_policy,iid_mechanisms,0.588435,0.039063,0.513127,0.001319,0.284402,0.001008,0.117149,0.001413,0.076198,0.001165,0.280928,0.000778,0.095110,0.000669,7,84
uncertainty_active_selection,combined_stress,mobile_place_policy,intervention_gap,0.481293,0.044638,0.501241,0.001344,0.309194,0.002851,0.134191,0.001452,0.081887,0.001162,0.287106,0.000779,0.103006,0.000651,7,84
uncertainty_active_selection,combined_stress,mobile_place_policy,material_shift,0.534014,0.056569,0.500378,0.004812,0.296794,0.002858,0.130521,0.001629,0.078796,0.003441,0.285889,0.002798,0.102852,0.000638,7,84
uncertainty_active_selection,combined_stress,mobile_place_policy,operator_bias_shift,0.494898,0.018954,0.504581,0.001383,0.302584,0.001056,0.132371,0.002766,0.080911,0.000833,0.284879,0.002305,0.099313,0.000702,7,84
uncertainty_active_selection,combined_stress,mobile_place_policy,rare_contact_mechanism,0.510204,0.025676,0.501991,0.003783,0.310197,0.001085,0.134869,0.000844,0.081673,0.000769,0.288380,0.001882,0.099862,0.000722,7,84
uncertainty_active_selection,combined_stress,peg_search_policy,color_mechanism_confound,0.534014,0.044222,0.489692,0.004744,0.298704,0.001085,0.128985,0.001899,0.080778,0.001582,0.284663,0.002049,0.096830,0.000722,7,84
uncertainty_active_selection,combined_stress,peg_search_policy,compound_spurious_shift,0.471088,0.052387,0.476990,0.003787,0.324374,0.001075,0.143808,0.002019,0.083260,0.001642,0.291143,0.002106,0.104200,0.001890,7,84
uncertainty_active_selection,combined_stress,peg_search_policy,iid_mechanisms,0.598639,0.050074,0.491822,0.001293,0.278301,0.000989,0.115838,0.001425,0.073470,0.001085,0.280125,0.000661,0.093476,0.000656,7,84
uncertainty_active_selection,combined_stress,peg_search_policy,intervention_gap,0.496599,0.039675,0.476688,0.001319,0.310947,0.001008,0.135044,0.003292,0.077838,0.000947,0.285772,0.002124,0.103304,0.002612,7,84
uncertainty_active_selection,combined_stress,peg_search_policy,material_shift,0.532313,0.042817,0.490508,0.001293,0.300984,0.000989,0.130237,0.001730,0.080158,0.001427,0.287492,0.000919,0.101383,0.000656,7,84
uncertainty_active_selection,combined_stress,peg_search_policy,operator_bias_shift,0.527211,0.034801,0.482017,0.005208,0.302399,0.001037,0.130152,0.000969,0.080693,0.002233,0.285512,0.000597,0.101717,0.000689,7,84
uncertainty_active_selection,combined_stress,peg_search_policy,rare_contact_mechanism,0.491497,0.022608,0.485990,0.001395,0.306358,0.001066,0.134937,0.001989,0.081193,0.001095,0.287088,0.002410,0.099773,0.000708,7,84
uncertainty_active_selection,heldout_mechanism,contact_grasp_policy,color_mechanism_confound,0.620748,0.034319,0.516431,0.001485,0.284572,0.001133,0.119753,0.001056,0.073198,0.000898,0.281038,0.000687,0.092737,0.000754,7,84
uncertainty_active_selection,heldout_mechanism,contact_grasp_policy,compound_spurious_shift,0.545918,0.026667,0.505000,0.005117,0.307764,0.001123,0.133119,0.001039,0.079810,0.002363,0.284842,0.000732,0.099559,0.002347,7,84
uncertainty_active_selection,heldout_mechanism,contact_grasp_policy,iid_mechanisms,0.619048,0.035642,0.526552,0.005208,0.266731,0.001037,0.110470,0.001559,0.077251,0.001320,0.276585,0.000893,0.091132,0.000689,7,84
uncertainty_active_selection,heldout_mechanism,contact_grasp_policy,intervention_gap,0.544218,0.020184,0.511838,0.001383,0.294547,0.001056,0.129899,0.001023,0.077699,0.000940,0.285600,0.000734,0.098806,0.002586,7,84
uncertainty_active_selection,heldout_mechanism,contact_grasp_policy,material_shift,0.619048,0.039110,0.516330,0.001357,0.289594,0.001037,0.123010,0.001373,0.074623,0.001131,0.281122,0.002432,0.095731,0.002596,7,84
uncertainty_active_selection,heldout_mechanism,contact_grasp_policy,operator_bias_shift,0.613946,0.050626,0.514176,0.005157,0.290615,0.003853,0.124924,0.002418,0.077289,0.001766,0.281166,0.002292,0.094654,0.000657,7,84
uncertainty_active_selection,heldout_mechanism,contact_grasp_policy,rare_contact_mechanism,0.562925,0.040643,0.515012,0.001460,0.297368,0.001114,0.124209,0.002560,0.077438,0.001146,0.280184,0.000800,0.099190,0.000741,7,84
uncertainty_active_selection,heldout_mechanism,deformable_pull_policy,color_mechanism_confound,0.559524,0.032203,0.531022,0.004684,0.282406,0.001152,0.119991,0.002386,0.079053,0.000985,0.278034,0.001961,0.096767,0.000767,7,84
uncertainty_active_selection,heldout_mechanism,deformable_pull_policy,compound_spurious_shift,0.452381,0.023882,0.515727,0.001498,0.306130,0.002811,0.138147,0.000944,0.080112,0.000833,0.288234,0.000699,0.100522,0.000729,7,84
uncertainty_active_selection,heldout_mechanism,deformable_pull_policy,iid_mechanisms,0.566327,0.049591,0.536816,0.001383,0.266465,0.002840,0.115274,0.001888,0.075396,0.001552,0.279337,0.001532,0.090742,0.002608,7,84
uncertainty_active_selection,heldout_mechanism,deformable_pull_policy,intervention_gap,0.534014,0.022443,0.518394,0.001408,0.294930,0.001075,0.127042,0.001031,0.076133,0.000940,0.282642,0.000733,0.100003,0.000715,7,84
uncertainty_active_selection,heldout_mechanism,deformable_pull_policy,material_shift,0.500000,0.031388,0.526594,0.005188,0.287613,0.001056,0.121689,0.000947,0.079385,0.002574,0.279963,0.000627,0.095314,0.000702,7,84
uncertainty_active_selection,heldout_mechanism,deformable_pull_policy,operator_bias_shift,0.503401,0.039347,0.520886,0.003774,0.287684,0.001104,0.128369,0.001323,0.079213,0.002959,0.283863,0.002032,0.094731,0.000735,7,84
uncertainty_active_selection,heldout_mechanism,deformable_pull_policy,rare_contact_mechanism,0.557823,0.051280,0.524163,0.005107,0.292837,0.001133,0.124464,0.001436,0.079369,0.001909,0.281903,0.000712,0.097032,0.002544,7,84
uncertainty_active_selection,heldout_mechanism,force_limited_twist_policy,color_mechanism_confound,0.598639,0.035901,0.525977,0.001562,0.284076,0.001191,0.117532,0.001056,0.075822,0.000897,0.278476,0.000699,0.092555,0.000794,7,84
uncertainty_active_selection,heldout_mechanism,force_limited_twist_policy,compound_spurious_shift,0.527211,0.069575,0.509361,0.005057,0.308524,0.003778,0.136290,0.002116,0.081284,0.002580,0.286515,0.002109,0.102523,0.000722,7,84
uncertainty_active_selection,heldout_mechanism,force_limited_twist_policy,iid_mechanisms,0.642857,0.036717,0.529994,0.005147,0.268517,0.003845,0.113116,0.000639,0.076276,0.002272,0.278516,0.002042,0.089079,0.000663,7,84
uncertainty_active_selection,heldout_mechanism,force_limited_twist_policy,intervention_gap,0.525510,0.028087,0.511928,0.001460,0.298965,0.001114,0.131171,0.001126,0.077051,0.001389,0.285137,0.002031,0.097406,0.000741,7,84
uncertainty_active_selection,heldout_mechanism,force_limited_twist_policy,material_shift,0.586735,0.042208,0.522059,0.001434,0.286235,0.001095,0.119001,0.001608,0.075336,0.001332,0.279041,0.000888,0.097026,0.000728,7,84
uncertainty_active_selection,heldout_mechanism,force_limited_twist_policy,operator_bias_shift,0.557823,0.046786,0.522956,0.001498,0.287830,0.001143,0.125479,0.002443,0.078010,0.001247,0.280849,0.002489,0.097484,0.000761,7,84
uncertainty_active_selection,heldout_mechanism,force_limited_twist_policy,rare_contact_mechanism,0.545918,0.028996,0.514189,0.001536,0.292526,0.003488,0.124372,0.002257,0.075910,0.002203,0.280391,0.000770,0.096042,0.002394,7,84
uncertainty_active_selection,heldout_mechanism,mobile_place_policy,color_mechanism_confound,0.586735,0.043119,0.511148,0.001472,0.284698,0.001123,0.119787,0.002381,0.075201,0.001178,0.278048,0.002172,0.094554,0.000748,7,84
uncertainty_active_selection,heldout_mechanism,mobile_place_policy,compound_spurious_shift,0.503401,0.055008,0.493976,0.001460,0.308729,0.001114,0.137453,0.002069,0.078256,0.002387,0.287071,0.001749,0.099662,0.000741,7,84
uncertainty_active_selection,heldout_mechanism,mobile_place_policy,iid_mechanisms,0.588435,0.051640,0.523321,0.001344,0.266681,0.003583,0.111417,0.001560,0.076830,0.001234,0.276874,0.000821,0.090541,0.000629,7,84
uncertainty_active_selection,heldout_mechanism,mobile_place_policy,intervention_gap,0.506803,0.033333,0.499507,0.001370,0.301393,0.001047,0.130378,0.001061,0.077651,0.002077,0.284837,0.000659,0.100637,0.000695,7,84
uncertainty_active_selection,heldout_mechanism,mobile_place_policy,material_shift,0.517007,0.051890,0.506239,0.001344,0.286113,0.001027,0.125877,0.001810,0.075626,0.001446,0.282125,0.002148,0.096229,0.002391,7,84
uncertainty_active_selection,heldout_mechanism,mobile_place_policy,operator_bias_shift,0.537415,0.045092,0.507632,0.001408,0.288081,0.001075,0.125431,0.001491,0.077160,0.001203,0.282545,0.000790,0.098084,0.001890,7,84
uncertainty_active_selection,heldout_mechanism,mobile_place_policy,rare_contact_mechanism,0.564626,0.044347,0.507395,0.004727,0.294028,0.003838,0.126353,0.001748,0.079852,0.001504,0.283673,0.001071,0.095210,0.001891,7,84
uncertainty_active_selection,heldout_mechanism,peg_search_policy,color_mechanism_confound,0.573129,0.030307,0.495453,0.005137,0.279533,0.003532,0.120942,0.001000,0.078250,0.002035,0.281494,0.000766,0.091237,0.000681,7,84
uncertainty_active_selection,heldout_mechanism,peg_search_policy,compound_spurious_shift,0.493197,0.039394,0.484479,0.003778,0.309927,0.003539,0.136301,0.001470,0.082134,0.001270,0.286721,0.000933,0.099546,0.002378,7,84
uncertainty_active_selection,heldout_mechanism,peg_search_policy,iid_mechanisms,0.595238,0.026458,0.498711,0.001319,0.266835,0.001008,0.111278,0.001845,0.072835,0.001076,0.274514,0.000857,0.089713,0.002400,7,84
uncertainty_active_selection,heldout_mechanism,peg_search_policy,intervention_gap,0.506803,0.050369,0.487657,0.001344,0.300826,0.002851,0.128772,0.002119,0.078915,0.001600,0.280922,0.001116,0.095886,0.000651,7,84
uncertainty_active_selection,heldout_mechanism,peg_search_policy,material_shift,0.602041,0.044054,0.497636,0.001319,0.287982,0.002858,0.121216,0.001395,0.077860,0.001035,0.281270,0.000633,0.095428,0.000638,7,84
uncertainty_active_selection,heldout_mechanism,peg_search_policy,operator_bias_shift,0.590136,0.035224,0.490909,0.001383,0.287290,0.002840,0.125510,0.001237,0.076171,0.001069,0.282527,0.001968,0.095467,0.002608,7,84
uncertainty_active_selection,heldout_mechanism,peg_search_policy,rare_contact_mechanism,0.520408,0.045461,0.490374,0.001421,0.293014,0.001085,0.126890,0.001585,0.078385,0.001289,0.283332,0.000844,0.098158,0.002365,7,84
uncertainty_active_selection,heldout_object,contact_grasp_policy,color_mechanism_confound,0.627551,0.038682,0.523086,0.001447,0.276231,0.001104,0.114078,0.001366,0.074018,0.001161,0.275074,0.000867,0.092934,0.000735,7,84
uncertainty_active_selection,heldout_object,contact_grasp_policy,compound_spurious_shift,0.527211,0.041276,0.505634,0.001434,0.300053,0.001095,0.132101,0.002962,0.077287,0.001983,0.281840,0.002490,0.097899,0.000728,7,84
uncertainty_active_selection,heldout_object,contact_grasp_policy,iid_mechanisms,0.654762,0.038778,0.533803,0.001319,0.265698,0.001008,0.108131,0.001739,0.074816,0.001461,0.275204,0.000959,0.088313,0.000669,7,84
uncertainty_active_selection,heldout_object,contact_grasp_policy,intervention_gap,0.586735,0.045175,0.515257,0.005218,0.288924,0.001027,0.123998,0.001812,0.078554,0.002416,0.281091,0.000958,0.096285,0.000682,7,84
uncertainty_active_selection,heldout_object,contact_grasp_policy,material_shift,0.602041,0.031740,0.516361,0.001319,0.276285,0.001008,0.118988,0.001780,0.074819,0.002459,0.277801,0.002561,0.093680,0.002400,7,84
uncertainty_active_selection,heldout_object,contact_grasp_policy,operator_bias_shift,0.588435,0.046904,0.517278,0.005188,0.284756,0.001056,0.118604,0.000976,0.078171,0.002418,0.277180,0.000448,0.093114,0.000702,7,84
uncertainty_active_selection,heldout_object,contact_grasp_policy,rare_contact_mechanism,0.600340,0.016777,0.513442,0.003783,0.286289,0.003853,0.121329,0.002753,0.075891,0.002813,0.277805,0.001897,0.094087,0.000657,7,84
uncertainty_active_selection,heldout_object,deformable_pull_policy,color_mechanism_confound,0.540816,0.032546,0.537601,0.001472,0.272078,0.002817,0.116019,0.000657,0.078052,0.000590,0.276776,0.000595,0.093367,0.001877,7,84
uncertainty_active_selection,heldout_object,deformable_pull_policy,compound_spurious_shift,0.494898,0.027352,0.518573,0.001460,0.305008,0.001114,0.133356,0.002363,0.078579,0.001045,0.282210,0.002385,0.098833,0.000741,7,84
uncertainty_active_selection,heldout_object,deformable_pull_policy,iid_mechanisms,0.583333,0.027889,0.537131,0.004795,0.260015,0.001027,0.110781,0.000965,0.076370,0.002815,0.276876,0.000650,0.089989,0.000682,7,84
uncertainty_active_selection,heldout_object,deformable_pull_policy,intervention_gap,0.510204,0.043333,0.524024,0.001370,0.292466,0.003883,0.128976,0.001487,0.077675,0.001198,0.283247,0.002141,0.096254,0.002666,7,84
uncertainty_active_selection,heldout_object,deformable_pull_policy,material_shift,0.559524,0.032203,0.531123,0.001344,0.282608,0.001027,0.119264,0.002647,0.076073,0.001096,0.276898,0.001841,0.090974,0.001901,7,84
uncertainty_active_selection,heldout_object,deformable_pull_policy,operator_bias_shift,0.585034,0.045664,0.533060,0.001408,0.284983,0.001075,0.123537,0.001807,0.078074,0.001489,0.280969,0.001919,0.091964,0.001890,7,84
uncertainty_active_selection,heldout_object,deformable_pull_policy,rare_contact_mechanism,0.505102,0.037712,0.522517,0.001447,0.284916,0.001104,0.125560,0.002347,0.076467,0.001827,0.280302,0.002533,0.094132,0.000735,7,84
uncertainty_active_selection,heldout_object,force_limited_twist_policy,color_mechanism_confound,0.625850,0.041321,0.530843,0.003748,0.275993,0.001162,0.117207,0.002079,0.076791,0.001227,0.278229,0.002237,0.092953,0.000774,7,84
uncertainty_active_selection,heldout_object,force_limited_twist_policy,compound_spurious_shift,0.547619,0.020994,0.510494,0.001511,0.301071,0.003800,0.129769,0.000653,0.076743,0.002239,0.282182,0.000666,0.096490,0.001890,7,84
uncertainty_active_selection,heldout_object,force_limited_twist_policy,iid_mechanisms,0.630952,0.025459,0.537744,0.003792,0.262597,0.001066,0.109829,0.002825,0.075938,0.000561,0.274384,0.002734,0.086379,0.000708,7,84
uncertainty_active_selection,heldout_object,force_limited_twist_policy,intervention_gap,0.583333,0.029690,0.522705,0.001421,0.293600,0.001085,0.125056,0.001228,0.077825,0.001070,0.281821,0.000783,0.096229,0.002570,7,84
uncertainty_active_selection,heldout_object,force_limited_twist_policy,material_shift,0.573129,0.047881,0.522589,0.001395,0.278329,0.003868,0.117744,0.001534,0.073760,0.001170,0.278176,0.000760,0.094115,0.000644,7,84
uncertainty_active_selection,heldout_object,force_limited_twist_policy,operator_bias_shift,0.586735,0.045461,0.526558,0.001460,0.283944,0.003830,0.119026,0.001218,0.076949,0.000913,0.277665,0.000662,0.096173,0.000676,7,84
uncertainty_active_selection,heldout_object,force_limited_twist_policy,rare_contact_mechanism,0.588435,0.029187,0.526839,0.001498,0.285135,0.001143,0.121807,0.002641,0.078067,0.001048,0.278164,0.001661,0.096912,0.000761,7,84
uncertainty_active_selection,heldout_object,mobile_place_policy,color_mechanism_confound,0.586735,0.031269,0.518846,0.003778,0.277222,0.002827,0.118339,0.000467,0.078120,0.000395,0.279567,0.000499,0.089605,0.001884,7,84
uncertainty_active_selection,heldout_object,mobile_place_policy,compound_spurious_shift,0.520408,0.032886,0.504801,0.001421,0.303599,0.001085,0.132638,0.001288,0.079992,0.001103,0.284266,0.000790,0.098602,0.002570,7,84
uncertainty_active_selection,heldout_object,mobile_place_policy,iid_mechanisms,0.627551,0.030429,0.527042,0.001306,0.264798,0.000999,0.110601,0.001076,0.076069,0.000918,0.277156,0.000671,0.089411,0.000663,7,84
uncertainty_active_selection,heldout_object,mobile_place_policy,intervention_gap,0.527211,0.052845,0.508542,0.004804,0.289775,0.003590,0.126431,0.001739,0.080536,0.001394,0.282247,0.000911,0.096291,0.000622,7,84
uncertainty_active_selection,heldout_object,mobile_place_policy,material_shift,0.539116,0.067110,0.509599,0.001306,0.275385,0.000999,0.117956,0.002653,0.074290,0.001419,0.276680,0.000796,0.091347,0.002404,7,84
uncertainty_active_selection,heldout_object,mobile_place_policy,operator_bias_shift,0.566327,0.030490,0.514064,0.001370,0.279656,0.001047,0.121278,0.002777,0.077530,0.000898,0.277424,0.001765,0.091345,0.000695,7,84
uncertainty_active_selection,heldout_object,mobile_place_policy,rare_contact_mechanism,0.534014,0.025676,0.511441,0.001408,0.285529,0.001075,0.125075,0.001218,0.078102,0.001080,0.282529,0.000799,0.094137,0.002575,7,84
uncertainty_active_selection,heldout_object,peg_search_policy,color_mechanism_confound,0.568027,0.026317,0.501126,0.001408,0.274068,0.001075,0.118784,0.001165,0.076875,0.001032,0.279804,0.000771,0.091070,0.002575,7,84
uncertainty_active_selection,heldout_object,peg_search_policy,compound_spurious_shift,0.537415,0.050516,0.486418,0.001395,0.299947,0.001066,0.132790,0.001986,0.078809,0.001622,0.284958,0.001025,0.097440,0.002580,7,84
uncertainty_active_selection,heldout_object,peg_search_policy,iid_mechanisms,0.639456,0.026317,0.507267,0.001280,0.260102,0.000979,0.110143,0.000965,0.074219,0.000845,0.277203,0.000642,0.088681,0.000649,7,84
uncertainty_active_selection,heldout_object,peg_search_policy,intervention_gap,0.535714,0.058721,0.490093,0.001306,0.291219,0.000999,0.124850,0.001965,0.077277,0.001538,0.280704,0.000913,0.094034,0.000663,7,84
uncertainty_active_selection,heldout_object,peg_search_policy,material_shift,0.624150,0.026387,0.492111,0.003834,0.282695,0.000979,0.114941,0.000996,0.075817,0.002673,0.275996,0.000655,0.093096,0.002627,7,84
uncertainty_active_selection,heldout_object,peg_search_policy,operator_bias_shift,0.573129,0.040870,0.493030,0.005218,0.280876,0.001027,0.121871,0.001283,0.077709,0.002723,0.280323,0.000697,0.094653,0.000682,7,84
uncertainty_active_selection,heldout_object,peg_search_policy,rare_contact_mechanism,0.568027,0.056405,0.494683,0.001383,0.283095,0.001056,0.124465,0.002789,0.077388,0.001350,0.279289,0.002683,0.092664,0.001894,7,84
uncertainty_active_selection,small_budget,contact_grasp_policy,color_mechanism_confound,0.641156,0.026667,0.531071,0.001421,0.270609,0.001085,0.114033,0.000889,0.075890,0.000800,0.277092,0.000652,0.087937,0.002365,7,84
uncertainty_active_selection,small_budget,contact_grasp_policy,compound_spurious_shift,0.595238,0.039441,0.514180,0.001408,0.294850,0.001075,0.127300,0.001068,0.076937,0.000854,0.281307,0.000616,0.096619,0.002369,7,84
uncertainty_active_selection,small_budget,contact_grasp_policy,iid_mechanisms,0.668367,0.025166,0.529227,0.003829,0.255800,0.003929,0.103815,0.003006,0.072289,0.003088,0.269797,0.000643,0.086115,0.002697,7,84
uncertainty_active_selection,small_budget,contact_grasp_policy,intervention_gap,0.579932,0.047140,0.515748,0.004812,0.281112,0.001008,0.124106,0.001664,0.077020,0.002782,0.280709,0.001869,0.095510,0.000669,7,84
uncertainty_active_selection,small_budget,contact_grasp_policy,material_shift,0.627551,0.040000,0.525266,0.001293,0.271352,0.000989,0.114517,0.000887,0.074385,0.000652,0.276729,0.000465,0.089154,0.000656,7,84
uncertainty_active_selection,small_budget,contact_grasp_policy,operator_bias_shift,0.602041,0.027822,0.526707,0.001357,0.273355,0.001037,0.115475,0.000967,0.076947,0.000848,0.275345,0.000656,0.089890,0.000689,7,84
uncertainty_active_selection,small_budget,contact_grasp_policy,rare_contact_mechanism,0.581633,0.035434,0.522804,0.001395,0.278269,0.001066,0.121642,0.001084,0.076749,0.000901,0.279691,0.002074,0.090883,0.002373,7,84
uncertainty_active_selection,small_budget,deformable_pull_policy,color_mechanism_confound,0.578231,0.037712,0.537907,0.004727,0.267428,0.003838,0.114890,0.001419,0.077841,0.001242,0.276952,0.000938,0.087918,0.002404,7,84
uncertainty_active_selection,small_budget,deformable_pull_policy,compound_spurious_shift,0.530612,0.045785,0.524013,0.001434,0.297348,0.001095,0.127789,0.001693,0.078310,0.001387,0.280396,0.000906,0.098190,0.000728,7,84
uncertainty_active_selection,small_budget,deformable_pull_policy,iid_mechanisms,0.619048,0.037761,0.538598,0.001319,0.252804,0.001008,0.106687,0.002932,0.071932,0.001818,0.271932,0.002344,0.086223,0.002612,7,84
uncertainty_active_selection,small_budget,deformable_pull_policy,intervention_gap,0.578231,0.031740,0.525984,0.001344,0.287341,0.001027,0.124295,0.002248,0.075162,0.000693,0.279370,0.002863,0.092768,0.002601,7,84
uncertainty_active_selection,small_budget,deformable_pull_policy,material_shift,0.602041,0.042557,0.536924,0.001319,0.275217,0.001008,0.114834,0.001726,0.075926,0.001428,0.276339,0.000924,0.089372,0.000669,7,84
uncertainty_active_selection,small_budget,deformable_pull_policy,operator_bias_shift,0.557823,0.030732,0.530237,0.001383,0.276270,0.003876,0.120231,0.001297,0.075031,0.001164,0.279082,0.000902,0.092890,0.001903,7,84
uncertainty_active_selection,small_budget,deformable_pull_policy,rare_contact_mechanism,0.552721,0.035590,0.531062,0.001421,0.279584,0.001085,0.120195,0.001419,0.076463,0.001202,0.278778,0.000836,0.093935,0.001888,7,84
uncertainty_active_selection,small_budget,force_limited_twist_policy,color_mechanism_confound,0.629252,0.035434,0.530773,0.001498,0.267689,0.003808,0.114396,0.000970,0.073424,0.000749,0.277436,0.000630,0.088428,0.000696,7,84
uncertainty_active_selection,small_budget,force_limited_twist_policy,compound_spurious_shift,0.568027,0.025820,0.517844,0.005107,0.294903,0.001133,0.125724,0.001330,0.079033,0.002062,0.279212,0.000871,0.096853,0.002343,7,84
uncertainty_active_selection,small_budget,force_limited_twist_policy,iid_mechanisms,0.632653,0.035798,0.538834,0.001370,0.255163,0.003883,0.107707,0.001960,0.073256,0.000973,0.273046,0.002664,0.084734,0.002431,7,84
uncertainty_active_selection,small_budget,force_limited_twist_policy,intervention_gap,0.578231,0.029187,0.517428,0.001395,0.286536,0.003558,0.119978,0.001169,0.076505,0.002389,0.277367,0.000763,0.093694,0.000655,7,84
uncertainty_active_selection,small_budget,force_limited_twist_policy,material_shift,0.625850,0.040689,0.528012,0.005198,0.272431,0.001047,0.112927,0.001559,0.076690,0.001998,0.275064,0.000858,0.090088,0.000695,7,84
uncertainty_active_selection,small_budget,force_limited_twist_policy,operator_bias_shift,0.578231,0.056667,0.530217,0.003778,0.278438,0.003539,0.119764,0.001990,0.078283,0.001547,0.278857,0.000950,0.090127,0.002378,7,84
uncertainty_active_selection,small_budget,force_limited_twist_policy,rare_contact_mechanism,0.593537,0.029439,0.528145,0.001472,0.279579,0.003823,0.117526,0.002012,0.076506,0.001134,0.275757,0.000951,0.094262,0.000683,7,84
uncertainty_active_selection,small_budget,mobile_place_policy,color_mechanism_confound,0.568027,0.036968,0.515332,0.001408,0.266455,0.003551,0.113189,0.001548,0.073269,0.001353,0.275034,0.000986,0.090233,0.000661,7,84
uncertainty_active_selection,small_budget,mobile_place_policy,compound_spurious_shift,0.535714,0.038442,0.499560,0.001395,0.296682,0.003558,0.126997,0.001003,0.077132,0.003038,0.279673,0.000627,0.096141,0.000655,7,84
uncertainty_active_selection,small_budget,mobile_place_policy,iid_mechanisms,0.602041,0.056895,0.522401,0.001280,0.254900,0.003937,0.106291,0.001625,0.072014,0.001178,0.273271,0.000685,0.083772,0.000585,7,84
uncertainty_active_selection,small_budget,mobile_place_policy,intervention_gap,0.581633,0.040231,0.504395,0.001306,0.281963,0.002861,0.122392,0.003680,0.076362,0.003329,0.276666,0.002120,0.094362,0.002412,7,84
uncertainty_active_selection,small_budget,mobile_place_policy,material_shift,0.586735,0.032489,0.520726,0.001280,0.272168,0.000979,0.118627,0.001451,0.077189,0.001234,0.276518,0.002507,0.091412,0.000649,7,84
uncertainty_active_selection,small_budget,mobile_place_policy,operator_bias_shift,0.573129,0.037218,0.516567,0.001344,0.278547,0.003583,0.116712,0.001056,0.076693,0.000773,0.275645,0.000560,0.089418,0.000629,7,84
uncertainty_active_selection,small_budget,mobile_place_policy,rare_contact_mechanism,0.549320,0.041186,0.509304,0.001383,0.282655,0.002840,0.121249,0.001510,0.074757,0.001300,0.279488,0.000928,0.094436,0.000670,7,84
uncertainty_active_selection,small_budget,peg_search_policy,color_mechanism_confound,0.620748,0.026176,0.498551,0.001383,0.269210,0.003564,0.113498,0.001068,0.072417,0.000948,0.276193,0.000764,0.091145,0.000648,7,84
uncertainty_active_selection,small_budget,peg_search_policy,compound_spurious_shift,0.542517,0.048800,0.484403,0.001370,0.297224,0.002844,0.129352,0.001532,0.075770,0.001248,0.282104,0.000847,0.097830,0.000664,7,84
uncertainty_active_selection,small_budget,peg_search_policy,iid_mechanisms,0.680272,0.042120,0.505852,0.001255,0.257829,0.002876,0.105963,0.001531,0.070736,0.001229,0.274292,0.000799,0.084803,0.000605,7,84
uncertainty_active_selection,small_budget,peg_search_policy,intervention_gap,0.581633,0.043333,0.493746,0.005269,0.287601,0.000979,0.121819,0.002647,0.078535,0.002366,0.276845,0.002205,0.094956,0.001914,7,84
uncertainty_active_selection,small_budget,peg_search_policy,material_shift,0.585034,0.039252,0.504178,0.001255,0.269952,0.000960,0.114645,0.002926,0.077110,0.000964,0.273764,0.000669,0.092361,0.000636,7,84
uncertainty_active_selection,small_budget,peg_search_policy,operator_bias_shift,0.571429,0.044680,0.491899,0.001319,0.273671,0.001008,0.119931,0.002818,0.075181,0.001922,0.276835,0.002598,0.091982,0.002400,7,84
uncertainty_active_selection,small_budget,peg_search_policy,rare_contact_mechanism,0.556122,0.030852,0.495772,0.001357,0.282701,0.002847,0.120954,0.002334,0.076317,0.001099,0.277014,0.002313,0.090069,0.001898,7,84
